-- --------------------------------------------------------
-- Host:                         127.0.0.1
-- Versión del servidor:         8.0.43 - MySQL Community Server - GPL
-- SO del servidor:              Win64
-- HeidiSQL Versión:             12.5.0.6677
-- --------------------------------------------------------

/*!40101 SET @OLD_CHARACTER_SET_CLIENT=@@CHARACTER_SET_CLIENT */;
/*!40101 SET NAMES utf8 */;
/*!50503 SET NAMES utf8mb4 */;
/*!40103 SET @OLD_TIME_ZONE=@@TIME_ZONE */;
/*!40103 SET TIME_ZONE='+00:00' */;
/*!40014 SET @OLD_FOREIGN_KEY_CHECKS=@@FOREIGN_KEY_CHECKS, FOREIGN_KEY_CHECKS=0 */;
/*!40101 SET @OLD_SQL_MODE=@@SQL_MODE, SQL_MODE='NO_AUTO_VALUE_ON_ZERO' */;
/*!40111 SET @OLD_SQL_NOTES=@@SQL_NOTES, SQL_NOTES=0 */;


-- Volcando estructura de base de datos para hospitalbd
CREATE DATABASE IF NOT EXISTS `hospitalbd` /*!40100 DEFAULT CHARACTER SET utf8mb4 COLLATE utf8mb4_general_ci */ /*!80016 DEFAULT ENCRYPTION='N' */;
USE `hospitalbd`;

-- Volcando estructura para tabla hospitalbd.auth_group
CREATE TABLE IF NOT EXISTS `auth_group` (
  `id` int NOT NULL AUTO_INCREMENT,
  `name` varchar(150) COLLATE utf8mb4_general_ci NOT NULL,
  PRIMARY KEY (`id`),
  UNIQUE KEY `name` (`name`)
) ENGINE=InnoDB DEFAULT CHARSET=utf8mb4 COLLATE=utf8mb4_general_ci;

-- Volcando datos para la tabla hospitalbd.auth_group: ~0 rows (aproximadamente)

-- Volcando estructura para tabla hospitalbd.auth_group_permissions
CREATE TABLE IF NOT EXISTS `auth_group_permissions` (
  `id` bigint NOT NULL AUTO_INCREMENT,
  `group_id` int NOT NULL,
  `permission_id` int NOT NULL,
  PRIMARY KEY (`id`),
  UNIQUE KEY `auth_group_permissions_group_id_permission_id_0cd325b0_uniq` (`group_id`,`permission_id`),
  KEY `auth_group_permissio_permission_id_84c5c92e_fk_auth_perm` (`permission_id`),
  CONSTRAINT `auth_group_permissio_permission_id_84c5c92e_fk_auth_perm` FOREIGN KEY (`permission_id`) REFERENCES `auth_permission` (`id`),
  CONSTRAINT `auth_group_permissions_group_id_b120cbf9_fk_auth_group_id` FOREIGN KEY (`group_id`) REFERENCES `auth_group` (`id`)
) ENGINE=InnoDB DEFAULT CHARSET=utf8mb4 COLLATE=utf8mb4_general_ci;

-- Volcando datos para la tabla hospitalbd.auth_group_permissions: ~0 rows (aproximadamente)

-- Volcando estructura para tabla hospitalbd.auth_permission
CREATE TABLE IF NOT EXISTS `auth_permission` (
  `id` int NOT NULL AUTO_INCREMENT,
  `name` varchar(255) COLLATE utf8mb4_general_ci NOT NULL,
  `content_type_id` int NOT NULL,
  `codename` varchar(100) COLLATE utf8mb4_general_ci NOT NULL,
  PRIMARY KEY (`id`),
  UNIQUE KEY `auth_permission_content_type_id_codename_01ab375a_uniq` (`content_type_id`,`codename`),
  CONSTRAINT `auth_permission_content_type_id_2f476e4b_fk_django_co` FOREIGN KEY (`content_type_id`) REFERENCES `django_content_type` (`id`)
) ENGINE=InnoDB AUTO_INCREMENT=137 DEFAULT CHARSET=utf8mb4 COLLATE=utf8mb4_general_ci;

-- Volcando datos para la tabla hospitalbd.auth_permission: ~136 rows (aproximadamente)
INSERT INTO `auth_permission` (`id`, `name`, `content_type_id`, `codename`) VALUES
	(1, 'Can add log entry', 1, 'add_logentry'),
	(2, 'Can change log entry', 1, 'change_logentry'),
	(3, 'Can delete log entry', 1, 'delete_logentry'),
	(4, 'Can view log entry', 1, 'view_logentry'),
	(5, 'Can add permission', 2, 'add_permission'),
	(6, 'Can change permission', 2, 'change_permission'),
	(7, 'Can delete permission', 2, 'delete_permission'),
	(8, 'Can view permission', 2, 'view_permission'),
	(9, 'Can add group', 3, 'add_group'),
	(10, 'Can change group', 3, 'change_group'),
	(11, 'Can delete group', 3, 'delete_group'),
	(12, 'Can view group', 3, 'view_group'),
	(13, 'Can add content type', 4, 'add_contenttype'),
	(14, 'Can change content type', 4, 'change_contenttype'),
	(15, 'Can delete content type', 4, 'delete_contenttype'),
	(16, 'Can view content type', 4, 'view_contenttype'),
	(17, 'Can add session', 5, 'add_session'),
	(18, 'Can change session', 5, 'change_session'),
	(19, 'Can delete session', 5, 'delete_session'),
	(20, 'Can view session', 5, 'view_session'),
	(21, 'Can add roles profesionales', 6, 'add_rolesprofesionales'),
	(22, 'Can change roles profesionales', 6, 'change_rolesprofesionales'),
	(23, 'Can delete roles profesionales', 6, 'delete_rolesprofesionales'),
	(24, 'Can view roles profesionales', 6, 'view_rolesprofesionales'),
	(25, 'Can add tipos usuarios', 7, 'add_tiposusuarios'),
	(26, 'Can change tipos usuarios', 7, 'change_tiposusuarios'),
	(27, 'Can delete tipos usuarios', 7, 'delete_tiposusuarios'),
	(28, 'Can view tipos usuarios', 7, 'view_tiposusuarios'),
	(29, 'Can add usuario', 8, 'add_usuario'),
	(30, 'Can change usuario', 8, 'change_usuario'),
	(31, 'Can delete usuario', 8, 'delete_usuario'),
	(32, 'Can view usuario', 8, 'view_usuario'),
	(33, 'Can add Persona', 9, 'add_persona'),
	(34, 'Can change Persona', 9, 'change_persona'),
	(35, 'Can delete Persona', 9, 'delete_persona'),
	(36, 'Can view Persona', 9, 'view_persona'),
	(37, 'Can add paciente', 10, 'add_paciente'),
	(38, 'Can change paciente', 10, 'change_paciente'),
	(39, 'Can delete paciente', 10, 'delete_paciente'),
	(40, 'Can view paciente', 10, 'view_paciente'),
	(41, 'Can add menor a cargo de paciente', 11, 'add_menoracargodepaciente'),
	(42, 'Can change menor a cargo de paciente', 11, 'change_menoracargodepaciente'),
	(43, 'Can delete menor a cargo de paciente', 11, 'delete_menoracargodepaciente'),
	(44, 'Can view menor a cargo de paciente', 11, 'view_menoracargodepaciente'),
	(45, 'Can add consultas', 12, 'add_consultas'),
	(46, 'Can change consultas', 12, 'change_consultas'),
	(47, 'Can delete consultas', 12, 'delete_consultas'),
	(48, 'Can view consultas', 12, 'view_consultas'),
	(49, 'Can add departamento', 13, 'add_departamento'),
	(50, 'Can change departamento', 13, 'change_departamento'),
	(51, 'Can delete departamento', 13, 'delete_departamento'),
	(52, 'Can view departamento', 13, 'view_departamento'),
	(53, 'Can add jorna_laboral', 14, 'add_jorna_laboral'),
	(54, 'Can change jorna_laboral', 14, 'change_jorna_laboral'),
	(55, 'Can delete jorna_laboral', 14, 'delete_jorna_laboral'),
	(56, 'Can view jorna_laboral', 14, 'view_jorna_laboral'),
	(57, 'Can add resultado imagen', 15, 'add_resultadoimagen'),
	(58, 'Can change resultado imagen', 15, 'change_resultadoimagen'),
	(59, 'Can delete resultado imagen', 15, 'delete_resultadoimagen'),
	(60, 'Can view resultado imagen', 15, 'view_resultadoimagen'),
	(61, 'Can add especialidades', 16, 'add_especialidades'),
	(62, 'Can change especialidades', 16, 'change_especialidades'),
	(63, 'Can delete especialidades', 16, 'delete_especialidades'),
	(64, 'Can view especialidades', 16, 'view_especialidades'),
	(65, 'Can add estudios diagnosticos', 17, 'add_estudiosdiagnosticos'),
	(66, 'Can change estudios diagnosticos', 17, 'change_estudiosdiagnosticos'),
	(67, 'Can delete estudios diagnosticos', 17, 'delete_estudiosdiagnosticos'),
	(68, 'Can view estudios diagnosticos', 17, 'view_estudiosdiagnosticos'),
	(69, 'Can add lugar', 18, 'add_lugar'),
	(70, 'Can change lugar', 18, 'change_lugar'),
	(71, 'Can delete lugar', 18, 'delete_lugar'),
	(72, 'Can view lugar', 18, 'view_lugar'),
	(73, 'Can add medicaciones', 19, 'add_medicaciones'),
	(74, 'Can change medicaciones', 19, 'change_medicaciones'),
	(75, 'Can delete medicaciones', 19, 'delete_medicaciones'),
	(76, 'Can view medicaciones', 19, 'view_medicaciones'),
	(77, 'Can add orden estudio', 20, 'add_ordenestudio'),
	(78, 'Can change orden estudio', 20, 'change_ordenestudio'),
	(79, 'Can delete orden estudio', 20, 'delete_ordenestudio'),
	(80, 'Can view orden estudio', 20, 'view_ordenestudio'),
	(81, 'Can add plantilla estudio', 21, 'add_plantillaestudio'),
	(82, 'Can change plantilla estudio', 21, 'change_plantillaestudio'),
	(83, 'Can delete plantilla estudio', 21, 'delete_plantillaestudio'),
	(84, 'Can view plantilla estudio', 21, 'view_plantillaestudio'),
	(85, 'Can add servicio diagnostico', 22, 'add_serviciodiagnostico'),
	(86, 'Can change servicio diagnostico', 22, 'change_serviciodiagnostico'),
	(87, 'Can delete servicio diagnostico', 22, 'delete_serviciodiagnostico'),
	(88, 'Can view servicio diagnostico', 22, 'view_serviciodiagnostico'),
	(89, 'Can add turno', 23, 'add_turno'),
	(90, 'Can change turno', 23, 'change_turno'),
	(91, 'Can delete turno', 23, 'delete_turno'),
	(92, 'Can view turno', 23, 'view_turno'),
	(93, 'Can add turno estudio', 24, 'add_turnoestudio'),
	(94, 'Can change turno estudio', 24, 'change_turnoestudio'),
	(95, 'Can delete turno estudio', 24, 'delete_turnoestudio'),
	(96, 'Can view turno estudio', 24, 'view_turnoestudio'),
	(97, 'Can add resultado estudio', 25, 'add_resultadoestudio'),
	(98, 'Can change resultado estudio', 25, 'change_resultadoestudio'),
	(99, 'Can delete resultado estudio', 25, 'delete_resultadoestudio'),
	(100, 'Can view resultado estudio', 25, 'view_resultadoestudio'),
	(101, 'Can add usuario lugar trabajo asignado', 26, 'add_usuariolugartrabajoasignado'),
	(102, 'Can change usuario lugar trabajo asignado', 26, 'change_usuariolugartrabajoasignado'),
	(103, 'Can delete usuario lugar trabajo asignado', 26, 'delete_usuariolugartrabajoasignado'),
	(104, 'Can view usuario lugar trabajo asignado', 26, 'view_usuariolugartrabajoasignado'),
	(105, 'Can add usuario rol profesional asignado', 27, 'add_usuariorolprofesionalasignado'),
	(106, 'Can change usuario rol profesional asignado', 27, 'change_usuariorolprofesionalasignado'),
	(107, 'Can delete usuario rol profesional asignado', 27, 'delete_usuariorolprofesionalasignado'),
	(108, 'Can view usuario rol profesional asignado', 27, 'view_usuariorolprofesionalasignado'),
	(109, 'Can add asignaciones habitaciones', 28, 'add_asignacioneshabitaciones'),
	(110, 'Can change asignaciones habitaciones', 28, 'change_asignacioneshabitaciones'),
	(111, 'Can delete asignaciones habitaciones', 28, 'delete_asignacioneshabitaciones'),
	(112, 'Can view asignaciones habitaciones', 28, 'view_asignacioneshabitaciones'),
	(113, 'Can add observaciones enfermero', 29, 'add_observacionesenfermero'),
	(114, 'Can change observaciones enfermero', 29, 'change_observacionesenfermero'),
	(115, 'Can delete observaciones enfermero', 29, 'delete_observacionesenfermero'),
	(116, 'Can view observaciones enfermero', 29, 'view_observacionesenfermero'),
	(117, 'Can add asignacion enfermero', 30, 'add_asignacionenfermero'),
	(118, 'Can change asignacion enfermero', 30, 'change_asignacionenfermero'),
	(119, 'Can delete asignacion enfermero', 30, 'delete_asignacionenfermero'),
	(120, 'Can view asignacion enfermero', 30, 'view_asignacionenfermero'),
	(121, 'Can add alta administrativa', 31, 'add_altaadministrativa'),
	(122, 'Can change alta administrativa', 31, 'change_altaadministrativa'),
	(123, 'Can delete alta administrativa', 31, 'delete_altaadministrativa'),
	(124, 'Can view alta administrativa', 31, 'view_altaadministrativa'),
	(125, 'Can add observaciones medico', 32, 'add_observacionesmedico'),
	(126, 'Can change observaciones medico', 32, 'change_observacionesmedico'),
	(127, 'Can delete observaciones medico', 32, 'delete_observacionesmedico'),
	(128, 'Can view observaciones medico', 32, 'view_observacionesmedico'),
	(129, 'Can add asignacion medico', 33, 'add_asignacionmedico'),
	(130, 'Can change asignacion medico', 33, 'change_asignacionmedico'),
	(131, 'Can delete asignacion medico', 33, 'delete_asignacionmedico'),
	(132, 'Can view asignacion medico', 33, 'view_asignacionmedico'),
	(133, 'Can add alta medica', 34, 'add_altamedica'),
	(134, 'Can change alta medica', 34, 'change_altamedica'),
	(135, 'Can delete alta medica', 34, 'delete_altamedica'),
	(136, 'Can view alta medica', 34, 'view_altamedica');

-- Volcando estructura para tabla hospitalbd.controlusuario_persona
CREATE TABLE IF NOT EXISTS `controlusuario_persona` (
  `id` bigint NOT NULL AUTO_INCREMENT,
  `password` varchar(128) COLLATE utf8mb4_general_ci NOT NULL,
  `last_login` datetime(6) DEFAULT NULL,
  `is_superuser` tinyint(1) NOT NULL,
  `first_name` varchar(150) COLLATE utf8mb4_general_ci NOT NULL,
  `last_name` varchar(150) COLLATE utf8mb4_general_ci NOT NULL,
  `email` varchar(254) COLLATE utf8mb4_general_ci NOT NULL,
  `is_staff` tinyint(1) NOT NULL,
  `is_active` tinyint(1) NOT NULL,
  `date_joined` datetime(6) NOT NULL,
  `dni` varchar(8) COLLATE utf8mb4_general_ci NOT NULL,
  `login_id` varchar(100) COLLATE utf8mb4_general_ci DEFAULT NULL,
  `fecha_nacimiento` date NOT NULL,
  `sexo` varchar(10) COLLATE utf8mb4_general_ci NOT NULL,
  `telefono` varchar(20) COLLATE utf8mb4_general_ci DEFAULT NULL,
  PRIMARY KEY (`id`),
  UNIQUE KEY `dni` (`dni`),
  UNIQUE KEY `login_id` (`login_id`),
  UNIQUE KEY `telefono` (`telefono`)
) ENGINE=InnoDB AUTO_INCREMENT=213 DEFAULT CHARSET=utf8mb4 COLLATE=utf8mb4_general_ci;

-- Volcando datos para la tabla hospitalbd.controlusuario_persona: ~189 rows (aproximadamente)
INSERT INTO `controlusuario_persona` (`id`, `password`, `last_login`, `is_superuser`, `first_name`, `last_name`, `email`, `is_staff`, `is_active`, `date_joined`, `dni`, `login_id`, `fecha_nacimiento`, `sexo`, `telefono`) VALUES
	(1, 'pbkdf2_sha256$1000000$NJpA1LB2U2rUU848fbgLJw$hPq0hYWcd8Lm2skeGTS3xoZevtjjnhxKVzQwNHWy0rs=', '2025-12-12 20:54:26.078547', 1, 'Jose', 'Perez', 'jperez@gmail.com', 1, 1, '2025-10-20 17:41:56.000000', '37567897', '1000', '1990-05-10', 'M', '32321212'),
	(2, 'pbkdf2_sha256$1000000$CaCLE5vn0GfV6uneoYtTAv$TjRd6FY1l1nNDH43NvZT5p0vN/tQCDa09Hfg+awkptU=', '2025-12-12 20:38:47.729151', 0, 'Koko', 'Kokin', 'koko@gmail.com', 0, 1, '2025-10-05 20:19:25.000000', '37534441', '1005', '2000-02-02', 'M', '21456722'),
	(3, 'pbkdf2_sha256$1000000$pgo4nK4idXCB3lo8fHlYqx$G3PTx+kNqA4IRhNdLRA6xAV8VOyLdvt3BoMqlJz7/vs=', '2025-12-11 20:06:11.039953', 0, 'Maximiliano', 'Acuña', 'maxi@gmail.com', 0, 1, '2025-10-05 20:26:53.003608', '45912425', 'maxi@gmail.com', '2004-06-29', 'M', '25160879'),
	(4, 'pbkdf2_sha256$870000$G8Qe3cr96CK4XgZCWvd55M$ILZMWEMdgvHGBNcS9fz+aJ4c4ok5CYaFN4dhlBl+VQs=', NULL, 0, 'Walter', 'White', 'white@gmail.com', 0, 0, '2025-10-16 19:34:21.715930', '33567321', '1006', '1997-07-07', 'M', '12315678'),
	(5, 'pbkdf2_sha256$870000$6owtJpqaUdvf42E0WhDN43$mnIzEVnyM2+ZcXZt+gxUdtz9ydYv+dLytZDXUAN4gDs=', NULL, 0, 'Roberto', 'Carlos', 'roberto@gmail.com', 0, 0, '2025-10-18 19:58:23.572206', '35678912', '1007', '2000-05-05', 'M', '12345562'),
	(6, 'pbkdf2_sha256$870000$4zFFP3s5pQbcBYIa6S21gp$YYhW6RV7T8K1P+ACpR2MN/X3ELO1aNvqrY7WWNQ9CHs=', '2025-10-23 19:05:21.744149', 0, 'Ricardo', 'Diaz', 'ricky@gmail.com', 0, 1, '2025-10-05 20:19:25.000000', '40500321', '1008', '2000-02-02', 'M', '40027000'),
	(7, 'pbkdf2_sha256$870000$cawHt0i7nNmFyBRrBBKNyM$kHy4GYBvOoVdXkYsuZ6jzGoYB0sf0qJ+S5YoRJdBNJ8=', NULL, 0, 'Carla', 'Sosa', 'carla.sosa@gmail.com', 0, 0, '2025-10-05 20:19:25.000000', '40500322', '1009', '1998-04-15', 'F', '40027001'),
	(8, 'pbkdf2_sha256$1000000$2TZ0d31OQx8ffRCzWED0vB$q5XfucALYIvX2Ye3eZjYysg1t/4uWt4nA0w2tEzV9PE=', '2025-12-12 02:56:16.867588', 0, 'Mariano', 'Ruiz', 'mariano.ruiz@gmail.com', 0, 1, '2025-10-05 20:19:25.000000', '40500323', '1010', '1995-10-21', 'M', '40027002'),
	(9, 'pbkdf2_sha256$870000$cawHt0i7nNmFyBRrBBKNyM$kHy4GYBvOoVdXkYsuZ6jzGoYB0sf0qJ+S5YoRJdBNJ8=', NULL, 0, 'Lucia', 'Fernandez', 'lucia.fernandez@gmail.com', 0, 0, '2025-10-05 20:19:25.000000', '40500324', '1011', '1999-07-08', 'F', '40027003'),
	(10, 'pbkdf2_sha256$870000$cawHt0i7nNmFyBRrBBKNyM$kHy4GYBvOoVdXkYsuZ6jzGoYB0sf0qJ+S5YoRJdBNJ8=', NULL, 0, 'Sergio', 'Lopez', 'sergio.lopez@gmail.com', 0, 1, '2025-10-05 20:19:25.000000', '40500325', '1012', '1988-03-12', 'M', '40027004'),
	(11, 'pbkdf2_sha256$1000000$AmwnmJOlKJl55snuUHNsvn$tFrK3992O+RdTrDDZAaawQH7MgrH+bHfPGN2Cf8DS2g=', '2025-12-12 03:02:45.225732', 0, 'Valeria', 'Mendez', 'valeria.mendez@gmail.com', 0, 1, '2025-10-05 20:19:25.000000', '40500326', '1013', '1997-09-25', 'F', '40027005'),
	(12, 'pbkdf2_sha256$870000$cawHt0i7nNmFyBRrBBKNyM$kHy4GYBvOoVdXkYsuZ6jzGoYB0sf0qJ+S5YoRJdBNJ8=', NULL, 0, 'Pablo', 'Castro', 'pablo.castro@gmail.com', 0, 0, '2025-10-05 20:19:25.000000', '40500327', '1014', '1992-01-05', 'M', '40027006'),
	(13, 'pbkdf2_sha256$870000$cawHt0i7nNmFyBRrBBKNyM$kHy4GYBvOoVdXkYsuZ6jzGoYB0sf0qJ+S5YoRJdBNJ8=', NULL, 0, 'Natalia', 'Romero', 'natalia.romero@gmail.com', 0, 0, '2025-10-05 20:19:25.000000', '40500328', '1015', '1996-06-16', 'F', '40027007'),
	(14, 'pbkdf2_sha256$870000$cawHt0i7nNmFyBRrBBKNyM$kHy4GYBvOoVdXkYsuZ6jzGoYB0sf0qJ+S5YoRJdBNJ8=', NULL, 0, 'Gustavo', 'Ramos', 'gustavo.ramos@gmail.com', 0, 0, '2025-10-05 20:19:25.000000', '40500329', '1016', '1990-12-09', 'M', '40027008'),
	(15, 'pbkdf2_sha256$870000$cawHt0i7nNmFyBRrBBKNyM$kHy4GYBvOoVdXkYsuZ6jzGoYB0sf0qJ+S5YoRJdBNJ8=', NULL, 0, 'Florencia', 'Peralta', 'flor.peralta@gmail.com', 0, 0, '2025-10-05 20:19:25.000000', '40500330', '1017', '1994-05-10', 'F', '40027009'),
	(16, 'pbkdf2_sha256$870000$cawHt0i7nNmFyBRrBBKNyM$kHy4GYBvOoVdXkYsuZ6jzGoYB0sf0qJ+S5YoRJdBNJ8=', NULL, 0, 'Martin', 'Acuña', 'martin.acuna@gmail.com', 0, 0, '2025-10-05 20:19:25.000000', '40500331', '1018', '1991-11-30', 'M', '40027010'),
	(17, 'pbkdf2_sha256$870000$cawHt0i7nNmFyBRrBBKNyM$kHy4GYBvOoVdXkYsuZ6jzGoYB0sf0qJ+S5YoRJdBNJ8=', NULL, 0, 'Rocio', 'Gimenez', 'rocio.gimenez@gmail.com', 0, 0, '2025-10-05 20:19:25.000000', '40500332', '1019', '1993-07-14', 'F', '40027011'),
	(18, 'pbkdf2_sha256$870000$cawHt0i7nNmFyBRrBBKNyM$kHy4GYBvOoVdXkYsuZ6jzGoYB0sf0qJ+S5YoRJdBNJ8=', NULL, 0, 'Agustin', 'Ortiz', 'agustin.ortiz@gmail.com', 0, 0, '2025-10-05 20:19:25.000000', '40500333', '1020', '1998-08-09', 'M', '40027012'),
	(19, 'pbkdf2_sha256$870000$cawHt0i7nNmFyBRrBBKNyM$kHy4GYBvOoVdXkYsuZ6jzGoYB0sf0qJ+S5YoRJdBNJ8=', NULL, 0, 'Camila', 'Suarez', 'camila.suarez@gmail.com', 0, 0, '2025-10-05 20:19:25.000000', '40500334', '1021', '1999-01-28', 'F', '40027013'),
	(20, 'pbkdf2_sha256$870000$cawHt0i7nNmFyBRrBBKNyM$kHy4GYBvOoVdXkYsuZ6jzGoYB0sf0qJ+S5YoRJdBNJ8=', NULL, 0, 'Javier', 'Benitez', 'javier.benitez@gmail.com', 0, 0, '2025-10-05 20:19:25.000000', '40500335', '1022', '1989-10-18', 'M', '40027014'),
	(21, 'pbkdf2_sha256$870000$cawHt0i7nNmFyBRrBBKNyM$kHy4GYBvOoVdXkYsuZ6jzGoYB0sf0qJ+S5YoRJdBNJ8=', NULL, 0, 'Melina', 'Herrera', 'melina.herrera@gmail.com', 0, 0, '2025-10-05 20:19:25.000000', '40500336', '1023', '1995-04-24', 'F', '40027015'),
	(22, 'pbkdf2_sha256$870000$cawHt0i7nNmFyBRrBBKNyM$kHy4GYBvOoVdXkYsuZ6jzGoYB0sf0qJ+S5YoRJdBNJ8=', NULL, 0, 'Ezequiel', 'Morales', 'ezequiel.morales@gmail.com', 0, 0, '2025-10-05 20:19:25.000000', '40500337', '1024', '1997-12-03', 'M', '40027016'),
	(23, 'pbkdf2_sha256$870000$cawHt0i7nNmFyBRrBBKNyM$kHy4GYBvOoVdXkYsuZ6jzGoYB0sf0qJ+S5YoRJdBNJ8=', NULL, 0, 'Antonella', 'Cruz', 'antonella.cruz@gmail.com', 0, 0, '2025-10-05 20:19:25.000000', '40500338', '1025', '1994-11-19', 'F', '40027017'),
	(24, 'pbkdf2_sha256$870000$cawHt0i7nNmFyBRrBBKNyM$kHy4GYBvOoVdXkYsuZ6jzGoYB0sf0qJ+S5YoRJdBNJ8=', NULL, 0, 'Nicolas', 'Vega', 'nicolas.vega@gmail.com', 0, 0, '2025-10-05 20:19:25.000000', '40500339', '1026', '1991-02-15', 'M', '40027018'),
	(25, 'pbkdf2_sha256$870000$cawHt0i7nNmFyBRrBBKNyM$kHy4GYBvOoVdXkYsuZ6jzGoYB0sf0qJ+S5YoRJdBNJ8=', NULL, 0, 'Micaela', 'Torres', 'micaela.torres@gmail.com', 0, 0, '2025-10-05 20:19:25.000000', '40500340', '1027', '1996-09-03', 'F', '40027019'),
	(26, 'pbkdf2_sha256$870000$cawHt0i7nNmFyBRrBBKNyM$kHy4GYBvOoVdXkYsuZ6jzGoYB0sf0qJ+S5YoRJdBNJ8=', NULL, 0, 'Franco', 'Aguilar', 'franco.aguilar@gmail.com', 0, 0, '2025-10-05 20:19:25.000000', '40500341', '1028', '1993-06-11', 'M', '40027020'),
	(27, 'pbkdf2_sha256$870000$cawHt0i7nNmFyBRrBBKNyM$kHy4GYBvOoVdXkYsuZ6jzGoYB0sf0qJ+S5YoRJdBNJ8=', NULL, 0, 'Pamela', 'Luna', 'pamela.luna@gmail.com', 0, 0, '2025-10-05 20:19:25.000000', '40500342', '1029', '1990-05-28', 'F', '40027021'),
	(28, 'pbkdf2_sha256$870000$cawHt0i7nNmFyBRrBBKNyM$kHy4GYBvOoVdXkYsuZ6jzGoYB0sf0qJ+S5YoRJdBNJ8=', NULL, 0, 'Federico', 'Navarro', 'federico.navarro@gmail.com', 0, 0, '2025-10-05 20:19:25.000000', '40500343', '1030', '1992-08-02', 'M', '40027022'),
	(29, 'pbkdf2_sha256$870000$cawHt0i7nNmFyBRrBBKNyM$kHy4GYBvOoVdXkYsuZ6jzGoYB0sf0qJ+S5YoRJdBNJ8=', NULL, 0, 'Carolina', 'Molina', 'carolina.molina@gmail.com', 0, 0, '2025-10-05 20:19:25.000000', '40500344', '1031', '1998-01-10', 'F', '40027023'),
	(30, 'pbkdf2_sha256$870000$cawHt0i7nNmFyBRrBBKNyM$kHy4GYBvOoVdXkYsuZ6jzGoYB0sf0qJ+S5YoRJdBNJ8=', NULL, 0, 'Andres', 'Leiva', 'andres.leiva@gmail.com', 0, 0, '2025-10-05 20:19:25.000000', '40500345', '1032', '1989-03-09', 'M', '40027024'),
	(31, 'pbkdf2_sha256$870000$cawHt0i7nNmFyBRrBBKNyM$kHy4GYBvOoVdXkYsuZ6jzGoYB0sf0qJ+S5YoRJdBNJ8=', NULL, 0, 'Lorena', 'Campos', 'lorena.campos@gmail.com', 0, 0, '2025-10-05 20:19:25.000000', '40500346', '1033', '1994-12-22', 'F', '40027025'),
	(32, 'pbkdf2_sha256$870000$cawHt0i7nNmFyBRrBBKNyM$kHy4GYBvOoVdXkYsuZ6jzGoYB0sf0qJ+S5YoRJdBNJ8=', NULL, 0, 'Tomas', 'Rojas', 'tomas.rojas@gmail.com', 0, 0, '2025-10-05 20:19:25.000000', '40500347', '1034', '1997-07-05', 'M', '40027026'),
	(33, 'pbkdf2_sha256$870000$cawHt0i7nNmFyBRrBBKNyM$kHy4GYBvOoVdXkYsuZ6jzGoYB0sf0qJ+S5YoRJdBNJ8=', NULL, 0, 'Brenda', 'Acosta', 'brenda.acosta@gmail.com', 0, 0, '2025-10-05 20:19:25.000000', '40500348', '1035', '1993-09-01', 'F', '40027027'),
	(34, 'pbkdf2_sha256$870000$cawHt0i7nNmFyBRrBBKNyM$kHy4GYBvOoVdXkYsuZ6jzGoYB0sf0qJ+S5YoRJdBNJ8=', NULL, 0, 'Cristian', 'Paredes', 'cristian.paredes@gmail.com', 0, 0, '2025-10-05 20:19:25.000000', '40500349', '1036', '1990-10-17', 'M', '40027028'),
	(35, 'pbkdf2_sha256$870000$cawHt0i7nNmFyBRrBBKNyM$kHy4GYBvOoVdXkYsuZ6jzGoYB0sf0qJ+S5YoRJdBNJ8=', NULL, 0, 'Marcos', 'Gimenez', 'marcos.gimenez@example.com', 0, 0, '2025-10-05 20:19:25.000000', '40900230', '1037', '1990-03-12', 'M', '40027030'),
	(36, 'pbkdf2_sha256$870000$cawHt0i7nNmFyBRrBBKNyM$kHy4GYBvOoVdXkYsuZ6jzGoYB0sf0qJ+S5YoRJdBNJ8=', NULL, 0, 'Lucia', 'Acosta', 'lucia.acosta@example.com', 0, 0, '2025-10-05 20:19:25.000000', '40900231', '1038', '1992-06-15', 'F', '40027031'),
	(37, 'pbkdf2_sha256$870000$cawHt0i7nNmFyBRrBBKNyM$kHy4GYBvOoVdXkYsuZ6jzGoYB0sf0qJ+S5YoRJdBNJ8=', NULL, 0, 'Nicolas', 'Farias', 'nicolas.farias@example.com', 0, 0, '2025-10-05 20:19:25.000000', '40900232', '1039', '1989-07-09', 'M', '40027032'),
	(38, 'pbkdf2_sha256$870000$cawHt0i7nNmFyBRrBBKNyM$kHy4GYBvOoVdXkYsuZ6jzGoYB0sf0qJ+S5YoRJdBNJ8=', NULL, 0, 'Camila', 'Benitez', 'camila.benitez@example.com', 0, 0, '2025-10-05 20:19:25.000000', '40900233', '1040', '1994-09-21', 'F', '40027033'),
	(39, 'pbkdf2_sha256$870000$cawHt0i7nNmFyBRrBBKNyM$kHy4GYBvOoVdXkYsuZ6jzGoYB0sf0qJ+S5YoRJdBNJ8=', NULL, 0, 'Matias', 'Romero', 'matias.romero@example.com', 0, 0, '2025-10-05 20:19:25.000000', '40900234', '1041', '1991-02-17', 'M', '40027034'),
	(40, 'pbkdf2_sha256$870000$cawHt0i7nNmFyBRrBBKNyM$kHy4GYBvOoVdXkYsuZ6jzGoYB0sf0qJ+S5YoRJdBNJ8=', NULL, 0, 'Sofia', 'Vega', 'sofia.vega@example.com', 0, 0, '2025-10-05 20:19:25.000000', '40900235', '1042', '1995-12-10', 'F', '40027035'),
	(41, 'pbkdf2_sha256$870000$cawHt0i7nNmFyBRrBBKNyM$kHy4GYBvOoVdXkYsuZ6jzGoYB0sf0qJ+S5YoRJdBNJ8=', NULL, 0, 'Joaquin', 'Sosa', 'joaquin.sosa@example.com', 0, 0, '2025-10-05 20:19:25.000000', '40900236', '1043', '1993-11-04', 'M', '40027036'),
	(42, 'pbkdf2_sha256$870000$cawHt0i7nNmFyBRrBBKNyM$kHy4GYBvOoVdXkYsuZ6jzGoYB0sf0qJ+S5YoRJdBNJ8=', NULL, 0, 'Valentina', 'Ruiz', 'valentina.ruiz@example.com', 0, 0, '2025-10-05 20:19:25.000000', '40900237', '1044', '1996-01-22', 'F', '40027037'),
	(43, 'pbkdf2_sha256$870000$cawHt0i7nNmFyBRrBBKNyM$kHy4GYBvOoVdXkYsuZ6jzGoYB0sf0qJ+S5YoRJdBNJ8=', NULL, 0, 'Agustin', 'Lopez', 'agustin.lopez@example.com', 0, 0, '2025-10-05 20:19:25.000000', '40900238', '1045', '1990-04-18', 'M', '40027038'),
	(44, 'pbkdf2_sha256$870000$cawHt0i7nNmFyBRrBBKNyM$kHy4GYBvOoVdXkYsuZ6jzGoYB0sf0qJ+S5YoRJdBNJ8=', NULL, 0, 'Carla', 'Pereyra', 'carla.pereyra@example.com', 0, 0, '2025-10-05 20:19:25.000000', '40900239', '1046', '1997-08-09', 'F', '40027039'),
	(45, 'pbkdf2_sha256$870000$cawHt0i7nNmFyBRrBBKNyM$kHy4GYBvOoVdXkYsuZ6jzGoYB0sf0qJ+S5YoRJdBNJ8=', NULL, 0, 'Ezequiel', 'Castro', 'ezequiel.castro@example.com', 0, 0, '2025-10-05 20:19:25.000000', '40900240', '1047', '1988-03-11', 'M', '40027040'),
	(46, 'pbkdf2_sha256$870000$cawHt0i7nNmFyBRrBBKNyM$kHy4GYBvOoVdXkYsuZ6jzGoYB0sf0qJ+S5YoRJdBNJ8=', NULL, 0, 'Florencia', 'Ramos', 'florencia.ramos@example.com', 0, 0, '2025-10-05 20:19:25.000000', '40900241', '1048', '1992-09-02', 'F', '40027041'),
	(47, 'pbkdf2_sha256$870000$cawHt0i7nNmFyBRrBBKNyM$kHy4GYBvOoVdXkYsuZ6jzGoYB0sf0qJ+S5YoRJdBNJ8=', NULL, 0, 'Diego', 'Navarro', 'diego.navarro@example.com', 0, 0, '2025-10-05 20:19:25.000000', '40900242', '1049', '1989-10-27', 'M', '40027042'),
	(48, 'pbkdf2_sha256$870000$cawHt0i7nNmFyBRrBBKNyM$kHy4GYBvOoVdXkYsuZ6jzGoYB0sf0qJ+S5YoRJdBNJ8=', NULL, 0, 'Antonela', 'Martinez', 'antonela.martinez@example.com', 0, 0, '2025-10-05 20:19:25.000000', '40900243', '1050', '1995-05-20', 'F', '40027043'),
	(49, 'pbkdf2_sha256$870000$cawHt0i7nNmFyBRrBBKNyM$kHy4GYBvOoVdXkYsuZ6jzGoYB0sf0qJ+S5YoRJdBNJ8=', NULL, 0, 'Martin', 'Diaz', 'martin.diaz@example.com', 0, 0, '2025-10-05 20:19:25.000000', '40900244', '1051', '1993-07-30', 'M', '40027044'),
	(50, 'pbkdf2_sha256$870000$cawHt0i7nNmFyBRrBBKNyM$kHy4GYBvOoVdXkYsuZ6jzGoYB0sf0qJ+S5YoRJdBNJ8=', NULL, 0, 'Melina', 'Suarez', 'melina.suarez@example.com', 0, 0, '2025-10-05 20:19:25.000000', '40900245', '1052', '1996-02-05', 'F', '40027045'),
	(51, 'pbkdf2_sha256$870000$cawHt0i7nNmFyBRrBBKNyM$kHy4GYBvOoVdXkYsuZ6jzGoYB0sf0qJ+S5YoRJdBNJ8=', NULL, 0, 'Rocio', 'Aguirre', 'rocio.aguirre@example.com', 0, 0, '2025-10-05 20:19:25.000000', '40900251', '1053', '1994-11-12', 'F', '40027051'),
	(52, 'pbkdf2_sha256$870000$cawHt0i7nNmFyBRrBBKNyM$kHy4GYBvOoVdXkYsuZ6jzGoYB0sf0qJ+S5YoRJdBNJ8=', NULL, 0, 'Facundo', 'Blanco', 'facundo.blanco@example.com', 0, 0, '2025-10-05 20:19:25.000000', '40900252', '1054', '1993-01-09', 'M', '40027052'),
	(53, 'pbkdf2_sha256$870000$cawHt0i7nNmFyBRrBBKNyM$kHy4GYBvOoVdXkYsuZ6jzGoYB0sf0qJ+S5YoRJdBNJ8=', NULL, 0, 'Cecilia', 'Rojas', 'cecilia.rojas@example.com', 0, 0, '2025-10-05 20:19:25.000000', '40900253', '1055', '1990-07-03', 'F', '40027053'),
	(54, 'pbkdf2_sha256$870000$cawHt0i7nNmFyBRrBBKNyM$kHy4GYBvOoVdXkYsuZ6jzGoYB0sf0qJ+S5YoRJdBNJ8=', NULL, 0, 'Alejandro', 'Mendez', 'alejandro.mendez@example.com', 0, 0, '2025-10-05 20:19:25.000000', '40900254', '1056', '1988-09-26', 'M', '40027054'),
	(55, 'pbkdf2_sha256$870000$cawHt0i7nNmFyBRrBBKNyM$kHy4GYBvOoVdXkYsuZ6jzGoYB0sf0qJ+S5YoRJdBNJ8=', NULL, 0, 'Valeria', 'Cano', 'valeria.cano@example.com', 0, 0, '2025-10-05 20:19:25.000000', '40900255', '1057', '1996-04-08', 'F', '40027055'),
	(56, 'pbkdf2_sha256$870000$cawHt0i7nNmFyBRrBBKNyM$kHy4GYBvOoVdXkYsuZ6jzGoYB0sf0qJ+S5YoRJdBNJ8=', NULL, 0, 'Lucas', 'Ponce', 'lucas.ponce@example.com', 0, 0, '2025-10-05 20:19:25.000000', '40900256', '1058', '1992-12-19', 'M', '40027056'),
	(57, 'pbkdf2_sha256$870000$cawHt0i7nNmFyBRrBBKNyM$kHy4GYBvOoVdXkYsuZ6jzGoYB0sf0qJ+S5YoRJdBNJ8=', NULL, 0, 'Agustina', 'Sanchez', 'agustina.sanchez@example.com', 0, 0, '2025-10-05 20:19:25.000000', '40900257', '1059', '1995-08-28', 'F', '40027057'),
	(58, 'pbkdf2_sha256$870000$cawHt0i7nNmFyBRrBBKNyM$kHy4GYBvOoVdXkYsuZ6jzGoYB0sf0qJ+S5YoRJdBNJ8=', NULL, 0, 'Hernan', 'Diaz', 'hernan.diaz@example.com', 0, 0, '2025-10-05 20:19:25.000000', '40900258', '1060', '1989-02-14', 'M', '40027058'),
	(59, 'pbkdf2_sha256$870000$cawHt0i7nNmFyBRrBBKNyM$kHy4GYBvOoVdXkYsuZ6jzGoYB0sf0qJ+S5YoRJdBNJ8=', NULL, 0, 'Noelia', 'Gutierrez', 'noelia.gutierrez@example.com', 0, 0, '2025-10-05 20:19:25.000000', '40900259', '1061', '1991-10-22', 'F', '40027059'),
	(60, 'pbkdf2_sha256$870000$cawHt0i7nNmFyBRrBBKNyM$kHy4GYBvOoVdXkYsuZ6jzGoYB0sf0qJ+S5YoRJdBNJ8=', NULL, 0, 'Mauricio', 'Campos', 'mauricio.campos@example.com', 0, 0, '2025-10-05 20:19:25.000000', '40900260', '1062', '1990-06-05', 'M', '40027060'),
	(61, 'pbkdf2_sha256$870000$cawHt0i7nNmFyBRrBBKNyM$kHy4GYBvOoVdXkYsuZ6jzGoYB0sf0qJ+S5YoRJdBNJ8=', NULL, 0, 'Eliana', 'Perez', 'eliana.perez@example.com', 0, 0, '2025-10-05 20:19:25.000000', '40900261', '1063', '1997-01-13', 'F', '40027061'),
	(62, 'pbkdf2_sha256$870000$cawHt0i7nNmFyBRrBBKNyM$kHy4GYBvOoVdXkYsuZ6jzGoYB0sf0qJ+S5YoRJdBNJ8=', NULL, 0, 'Gonzalo', 'Moreno', 'gonzalo.moreno@example.com', 0, 0, '2025-10-05 20:19:25.000000', '40900262', '1064', '1993-03-30', 'M', '40027062'),
	(63, 'pbkdf2_sha256$870000$cawHt0i7nNmFyBRrBBKNyM$kHy4GYBvOoVdXkYsuZ6jzGoYB0sf0qJ+S5YoRJdBNJ8=', NULL, 0, 'Laura', 'Molina', 'laura.molina@example.com', 0, 0, '2025-10-05 20:19:25.000000', '40900263', '1065', '1994-07-27', 'F', '40027063'),
	(64, 'pbkdf2_sha256$870000$cawHt0i7nNmFyBRrBBKNyM$kHy4GYBvOoVdXkYsuZ6jzGoYB0sf0qJ+S5YoRJdBNJ8=', NULL, 0, 'Juan', 'Vazquez', 'juan.vazquez@example.com', 0, 0, '2025-10-05 20:19:25.000000', '40900264', '1066', '1992-12-03', 'M', '40027064'),
	(65, 'pbkdf2_sha256$870000$cawHt0i7nNmFyBRrBBKNyM$kHy4GYBvOoVdXkYsuZ6jzGoYB0sf0qJ+S5YoRJdBNJ8=', NULL, 0, 'Daniela', 'Cruz', 'daniela.cruz@example.com', 0, 0, '2025-10-05 20:19:25.000000', '40900265', '1067', '1995-05-19', 'F', '40027065'),
	(66, 'pbkdf2_sha256$870000$cawHt0i7nNmFyBRrBBKNyM$kHy4GYBvOoVdXkYsuZ6jzGoYB0sf0qJ+S5YoRJdBNJ8=', NULL, 0, 'Fernando', 'Silva', 'fernando.silva@example.com', 0, 0, '2025-10-05 20:19:25.000000', '40900266', '1068', '1987-08-29', 'M', '40027066'),
	(67, 'pbkdf2_sha256$870000$cawHt0i7nNmFyBRrBBKNyM$kHy4GYBvOoVdXkYsuZ6jzGoYB0sf0qJ+S5YoRJdBNJ8=', NULL, 0, 'Patricia', 'Herrera', 'patricia.herrera@example.com', 0, 0, '2025-10-05 20:19:25.000000', '40900267', '1069', '1990-02-10', 'F', '40027067'),
	(68, 'pbkdf2_sha256$870000$cawHt0i7nNmFyBRrBBKNyM$kHy4GYBvOoVdXkYsuZ6jzGoYB0sf0qJ+S5YoRJdBNJ8=', NULL, 0, 'Mariano', 'Flores', 'mariano.flores@example.com', 0, 0, '2025-10-05 20:19:25.000000', '40900268', '1070', '1988-06-22', 'M', '40027068'),
	(69, 'pbkdf2_sha256$870000$cawHt0i7nNmFyBRrBBKNyM$kHy4GYBvOoVdXkYsuZ6jzGoYB0sf0qJ+S5YoRJdBNJ8=', NULL, 0, 'Camila', 'Luna', 'camila.luna@example.com', 0, 0, '2025-10-05 20:19:25.000000', '40900269', '1071', '1992-06-12', 'F', '40027069'),
	(70, 'pbkdf2_sha256$870000$cawHt0i7nNmFyBRrBBKNyM$kHy4GYBvOoVdXkYsuZ6jzGoYB0sf0qJ+S5YoRJdBNJ8=', NULL, 0, 'Santiago', 'Vera', 'santiago.vera@example.com', 0, 0, '2025-10-05 20:19:25.000000', '40900270', '1072', '1989-11-21', 'M', '40027070'),
	(71, 'pbkdf2_sha256$870000$cawHt0i7nNmFyBRrBBKNyM$kHy4GYBvOoVdXkYsuZ6jzGoYB0sf0qJ+S5YoRJdBNJ8=', NULL, 0, 'Florencia', 'Ortiz', 'florencia.ortiz@example.com', 0, 0, '2025-10-05 20:19:25.000000', '40900271', '1073', '1993-02-05', 'F', '40027071'),
	(72, 'pbkdf2_sha256$870000$cawHt0i7nNmFyBRrBBKNyM$kHy4GYBvOoVdXkYsuZ6jzGoYB0sf0qJ+S5YoRJdBNJ8=', NULL, 0, 'Martin', 'Quiroga', 'martin.quiroga@example.com', 0, 0, '2025-10-05 20:19:25.000000', '40900272', '1074', '1990-04-28', 'M', '40027072'),
	(73, 'pbkdf2_sha256$870000$cawHt0i7nNmFyBRrBBKNyM$kHy4GYBvOoVdXkYsuZ6jzGoYB0sf0qJ+S5YoRJdBNJ8=', NULL, 0, 'Julieta', 'Salinas', 'julieta.salinas@example.com', 0, 0, '2025-10-05 20:19:25.000000', '40900273', '1075', '1991-12-15', 'F', '40027073'),
	(74, 'pbkdf2_sha256$870000$cawHt0i7nNmFyBRrBBKNyM$kHy4GYBvOoVdXkYsuZ6jzGoYB0sf0qJ+S5YoRJdBNJ8=', NULL, 0, 'Diego', 'Reyes', 'diego.reyes@example.com', 0, 0, '2025-10-05 20:19:25.000000', '40900274', '1076', '1988-08-03', 'M', '40027074'),
	(75, 'pbkdf2_sha256$870000$cawHt0i7nNmFyBRrBBKNyM$kHy4GYBvOoVdXkYsuZ6jzGoYB0sf0qJ+S5YoRJdBNJ8=', NULL, 0, 'Agustina', 'Montero', 'agustina.montero@example.com', 0, 0, '2025-10-05 20:19:25.000000', '40900275', '1077', '1994-03-19', 'F', '40027075'),
	(76, 'pbkdf2_sha256$870000$cawHt0i7nNmFyBRrBBKNyM$kHy4GYBvOoVdXkYsuZ6jzGoYB0sf0qJ+S5YoRJdBNJ8=', NULL, 0, 'Lucas', 'Campos', 'lucas.campos@example.com', 0, 0, '2025-10-05 20:19:25.000000', '40900276', '1078', '1992-07-11', 'M', '40027076'),
	(77, 'pbkdf2_sha256$870000$cawHt0i7nNmFyBRrBBKNyM$kHy4GYBvOoVdXkYsuZ6jzGoYB0sf0qJ+S5YoRJdBNJ8=', NULL, 0, 'Sofia', 'Medina', 'sofia.medina@example.com', 0, 0, '2025-10-05 20:19:25.000000', '40900277', '1079', '1996-09-27', 'F', '40027077'),
	(78, 'pbkdf2_sha256$870000$cawHt0i7nNmFyBRrBBKNyM$kHy4GYBvOoVdXkYsuZ6jzGoYB0sf0qJ+S5YoRJdBNJ8=', NULL, 0, 'Facundo', 'Campos', 'facundo.campos@example.com', 0, 0, '2025-10-05 20:19:25.000000', '40900278', '1080', '1990-01-06', 'M', '40027078'),
	(79, 'pbkdf2_sha256$870000$cawHt0i7nNmFyBRrBBKNyM$kHy4GYBvOoVdXkYsuZ6jzGoYB0sf0qJ+S5YoRJdBNJ8=', NULL, 0, 'Milagros', 'Figueroa', 'milagros.figueroa@example.com', 0, 0, '2025-10-05 20:19:25.000000', '40900279', '1081', '1995-05-29', 'F', '40027079'),
	(80, 'pbkdf2_sha256$870000$cawHt0i7nNmFyBRrBBKNyM$kHy4GYBvOoVdXkYsuZ6jzGoYB0sf0qJ+S5YoRJdBNJ8=', NULL, 0, 'Agustin', 'Lagos', 'agustin.lagos@example.com', 0, 0, '2025-10-05 20:19:25.000000', '40900280', '1082', '1990-05-22', 'M', '40027080'),
	(81, 'pbkdf2_sha256$870000$cawHt0i7nNmFyBRrBBKNyM$kHy4GYBvOoVdXkYsuZ6jzGoYB0sf0qJ+S5YoRJdBNJ8=', NULL, 0, 'Luciana', 'Molina', 'luciana.molina@example.com', 0, 0, '2025-10-05 20:19:25.000000', '40900281', '1083', '1993-09-18', 'F', '40027081'),
	(82, 'pbkdf2_sha256$870000$cawHt0i7nNmFyBRrBBKNyM$kHy4GYBvOoVdXkYsuZ6jzGoYB0sf0qJ+S5YoRJdBNJ8=', NULL, 0, 'Joaquin', 'Silva', 'joaquin.silva@example.com', 0, 0, '2025-10-05 20:19:25.000000', '40900282', '1084', '1988-11-03', 'M', '40027082'),
	(83, 'pbkdf2_sha256$870000$cawHt0i7nNmFyBRrBBKNyM$kHy4GYBvOoVdXkYsuZ6jzGoYB0sf0qJ+S5YoRJdBNJ8=', NULL, 0, 'Daniela', 'Peralta', 'daniela.peralta@example.com', 0, 0, '2025-10-05 20:19:25.000000', '40900283', '1085', '1994-07-12', 'F', '40027083'),
	(84, 'pbkdf2_sha256$870000$cawHt0i7nNmFyBRrBBKNyM$kHy4GYBvOoVdXkYsuZ6jzGoYB0sf0qJ+S5YoRJdBNJ8=', NULL, 0, 'Tomas', 'Benavides', 'tomas.benavides@example.com', 0, 0, '2025-10-05 20:19:25.000000', '40900284', '1086', '1992-03-25', 'M', '40027084'),
	(85, 'pbkdf2_sha256$870000$cawHt0i7nNmFyBRrBBKNyM$kHy4GYBvOoVdXkYsuZ6jzGoYB0sf0qJ+S5YoRJdBNJ8=', NULL, 0, 'Carolina', 'Franco', 'carolina.franco@example.com', 0, 0, '2025-10-05 20:19:25.000000', '40900285', '1087', '1996-01-06', 'F', '40027085'),
	(86, 'pbkdf2_sha256$870000$cawHt0i7nNmFyBRrBBKNyM$kHy4GYBvOoVdXkYsuZ6jzGoYB0sf0qJ+S5YoRJdBNJ8=', NULL, 0, 'Federico', 'Mendez', 'federico.mendez@example.com', 0, 0, '2025-10-05 20:19:25.000000', '40900286', '1088', '1989-10-15', 'M', '40027086'),
	(87, 'pbkdf2_sha256$870000$cawHt0i7nNmFyBRrBBKNyM$kHy4GYBvOoVdXkYsuZ6jzGoYB0sf0qJ+S5YoRJdBNJ8=', NULL, 0, 'Natalia', 'Cardozo', 'natalia.cardozo@example.com', 0, 0, '2025-10-05 20:19:25.000000', '40900287', '1089', '1995-04-30', 'F', '40027087'),
	(88, 'pbkdf2_sha256$870000$cawHt0i7nNmFyBRrBBKNyM$kHy4GYBvOoVdXkYsuZ6jzGoYB0sf0qJ+S5YoRJdBNJ8=', NULL, 0, 'Matias', 'Paz', 'matias.paz@example.com', 0, 0, '2025-10-05 20:19:25.000000', '40900288', '1090', '1991-08-22', 'M', '40027088'),
	(89, 'pbkdf2_sha256$870000$cawHt0i7nNmFyBRrBBKNyM$kHy4GYBvOoVdXkYsuZ6jzGoYB0sf0qJ+S5YoRJdBNJ8=', NULL, 0, 'Cintia', 'Vega', 'cintia.vega@example.com', 0, 0, '2025-10-05 20:19:25.000000', '40900289', '1091', '1997-09-01', 'F', '40027089'),
	(90, 'pbkdf2_sha256$870000$cawHt0i7nNmFyBRrBBKNyM$kHy4GYBvOoVdXkYsuZ6jzGoYB0sf0qJ+S5YoRJdBNJ8=', NULL, 0, 'Franco', 'Castro', 'franco.castro@example.com', 0, 0, '2025-10-05 20:19:25.000000', '40900290', '1092', '1990-12-17', 'M', '40027090'),
	(91, 'pbkdf2_sha256$870000$cawHt0i7nNmFyBRrBBKNyM$kHy4GYBvOoVdXkYsuZ6jzGoYB0sf0qJ+S5YoRJdBNJ8=', NULL, 0, 'Marina', 'Herrera', 'marina.herrera@example.com', 0, 0, '2025-10-05 20:19:25.000000', '40900291', '1093', '1992-02-08', 'F', '40027091'),
	(92, 'pbkdf2_sha256$870000$cawHt0i7nNmFyBRrBBKNyM$kHy4GYBvOoVdXkYsuZ6jzGoYB0sf0qJ+S5YoRJdBNJ8=', NULL, 0, 'Leandro', 'Ponce', 'leandro.ponce@example.com', 0, 0, '2025-10-05 20:19:25.000000', '40900292', '1094', '1988-06-19', 'M', '40027092'),
	(93, 'pbkdf2_sha256$870000$cawHt0i7nNmFyBRrBBKNyM$kHy4GYBvOoVdXkYsuZ6jzGoYB0sf0qJ+S5YoRJdBNJ8=', NULL, 0, 'Josefina', 'Moyano', 'josefina.moyano@example.com', 0, 0, '2025-10-05 20:19:25.000000', '40900293', '1095', '1996-11-10', 'F', '40027093'),
	(94, 'pbkdf2_sha256$870000$cawHt0i7nNmFyBRrBBKNyM$kHy4GYBvOoVdXkYsuZ6jzGoYB0sf0qJ+S5YoRJdBNJ8=', NULL, 0, 'Emanuel', 'Lopez', 'emanuel.lopez@example.com', 0, 0, '2025-10-05 20:19:25.000000', '40900294', '1096', '1993-05-04', 'M', '40027094'),
	(95, 'pbkdf2_sha256$870000$cawHt0i7nNmFyBRrBBKNyM$kHy4GYBvOoVdXkYsuZ6jzGoYB0sf0qJ+S5YoRJdBNJ8=', NULL, 0, 'Magali', 'Rivera', 'magali.rivera@example.com', 0, 0, '2025-10-05 20:19:25.000000', '40900295', '1097', '1998-04-14', 'F', '40027095'),
	(96, 'pbkdf2_sha256$870000$cawHt0i7nNmFyBRrBBKNyM$kHy4GYBvOoVdXkYsuZ6jzGoYB0sf0qJ+S5YoRJdBNJ8=', NULL, 0, 'Sebastian', 'Ojeda', 'sebastian.ojeda@example.com', 0, 0, '2025-10-05 20:19:25.000000', '40900296', '1098', '1991-01-23', 'M', '40027096'),
	(97, 'pbkdf2_sha256$870000$cawHt0i7nNmFyBRrBBKNyM$kHy4GYBvOoVdXkYsuZ6jzGoYB0sf0qJ+S5YoRJdBNJ8=', NULL, 0, 'Brenda', 'Sanchez', 'brenda.sanchez@example.com', 0, 0, '2025-10-05 20:19:25.000000', '40900297', '1099', '1995-09-07', 'F', '40027097'),
	(98, 'pbkdf2_sha256$870000$cawHt0i7nNmFyBRrBBKNyM$kHy4GYBvOoVdXkYsuZ6jzGoYB0sf0qJ+S5YoRJdBNJ8=', NULL, 0, 'Rodrigo', 'Campos', 'rodrigo.campos@example.com', 0, 0, '2025-10-05 20:19:25.000000', '40900298', '1100', '1994-10-19', 'M', '40027098'),
	(99, 'pbkdf2_sha256$870000$cawHt0i7nNmFyBRrBBKNyM$kHy4GYBvOoVdXkYsuZ6jzGoYB0sf0qJ+S5YoRJdBNJ8=', NULL, 0, 'Lucia', 'Diaz', 'lucia.diaz@example.com', 0, 0, '2025-10-05 20:19:25.000000', '40900299', '1101', '1992-08-08', 'F', '40027099'),
	(100, 'pbkdf2_sha256$870000$cawHt0i7nNmFyBRrBBKNyM$kHy4GYBvOoVdXkYsuZ6jzGoYB0sf0qJ+S5YoRJdBNJ8=', NULL, 0, 'Lucía', 'Paredes', 'lucia.paredes@example.com', 0, 0, '2025-10-05 20:19:25.000000', '40900300', '1102', '1994-01-14', 'F', '40027100'),
	(101, 'pbkdf2_sha256$870000$cawHt0i7nNmFyBRrBBKNyM$kHy4GYBvOoVdXkYsuZ6jzGoYB0sf0qJ+S5YoRJdBNJ8=', NULL, 0, 'Matías', 'Correa', 'matias.correa@example.com', 0, 0, '2025-10-05 20:19:25.000000', '40900301', '1103', '1990-05-20', 'M', '40027101'),
	(102, 'pbkdf2_sha256$870000$cawHt0i7nNmFyBRrBBKNyM$kHy4GYBvOoVdXkYsuZ6jzGoYB0sf0qJ+S5YoRJdBNJ8=', NULL, 0, 'Antonella', 'Rivas', 'antonella.rivas@example.com', 0, 0, '2025-10-05 20:19:25.000000', '40900302', '1104', '1992-07-03', 'F', '40027102'),
	(103, 'pbkdf2_sha256$870000$cawHt0i7nNmFyBRrBBKNyM$kHy4GYBvOoVdXkYsuZ6jzGoYB0sf0qJ+S5YoRJdBNJ8=', NULL, 0, 'Gonzalo', 'Soria', 'gonzalo.soria@example.com', 0, 0, '2025-10-05 20:19:25.000000', '40900303', '1105', '1988-03-08', 'M', '40027103'),
	(104, 'pbkdf2_sha256$870000$cawHt0i7nNmFyBRrBBKNyM$kHy4GYBvOoVdXkYsuZ6jzGoYB0sf0qJ+S5YoRJdBNJ8=', NULL, 0, 'Rocío', 'Espinoza', 'rocio.espinoza@example.com', 0, 0, '2025-10-05 20:19:25.000000', '40900304', '1106', '1995-09-17', 'F', '40027104'),
	(105, 'pbkdf2_sha256$870000$cawHt0i7nNmFyBRrBBKNyM$kHy4GYBvOoVdXkYsuZ6jzGoYB0sf0qJ+S5YoRJdBNJ8=', NULL, 0, 'Emiliano', 'Vega', 'emiliano.vega@example.com', 0, 0, '2025-10-05 20:19:25.000000', '40900305', '1107', '1989-12-23', 'M', '40027105'),
	(106, 'pbkdf2_sha256$870000$cawHt0i7nNmFyBRrBBKNyM$kHy4GYBvOoVdXkYsuZ6jzGoYB0sf0qJ+S5YoRJdBNJ8=', NULL, 0, 'Daniela', 'Moyano', 'daniela.moyano@example.com', 0, 0, '2025-10-05 20:19:25.000000', '40900306', '1108', '1991-06-10', 'F', '40027106'),
	(107, 'pbkdf2_sha256$870000$cawHt0i7nNmFyBRrBBKNyM$kHy4GYBvOoVdXkYsuZ6jzGoYB0sf0qJ+S5YoRJdBNJ8=', NULL, 0, 'Tomás', 'Roldán', 'tomas.roldan@example.com', 0, 0, '2025-10-05 20:19:25.000000', '40900307', '1109', '1993-02-25', 'M', '40027107'),
	(108, 'pbkdf2_sha256$870000$cawHt0i7nNmFyBRrBBKNyM$kHy4GYBvOoVdXkYsuZ6jzGoYB0sf0qJ+S5YoRJdBNJ8=', NULL, 0, 'Magalí', 'Campos', 'magali.campos@example.com', 0, 0, '2025-10-05 20:19:25.000000', '40900308', '1110', '1997-04-30', 'F', '40027108'),
	(109, 'pbkdf2_sha256$870000$cawHt0i7nNmFyBRrBBKNyM$kHy4GYBvOoVdXkYsuZ6jzGoYB0sf0qJ+S5YoRJdBNJ8=', NULL, 0, 'Nicolás', 'Romero', 'nicolas.romero@example.com', 0, 0, '2025-10-05 20:19:25.000000', '40900309', '1111', '1990-08-14', 'M', '40027109'),
	(110, 'pbkdf2_sha256$870000$cawHt0i7nNmFyBRrBBKNyM$kHy4GYBvOoVdXkYsuZ6jzGoYB0sf0qJ+S5YoRJdBNJ8=', NULL, 0, 'Camilo', 'Benítez', 'camilo.benitez@example.com', 0, 0, '2025-10-05 20:19:25.000000', '40900310', '1112', '1992-04-09', 'M', '40027110'),
	(111, 'pbkdf2_sha256$870000$cawHt0i7nNmFyBRrBBKNyM$kHy4GYBvOoVdXkYsuZ6jzGoYB0sf0qJ+S5YoRJdBNJ8=', NULL, 0, 'Carolina', 'Serrano', 'carolina.serrano@example.com', 0, 0, '2025-10-05 20:19:25.000000', '40900311', '1113', '1995-06-18', 'F', '40027111'),
	(112, 'pbkdf2_sha256$870000$cawHt0i7nNmFyBRrBBKNyM$kHy4GYBvOoVdXkYsuZ6jzGoYB0sf0qJ+S5YoRJdBNJ8=', NULL, 0, 'Rodrigo', 'Ponce', 'rodrigo.ponce@example.com', 0, 0, '2025-10-05 20:19:25.000000', '40900312', '1114', '1991-11-02', 'M', '40027112'),
	(113, 'pbkdf2_sha256$870000$cawHt0i7nNmFyBRrBBKNyM$kHy4GYBvOoVdXkYsuZ6jzGoYB0sf0qJ+S5YoRJdBNJ8=', NULL, 0, 'Melina', 'Aguilar', 'melina.aguilar@example.com', 0, 0, '2025-10-05 20:19:25.000000', '40900313', '1115', '1996-07-26', 'F', '40027113'),
	(114, 'pbkdf2_sha256$870000$cawHt0i7nNmFyBRrBBKNyM$kHy4GYBvOoVdXkYsuZ6jzGoYB0sf0qJ+S5YoRJdBNJ8=', NULL, 0, 'Julián', 'Mena', 'julian.mena@example.com', 0, 0, '2025-10-05 20:19:25.000000', '40900314', '1116', '1989-09-04', 'M', '40027114'),
	(115, 'pbkdf2_sha256$870000$cawHt0i7nNmFyBRrBBKNyM$kHy4GYBvOoVdXkYsuZ6jzGoYB0sf0qJ+S5YoRJdBNJ8=', NULL, 0, 'Tamara', 'Gómez', 'tamara.gomez@example.com', 0, 0, '2025-10-05 20:19:25.000000', '40900315', '1117', '1993-03-15', 'F', '40027115'),
	(116, 'pbkdf2_sha256$870000$cawHt0i7nNmFyBRrBBKNyM$kHy4GYBvOoVdXkYsuZ6jzGoYB0sf0qJ+S5YoRJdBNJ8=', NULL, 0, 'Ezequiel', 'Maldonado', 'ezequiel.maldonado@example.com', 0, 0, '2025-10-05 20:19:25.000000', '40900316', '1118', '1990-05-29', 'M', '40027116'),
	(117, 'pbkdf2_sha256$870000$cawHt0i7nNmFyBRrBBKNyM$kHy4GYBvOoVdXkYsuZ6jzGoYB0sf0qJ+S5YoRJdBNJ8=', NULL, 0, 'Belén', 'Paz', 'belen.paz@example.com', 0, 0, '2025-10-05 20:19:25.000000', '40900317', '1119', '1994-01-22', 'F', '40027117'),
	(118, 'pbkdf2_sha256$870000$cawHt0i7nNmFyBRrBBKNyM$kHy4GYBvOoVdXkYsuZ6jzGoYB0sf0qJ+S5YoRJdBNJ8=', NULL, 0, 'Leandro', 'Funes', 'leandro.funes@example.com', 0, 0, '2025-10-05 20:19:25.000000', '40900318', '1120', '1988-08-13', 'M', '40027118'),
	(119, 'pbkdf2_sha256$870000$cawHt0i7nNmFyBRrBBKNyM$kHy4GYBvOoVdXkYsuZ6jzGoYB0sf0qJ+S5YoRJdBNJ8=', NULL, 0, 'Ariana', 'Muñoz', 'ariana.munoz@example.com', 0, 0, '2025-10-05 20:19:25.000000', '40900319', '1121', '1997-10-05', 'F', '40027119'),
	(120, 'pbkdf2_sha256$870000$cawHt0i7nNmFyBRrBBKNyM$kHy4GYBvOoVdXkYsuZ6jzGoYB0sf0qJ+S5YoRJdBNJ8=', NULL, 0, 'Nahuel', 'Vega', 'nahuel.vega@example.com', 0, 0, '2025-10-05 20:19:25.000000', '40900320', '1122', '1991-05-07', 'M', '40027120'),
	(121, 'pbkdf2_sha256$870000$cawHt0i7nNmFyBRrBBKNyM$kHy4GYBvOoVdXkYsuZ6jzGoYB0sf0qJ+S5YoRJdBNJ8=', NULL, 0, 'Julieta', 'Morales', 'julieta.morales@example.com', 0, 0, '2025-10-05 20:19:25.000000', '40900321', '1123', '1993-02-18', 'F', '40027121'),
	(122, 'pbkdf2_sha256$870000$cawHt0i7nNmFyBRrBBKNyM$kHy4GYBvOoVdXkYsuZ6jzGoYB0sf0qJ+S5YoRJdBNJ8=', NULL, 0, 'Luciano', 'Garrido', 'luciano.garrido@example.com', 0, 0, '2025-10-05 20:19:25.000000', '40900322', '1124', '1989-09-23', 'M', '40027122'),
	(123, 'pbkdf2_sha256$870000$cawHt0i7nNmFyBRrBBKNyM$kHy4GYBvOoVdXkYsuZ6jzGoYB0sf0qJ+S5YoRJdBNJ8=', NULL, 0, 'Micaela', 'Figueroa', 'micaela.figueroa@example.com', 0, 0, '2025-10-05 20:19:25.000000', '40900323', '1125', '1995-07-01', 'F', '40027123'),
	(124, 'pbkdf2_sha256$870000$cawHt0i7nNmFyBRrBBKNyM$kHy4GYBvOoVdXkYsuZ6jzGoYB0sf0qJ+S5YoRJdBNJ8=', NULL, 0, 'Matías', 'Toledo', 'matias.toledo@example.com', 0, 0, '2025-10-05 20:19:25.000000', '40900324', '1126', '1992-03-12', 'M', '40027124'),
	(125, 'pbkdf2_sha256$870000$cawHt0i7nNmFyBRrBBKNyM$kHy4GYBvOoVdXkYsuZ6jzGoYB0sf0qJ+S5YoRJdBNJ8=', NULL, 0, 'Sofía', 'Herrera', 'sofia.herrera@example.com', 0, 0, '2025-10-05 20:19:25.000000', '40900325', '1127', '1997-11-30', 'F', '40027125'),
	(126, 'pbkdf2_sha256$870000$cawHt0i7nNmFyBRrBBKNyM$kHy4GYBvOoVdXkYsuZ6jzGoYB0sf0qJ+S5YoRJdBNJ8=', NULL, 0, 'Germán', 'Rojas', 'german.rojas@example.com', 0, 0, '2025-10-05 20:19:25.000000', '40900326', '1128', '1988-12-22', 'M', '40027126'),
	(127, 'pbkdf2_sha256$870000$cawHt0i7nNmFyBRrBBKNyM$kHy4GYBvOoVdXkYsuZ6jzGoYB0sf0qJ+S5YoRJdBNJ8=', NULL, 0, 'Valentina', 'Ortega', 'valentina.ortega@example.com', 0, 0, '2025-10-05 20:19:25.000000', '40900327', '1129', '1996-08-19', 'F', '40027127'),
	(128, 'pbkdf2_sha256$870000$cawHt0i7nNmFyBRrBBKNyM$kHy4GYBvOoVdXkYsuZ6jzGoYB0sf0qJ+S5YoRJdBNJ8=', NULL, 0, 'Nicolás', 'Peralta', 'nicolas.peralta@example.com', 0, 0, '2025-10-05 20:19:25.000000', '40900328', '1130', '1990-06-06', 'M', '40027128'),
	(129, 'pbkdf2_sha256$870000$cawHt0i7nNmFyBRrBBKNyM$kHy4GYBvOoVdXkYsuZ6jzGoYB0sf0qJ+S5YoRJdBNJ8=', NULL, 0, 'Camila', 'Suárez', 'camila.suarez@example.com', 0, 0, '2025-10-05 20:19:25.000000', '40900329', '1131', '1998-09-09', 'F', '40027129'),
	(130, 'pbkdf2_sha256$870000$cawHt0i7nNmFyBRrBBKNyM$kHy4GYBvOoVdXkYsuZ6jzGoYB0sf0qJ+S5YoRJdBNJ8=', NULL, 0, 'Bruno', 'Castro', 'bruno.castro@example.com', 0, 0, '2025-10-05 20:19:25.000000', '40900330', '1132', '1991-10-11', 'M', '40027130'),
	(131, 'pbkdf2_sha256$870000$cawHt0i7nNmFyBRrBBKNyM$kHy4GYBvOoVdXkYsuZ6jzGoYB0sf0qJ+S5YoRJdBNJ8=', NULL, 0, 'Florencia', 'Reyes', 'florencia.reyes@example.com', 0, 0, '2025-10-05 20:19:25.000000', '40900331', '1133', '1993-05-20', 'F', '40027131'),
	(132, 'pbkdf2_sha256$870000$cawHt0i7nNmFyBRrBBKNyM$kHy4GYBvOoVdXkYsuZ6jzGoYB0sf0qJ+S5YoRJdBNJ8=', NULL, 0, 'Facundo', 'Villar', 'facundo.villar@example.com', 0, 0, '2025-10-05 20:19:25.000000', '40900332', '1134', '1989-12-14', 'M', '40027132'),
	(133, 'pbkdf2_sha256$870000$cawHt0i7nNmFyBRrBBKNyM$kHy4GYBvOoVdXkYsuZ6jzGoYB0sf0qJ+S5YoRJdBNJ8=', NULL, 0, 'Paula', 'López', 'paula.lopez@example.com', 0, 0, '2025-10-05 20:19:25.000000', '40900333', '1135', '1994-08-07', 'F', '40027133'),
	(134, 'pbkdf2_sha256$870000$cawHt0i7nNmFyBRrBBKNyM$kHy4GYBvOoVdXkYsuZ6jzGoYB0sf0qJ+S5YoRJdBNJ8=', NULL, 0, 'Emiliano', 'Ramos', 'emiliano.ramos2@example.com', 0, 0, '2025-10-05 20:19:25.000000', '40900334', '1136', '1990-03-02', 'M', '40027134'),
	(135, 'pbkdf2_sha256$870000$cawHt0i7nNmFyBRrBBKNyM$kHy4GYBvOoVdXkYsuZ6jzGoYB0sf0qJ+S5YoRJdBNJ8=', NULL, 0, 'Valentina', 'Gutiérrez', 'valentina.gutierrez@example.com', 0, 0, '2025-10-05 20:19:25.000000', '40900335', '1137', '1995-11-21', 'F', '40027135'),
	(136, 'pbkdf2_sha256$870000$cawHt0i7nNmFyBRrBBKNyM$kHy4GYBvOoVdXkYsuZ6jzGoYB0sf0qJ+S5YoRJdBNJ8=', NULL, 0, 'Santiago', 'Córdoba', 'santiago.cordoba@example.com', 0, 0, '2025-10-05 20:19:25.000000', '40900336', '1138', '1987-06-18', 'M', '40027136'),
	(137, 'pbkdf2_sha256$870000$cawHt0i7nNmFyBRrBBKNyM$kHy4GYBvOoVdXkYsuZ6jzGoYB0sf0qJ+S5YoRJdBNJ8=', NULL, 0, 'Camila', 'Navarro', 'camila.navarro@example.com', 0, 0, '2025-10-05 20:19:25.000000', '40900337', '1139', '1996-02-09', 'F', '40027137'),
	(138, 'pbkdf2_sha256$870000$cawHt0i7nNmFyBRrBBKNyM$kHy4GYBvOoVdXkYsuZ6jzGoYB0sf0qJ+S5YoRJdBNJ8=', NULL, 0, 'Ignacio', 'Vargas', 'ignacio.vargas@example.com', 0, 0, '2025-10-05 20:19:25.000000', '40900338', '1140', '1992-09-27', 'M', '40027138'),
	(139, 'pbkdf2_sha256$870000$cawHt0i7nNmFyBRrBBKNyM$kHy4GYBvOoVdXkYsuZ6jzGoYB0sf0qJ+S5YoRJdBNJ8=', NULL, 0, 'Luciana', 'Funes', 'luciana.funes@example.com', 0, 0, '2025-10-05 20:19:25.000000', '40900339', '1141', '1998-05-16', 'F', '40027139'),
	(140, 'pbkdf2_sha256$870000$cawHt0i7nNmFyBRrBBKNyM$kHy4GYBvOoVdXkYsuZ6jzGoYB0sf0qJ+S5YoRJdBNJ8=', NULL, 0, 'Agustín', 'Paz', 'agustin.paz@example.com', 0, 0, '2025-10-05 20:19:25.000000', '40900340', '1142', '1990-03-15', 'M', '40027140'),
	(141, 'pbkdf2_sha256$870000$cawHt0i7nNmFyBRrBBKNyM$kHy4GYBvOoVdXkYsuZ6jzGoYB0sf0qJ+S5YoRJdBNJ8=', NULL, 0, 'Isabella', 'Luna', 'isabella.luna@example.com', 0, 0, '2025-10-05 20:19:25.000000', '40900341', '1143', '1992-06-22', 'F', '40027141'),
	(142, 'pbkdf2_sha256$870000$cawHt0i7nNmFyBRrBBKNyM$kHy4GYBvOoVdXkYsuZ6jzGoYB0sf0qJ+S5YoRJdBNJ8=', NULL, 0, 'Nicolás', 'Campos', 'nicolas.campos@example.com', 0, 0, '2025-10-05 20:19:25.000000', '40900342', '1144', '1989-12-08', 'M', '40027142'),
	(143, 'pbkdf2_sha256$870000$cawHt0i7nNmFyBRrBBKNyM$kHy4GYBvOoVdXkYsuZ6jzGoYB0sf0qJ+S5YoRJdBNJ8=', NULL, 0, 'Martina', 'Castillo', 'martina.castillo@example.com', 0, 0, '2025-10-05 20:19:25.000000', '40900343', '1145', '1994-04-11', 'F', '40027143'),
	(144, 'pbkdf2_sha256$870000$cawHt0i7nNmFyBRrBBKNyM$kHy4GYBvOoVdXkYsuZ6jzGoYB0sf0qJ+S5YoRJdBNJ8=', NULL, 0, 'Bruno', 'Ríos', 'bruno.rios@example.com', 0, 0, '2025-10-05 20:19:25.000000', '40900344', '1146', '1991-09-30', 'M', '40027144'),
	(145, 'pbkdf2_sha256$870000$cawHt0i7nNmFyBRrBBKNyM$kHy4GYBvOoVdXkYsuZ6jzGoYB0sf0qJ+S5YoRJdBNJ8=', NULL, 0, 'Sofía', 'Herrera', 'sofia.herrera2@example.com', 0, 0, '2025-10-05 20:19:25.000000', '40900345', '1147', '1995-02-12', 'F', '40027145'),
	(146, 'pbkdf2_sha256$870000$cawHt0i7nNmFyBRrBBKNyM$kHy4GYBvOoVdXkYsuZ6jzGoYB0sf0qJ+S5YoRJdBNJ8=', NULL, 0, 'Leandro', 'Gómez', 'leandro.gomez@example.com', 0, 0, '2025-10-05 20:19:25.000000', '40900346', '1148', '1988-11-21', 'M', '40027146'),
	(147, 'pbkdf2_sha256$870000$cawHt0i7nNmFyBRrBBKNyM$kHy4GYBvOoVdXkYsuZ6jzGoYB0sf0qJ+S5YoRJdBNJ8=', NULL, 0, 'Valentina', 'Moreno', 'valentina.moreno2@example.com', 0, 0, '2025-10-05 20:19:25.000000', '40900347', '1149', '1996-07-04', 'F', '40027147'),
	(148, 'pbkdf2_sha256$870000$cawHt0i7nNmFyBRrBBKNyM$kHy4GYBvOoVdXkYsuZ6jzGoYB0sf0qJ+S5YoRJdBNJ8=', NULL, 0, 'Emiliano', 'Sosa', 'emiliano.sosa@example.com', 0, 0, '2025-10-05 20:19:25.000000', '40900348', '1150', '1990-08-18', 'M', '40027148'),
	(149, 'pbkdf2_sha256$870000$cawHt0i7nNmFyBRrBBKNyM$kHy4GYBvOoVdXkYsuZ6jzGoYB0sf0qJ+S5YoRJdBNJ8=', NULL, 0, 'Luciana', 'Vargas', 'luciana.vargas@example.com', 0, 0, '2025-10-05 20:19:25.000000', '40900349', '1151', '1997-03-09', 'F', '40027149'),
	(150, 'pbkdf2_sha256$870000$cawHt0i7nNmFyBRrBBKNyM$kHy4GYBvOoVdXkYsuZ6jzGoYB0sf0qJ+S5YoRJdBNJ8=', NULL, 0, 'Tomás', 'Roldán', 'tomas.roldan2@example.com', 0, 0, '2025-10-05 20:19:25.000000', '40900350', '1152', '1987-10-25', 'M', '40027150'),
	(151, 'pbkdf2_sha256$870000$cawHt0i7nNmFyBRrBBKNyM$kHy4GYBvOoVdXkYsuZ6jzGoYB0sf0qJ+S5YoRJdBNJ8=', NULL, 0, 'Ariana', 'Muñoz', 'ariana.munoz2@example.com', 0, 0, '2025-10-05 20:19:25.000000', '40900351', '1153', '1998-05-12', 'F', '40027151'),
	(152, 'pbkdf2_sha256$870000$cawHt0i7nNmFyBRrBBKNyM$kHy4GYBvOoVdXkYsuZ6jzGoYB0sf0qJ+S5YoRJdBNJ8=', NULL, 0, 'Ignacio', 'Vega', 'ignacio.vega@example.com', 0, 0, '2025-10-05 20:19:25.000000', '40900352', '1154', '1990-07-03', 'M', '40027152'),
	(153, 'pbkdf2_sha256$870000$cawHt0i7nNmFyBRrBBKNyM$kHy4GYBvOoVdXkYsuZ6jzGoYB0sf0qJ+S5YoRJdBNJ8=', NULL, 0, 'Belén', 'Molina', 'belen.molina@example.com', 0, 0, '2025-10-05 20:19:25.000000', '40900353', '1155', '1993-12-21', 'F', '40027153'),
	(154, 'pbkdf2_sha256$870000$cawHt0i7nNmFyBRrBBKNyM$kHy4GYBvOoVdXkYsuZ6jzGoYB0sf0qJ+S5YoRJdBNJ8=', NULL, 0, 'Matías', 'Figueroa', 'matias.figueroa@example.com', 0, 0, '2025-10-05 20:19:25.000000', '40900354', '1156', '1989-01-15', 'M', '40027154'),
	(155, 'pbkdf2_sha256$870000$cawHt0i7nNmFyBRrBBKNyM$kHy4GYBvOoVdXkYsuZ6jzGoYB0sf0qJ+S5YoRJdBNJ8=', NULL, 0, 'Camila', 'Serrano', 'camila.serrano2@example.com', 0, 0, '2025-10-05 20:19:25.000000', '40900355', '1157', '1995-06-28', 'F', '40027155'),
	(156, 'pbkdf2_sha256$870000$cawHt0i7nNmFyBRrBBKNyM$kHy4GYBvOoVdXkYsuZ6jzGoYB0sf0qJ+S5YoRJdBNJ8=', NULL, 0, 'Gonzalo', 'Navarro', 'gonzalo.navarro@example.com', 0, 0, '2025-10-05 20:19:25.000000', '40900356', '1158', '1988-04-17', 'M', '40027156'),
	(157, 'pbkdf2_sha256$870000$cawHt0i7nNmFyBRrBBKNyM$kHy4GYBvOoVdXkYsuZ6jzGoYB0sf0qJ+S5YoRJdBNJ8=', NULL, 0, 'Melina', 'Ortiz', 'melina.ortiz@example.com', 0, 0, '2025-10-05 20:19:25.000000', '40900357', '1159', '1996-11-05', 'F', '40027157'),
	(158, 'pbkdf2_sha256$870000$cawHt0i7nNmFyBRrBBKNyM$kHy4GYBvOoVdXkYsuZ6jzGoYB0sf0qJ+S5YoRJdBNJ8=', NULL, 0, 'Santiago', 'Vargas', 'santiago.vargas@example.com', 0, 0, '2025-10-05 20:19:25.000000', '40900358', '1160', '1990-08-30', 'M', '40027158'),
	(159, 'pbkdf2_sha256$870000$cawHt0i7nNmFyBRrBBKNyM$kHy4GYBvOoVdXkYsuZ6jzGoYB0sf0qJ+S5YoRJdBNJ8=', NULL, 0, 'Luciana', 'Rojas', 'luciana.rojas2@example.com', 0, 0, '2025-10-05 20:19:25.000000', '40900359', '1161', '1997-02-16', 'F', '40027159'),
	(160, 'pbkdf2_sha256$870000$cawHt0i7nNmFyBRrBBKNyM$kHy4GYBvOoVdXkYsuZ6jzGoYB0sf0qJ+S5YoRJdBNJ8=', NULL, 0, 'Tomás', 'Paredes', 'tomas.paredes@example.com', 0, 0, '2025-10-05 20:19:25.000000', '40900360', '1162', '1989-01-25', 'M', '40027160'),
	(161, 'pbkdf2_sha256$870000$cawHt0i7nNmFyBRrBBKNyM$kHy4GYBvOoVdXkYsuZ6jzGoYB0sf0qJ+S5YoRJdBNJ8=', NULL, 0, 'Renata', 'Santos', 'renata.santos@example.com', 0, 0, '2025-10-05 20:19:25.000000', '40900361', '1163', '1992-02-14', 'F', '40027161'),
	(162, 'pbkdf2_sha256$870000$cawHt0i7nNmFyBRrBBKNyM$kHy4GYBvOoVdXkYsuZ6jzGoYB0sf0qJ+S5YoRJdBNJ8=', NULL, 0, 'Hernán', 'Cáceres', 'hernan.caceres@example.com', 0, 0, '2025-10-05 20:19:25.000000', '40900362', '1164', '1988-11-07', 'M', '40027162'),
	(163, 'pbkdf2_sha256$870000$cawHt0i7nNmFyBRrBBKNyM$kHy4GYBvOoVdXkYsuZ6jzGoYB0sf0qJ+S5YoRJdBNJ8=', NULL, 0, 'Noelia', 'Alonso', 'noelia.alonso@example.com', 0, 0, '2025-10-05 20:19:25.000000', '40900363', '1165', '1993-08-12', 'F', '40027163'),
	(164, 'pbkdf2_sha256$870000$cawHt0i7nNmFyBRrBBKNyM$kHy4GYBvOoVdXkYsuZ6jzGoYB0sf0qJ+S5YoRJdBNJ8=', NULL, 0, 'Diego', 'Reyes', 'diego.reyes@example.com', 0, 0, '2025-10-05 20:19:25.000000', '40900364', '1166', '1990-06-30', 'M', '40027164'),
	(165, 'pbkdf2_sha256$870000$cawHt0i7nNmFyBRrBBKNyM$kHy4GYBvOoVdXkYsuZ6jzGoYB0sf0qJ+S5YoRJdBNJ8=', NULL, 0, 'Mariana', 'Ferrer', 'mariana.ferrer@example.com', 0, 0, '2025-10-05 20:19:25.000000', '40900365', '1167', '1995-09-21', 'F', '40027165'),
	(166, 'pbkdf2_sha256$870000$cawHt0i7nNmFyBRrBBKNyM$kHy4GYBvOoVdXkYsuZ6jzGoYB0sf0qJ+S5YoRJdBNJ8=', NULL, 0, 'Agustín', 'Mendoza', 'agustin.mendoza2@example.com', 0, 0, '2025-10-05 20:19:25.000000', '40900366', '1168', '1991-12-10', 'M', '40027166'),
	(167, 'pbkdf2_sha256$870000$cawHt0i7nNmFyBRrBBKNyM$kHy4GYBvOoVdXkYsuZ6jzGoYB0sf0qJ+S5YoRJdBNJ8=', NULL, 0, 'Florencia', 'Ponce', 'florencia.ponce@example.com', 0, 0, '2025-10-05 20:19:25.000000', '40900367', '1169', '1994-03-05', 'F', '40027167'),
	(168, 'pbkdf2_sha256$870000$cawHt0i7nNmFyBRrBBKNyM$kHy4GYBvOoVdXkYsuZ6jzGoYB0sf0qJ+S5YoRJdBNJ8=', NULL, 0, 'Gonzalo', 'Rojas', 'gonzalo.rojas@example.com', 0, 0, '2025-10-05 20:19:25.000000', '40900368', '1170', '1987-07-22', 'M', '40027168'),
	(169, 'pbkdf2_sha256$870000$cawHt0i7nNmFyBRrBBKNyM$kHy4GYBvOoVdXkYsuZ6jzGoYB0sf0qJ+S5YoRJdBNJ8=', NULL, 0, 'Isabel', 'Morales', 'isabel.morales@example.com', 0, 0, '2025-10-05 20:19:25.000000', '40900369', '1171', '1996-05-18', 'F', '40027169'),
	(170, 'pbkdf2_sha256$870000$cawHt0i7nNmFyBRrBBKNyM$kHy4GYBvOoVdXkYsuZ6jzGoYB0sf0qJ+S5YoRJdBNJ8=', NULL, 0, 'Martín', 'Giménez', 'martin.gimenez@example.com', 0, 0, '2025-10-05 20:19:25.000000', '40900370', '1172', '1990-04-14', 'M', '40027170'),
	(171, 'pbkdf2_sha256$870000$cawHt0i7nNmFyBRrBBKNyM$kHy4GYBvOoVdXkYsuZ6jzGoYB0sf0qJ+S5YoRJdBNJ8=', NULL, 0, 'Camila', 'Torres', 'camila.torres@example.com', 0, 0, '2025-10-05 20:19:25.000000', '40900371', '1173', '1997-08-30', 'F', '40027171'),
	(172, 'pbkdf2_sha256$870000$cawHt0i7nNmFyBRrBBKNyM$kHy4GYBvOoVdXkYsuZ6jzGoYB0sf0qJ+S5YoRJdBNJ8=', NULL, 0, 'Julián', 'Ramos', 'julian.ramos@example.com', 0, 0, '2025-10-05 20:19:25.000000', '40900372', '1174', '1992-09-12', 'M', '40027172'),
	(173, 'pbkdf2_sha256$870000$cawHt0i7nNmFyBRrBBKNyM$kHy4GYBvOoVdXkYsuZ6jzGoYB0sf0qJ+S5YoRJdBNJ8=', NULL, 0, 'Lucía', 'Vega', 'lucia.vega@example.com', 0, 0, '2025-10-05 20:19:25.000000', '40900373', '1175', '1994-12-01', 'F', '40027173'),
	(174, 'pbkdf2_sha256$870000$cawHt0i7nNmFyBRrBBKNyM$kHy4GYBvOoVdXkYsuZ6jzGoYB0sf0qJ+S5YoRJdBNJ8=', NULL, 0, 'Facundo', 'Cáceres', 'facundo.caceres@example.com', 0, 0, '2025-10-05 20:19:25.000000', '40900374', '1176', '1989-05-23', 'M', '40027174'),
	(175, 'pbkdf2_sha256$870000$cawHt0i7nNmFyBRrBBKNyM$kHy4GYBvOoVdXkYsuZ6jzGoYB0sf0qJ+S5YoRJdBNJ8=', NULL, 0, 'Melina', 'Serrano', 'melina.serrano3@example.com', 0, 0, '2025-10-05 20:19:25.000000', '40900375', '1177', '1996-01-30', 'F', '40027175'),
	(176, 'pbkdf2_sha256$870000$cawHt0i7nNmFyBRrBBKNyM$kHy4GYBvOoVdXkYsuZ6jzGoYB0sf0qJ+S5YoRJdBNJ8=', NULL, 0, 'Ezequiel', 'Ortega', 'ezequiel.ortega@example.com', 0, 0, '2025-10-05 20:19:25.000000', '40900376', '1178', '1990-10-15', 'M', '40027176'),
	(177, 'pbkdf2_sha256$870000$cawHt0i7nNmFyBRrBBKNyM$kHy4GYBvOoVdXkYsuZ6jzGoYB0sf0qJ+S5YoRJdBNJ8=', NULL, 0, 'Tamara', 'López', 'tamara.lopez@example.com', 0, 0, '2025-10-05 20:19:25.000000', '40900377', '1179', '1993-03-28', 'F', '40027177'),
	(178, 'pbkdf2_sha256$870000$cawHt0i7nNmFyBRrBBKNyM$kHy4GYBvOoVdXkYsuZ6jzGoYB0sf0qJ+S5YoRJdBNJ8=', NULL, 0, 'Leandro', 'Vega', 'leandro.vega@example.com', 0, 0, '2025-10-05 20:19:25.000000', '40900378', '1180', '1988-06-05', 'M', '40027178'),
	(179, 'pbkdf2_sha256$870000$cawHt0i7nNmFyBRrBBKNyM$kHy4GYBvOoVdXkYsuZ6jzGoYB0sf0qJ+S5YoRJdBNJ8=', NULL, 0, 'Ariana', 'Ríos', 'ariana.rios3@example.com', 0, 0, '2025-10-05 20:19:25.000000', '40900379', '1181', '1997-07-19', 'F', '40027179'),
	(180, 'pbkdf2_sha256$870000$cawHt0i7nNmFyBRrBBKNyM$kHy4GYBvOoVdXkYsuZ6jzGoYB0sf0qJ+S5YoRJdBNJ8=', NULL, 0, 'Camilo', 'Benítez', 'camilo.benitez2@example.com', 0, 0, '2025-10-05 20:19:25.000000', '40900380', '1182', '1991-04-21', 'M', '40027180'),
	(181, 'pbkdf2_sha256$870000$cawHt0i7nNmFyBRrBBKNyM$kHy4GYBvOoVdXkYsuZ6jzGoYB0sf0qJ+S5YoRJdBNJ8=', NULL, 0, 'Carolina', 'Serrano', 'carolina.serrano2@example.com', 0, 0, '2025-10-05 20:19:25.000000', '40900381', '1183', '1995-06-18', 'F', '40027181'),
	(182, 'pbkdf2_sha256$870000$cawHt0i7nNmFyBRrBBKNyM$kHy4GYBvOoVdXkYsuZ6jzGoYB0sf0qJ+S5YoRJdBNJ8=', NULL, 0, 'Rodrigo', 'Ponce', 'rodrigo.ponce2@example.com', 0, 0, '2025-10-05 20:19:25.000000', '40900382', '1184', '1991-11-02', 'M', '40027182'),
	(183, 'pbkdf2_sha256$870000$cawHt0i7nNmFyBRrBBKNyM$kHy4GYBvOoVdXkYsuZ6jzGoYB0sf0qJ+S5YoRJdBNJ8=', NULL, 0, 'Melina', 'Aguilar', 'melina.aguilar2@example.com', 0, 0, '2025-10-05 20:19:25.000000', '40900383', '1185', '1996-07-26', 'F', '40027183'),
	(184, 'pbkdf2_sha256$870000$cawHt0i7nNmFyBRrBBKNyM$kHy4GYBvOoVdXkYsuZ6jzGoYB0sf0qJ+S5YoRJdBNJ8=', NULL, 0, 'Julián', 'Mena', 'julian.mena2@example.com', 0, 0, '2025-10-05 20:19:25.000000', '40900384', '1186', '1989-09-04', 'M', '40027184'),
	(185, 'pbkdf2_sha256$870000$cawHt0i7nNmFyBRrBBKNyM$kHy4GYBvOoVdXkYsuZ6jzGoYB0sf0qJ+S5YoRJdBNJ8=', NULL, 0, 'Tamara', 'Gómez', 'tamara.gomez2@example.com', 0, 0, '2025-10-05 20:19:25.000000', '40900385', '1187', '1993-03-19', 'F', '40027185'),
	(186, 'pbkdf2_sha256$870000$cawHt0i7nNmFyBRrBBKNyM$kHy4GYBvOoVdXkYsuZ6jzGoYB0sf0qJ+S5YoRJdBNJ8=', NULL, 0, 'Facundo', 'Ríos', 'facundo.rios2@example.com', 0, 0, '2025-10-05 20:19:25.000000', '40900386', '1188', '1990-05-12', 'M', '40027186'),
	(187, 'pbkdf2_sha256$870000$cawHt0i7nNmFyBRrBBKNyM$kHy4GYBvOoVdXkYsuZ6jzGoYB0sf0qJ+S5YoRJdBNJ8=', NULL, 0, 'Valentina', 'Benítez', 'valentina.benitez2@example.com', 0, 0, '2025-10-05 20:19:25.000000', '40900387', '1189', '1995-10-09', 'F', '40027187'),
	(188, 'pbkdf2_sha256$870000$cawHt0i7nNmFyBRrBBKNyM$kHy4GYBvOoVdXkYsuZ6jzGoYB0sf0qJ+S5YoRJdBNJ8=', NULL, 0, 'Santiago', 'Torres', 'santiago.torres2@example.com', 0, 0, '2025-10-05 20:19:25.000000', '40900388', '1190', '1988-12-20', 'M', '40027188'),
	(189, 'pbkdf2_sha256$870000$cawHt0i7nNmFyBRrBBKNyM$kHy4GYBvOoVdXkYsuZ6jzGoYB0sf0qJ+S5YoRJdBNJ8=', NULL, 0, 'Camila', 'Vega', 'camila.vega2@example.com', 0, 0, '2025-10-05 20:19:25.000000', '40900389', '1191', '1997-11-15', 'F', '40027189'),
	(190, 'pbkdf2_sha256$870000$cawHt0i7nNmFyBRrBBKNyM$kHy4GYBvOoVdXkYsuZ6jzGoYB0sf0qJ+S5YoRJdBNJ8=', NULL, 0, 'Alan', 'Castro', 'alan.castro@example.com', 0, 0, '2025-10-05 20:19:25.000000', '40900390', '1192', '1989-02-15', 'M', '40027190'),
	(191, 'pbkdf2_sha256$870000$cawHt0i7nNmFyBRrBBKNyM$kHy4GYBvOoVdXkYsuZ6jzGoYB0sf0qJ+S5YoRJdBNJ8=', NULL, 0, 'Brenda', 'Ortiz', 'brenda.ortiz@example.com', 0, 0, '2025-10-05 20:19:25.000000', '40900391', '1193', '1992-03-18', 'F', '40027191'),
	(192, 'pbkdf2_sha256$870000$cawHt0i7nNmFyBRrBBKNyM$kHy4GYBvOoVdXkYsuZ6jzGoYB0sf0qJ+S5YoRJdBNJ8=', NULL, 0, 'Cristian', 'Moreno', 'cristian.moreno@example.com', 0, 0, '2025-10-05 20:19:25.000000', '40900392', '1194', '1990-08-22', 'M', '40027192'),
	(193, 'pbkdf2_sha256$870000$cawHt0i7nNmFyBRrBBKNyM$kHy4GYBvOoVdXkYsuZ6jzGoYB0sf0qJ+S5YoRJdBNJ8=', NULL, 0, 'Daniela', 'Luna', 'daniela.luna@example.com', 0, 0, '2025-10-05 20:19:25.000000', '40900393', '1195', '1994-11-05', 'F', '40027193'),
	(194, 'pbkdf2_sha256$870000$cawHt0i7nNmFyBRrBBKNyM$kHy4GYBvOoVdXkYsuZ6jzGoYB0sf0qJ+S5YoRJdBNJ8=', NULL, 0, 'Eduardo', 'Paz', 'eduardo.paz@example.com', 0, 0, '2025-10-05 20:19:25.000000', '40900394', '1196', '1988-12-17', 'M', '40027194'),
	(195, 'pbkdf2_sha256$870000$cawHt0i7nNmFyBRrBBKNyM$kHy4GYBvOoVdXkYsuZ6jzGoYB0sf0qJ+S5YoRJdBNJ8=', NULL, 0, 'Fernanda', 'Ríos', 'fernanda.rios@example.com', 0, 0, '2025-10-05 20:19:25.000000', '40900395', '1197', '1993-06-21', 'F', '40027195'),
	(196, 'pbkdf2_sha256$870000$cawHt0i7nNmFyBRrBBKNyM$kHy4GYBvOoVdXkYsuZ6jzGoYB0sf0qJ+S5YoRJdBNJ8=', NULL, 0, 'Gabriel', 'Molina', 'gabriel.molina@example.com', 0, 0, '2025-10-05 20:19:25.000000', '40900396', '1198', '1991-09-12', 'M', '40027196'),
	(197, 'pbkdf2_sha256$870000$cawHt0i7nNmFyBRrBBKNyM$kHy4GYBvOoVdXkYsuZ6jzGoYB0sf0qJ+S5YoRJdBNJ8=', NULL, 0, 'Helena', 'Vargas', 'helena.vargas@example.com', 0, 0, '2025-10-05 20:19:25.000000', '40900397', '1199', '1995-01-30', 'F', '40027197'),
	(198, 'pbkdf2_sha256$870000$cawHt0i7nNmFyBRrBBKNyM$kHy4GYBvOoVdXkYsuZ6jzGoYB0sf0qJ+S5YoRJdBNJ8=', NULL, 0, 'Ignacio', 'Rojas', 'ignacio.rojas@example.com', 0, 0, '2025-10-05 20:19:25.000000', '40900398', '1200', '1987-07-18', 'M', '40027198'),
	(199, 'pbkdf2_sha256$870000$cawHt0i7nNmFyBRrBBKNyM$kHy4GYBvOoVdXkYsuZ6jzGoYB0sf0qJ+S5YoRJdBNJ8=', NULL, 0, 'Jimena', 'Torres', 'jimena.torres@example.com', 0, 0, '2025-10-05 20:19:25.000000', '40900399', '1201', '1996-04-11', 'F', '40027199'),
	(200, 'pbkdf2_sha256$870000$cawHt0i7nNmFyBRrBBKNyM$kHy4GYBvOoVdXkYsuZ6jzGoYB0sf0qJ+S5YoRJdBNJ8=', NULL, 0, 'Kevin', 'Benítez', 'kevin.benitez@example.com', 0, 0, '2025-10-05 20:19:25.000000', '40900400', '1202', '1990-10-25', 'M', '40027200'),
	(201, 'pbkdf2_sha256$870000$cawHt0i7nNmFyBRrBBKNyM$kHy4GYBvOoVdXkYsuZ6jzGoYB0sf0qJ+S5YoRJdBNJ8=', NULL, 0, 'Laura', 'Navarro', 'laura.navarro@example.com', 0, 0, '2025-10-05 20:19:25.000000', '40900401', '1203', '1992-12-06', 'F', '40027201'),
	(202, 'pbkdf2_sha256$870000$cawHt0i7nNmFyBRrBBKNyM$kHy4GYBvOoVdXkYsuZ6jzGoYB0sf0qJ+S5YoRJdBNJ8=', NULL, 0, 'Martín', 'Gómez', 'martin.gomez3@example.com', 0, 0, '2025-10-05 20:19:25.000000', '40900402', '1204', '1989-08-14', 'M', '40027202'),
	(203, 'pbkdf2_sha256$870000$cawHt0i7nNmFyBRrBBKNyM$kHy4GYBvOoVdXkYsuZ6jzGoYB0sf0qJ+S5YoRJdBNJ8=', NULL, 0, 'Natalia', 'Cáceres', 'natalia.caceres@example.com', 0, 0, '2025-10-05 20:19:25.000000', '40900403', '1205', '1994-05-20', 'F', '40027203'),
	(204, 'pbkdf2_sha256$1000000$Vo9SVOn32Bc9Pzg8kWCgxp$+5ASVofWlw73H9ccCsZDkYdIzljMnsrRVB+AAWVe3K0=', '2025-12-12 02:57:49.645569', 0, 'Octavio', 'Sosa', 'octavio.sosa@example.com', 0, 1, '2025-10-05 20:19:25.000000', '40900404', '1206', '1991-03-03', 'M', '40027204'),
	(205, 'pbkdf2_sha256$870000$cawHt0i7nNmFyBRrBBKNyM$kHy4GYBvOoVdXkYsuZ6jzGoYB0sf0qJ+S5YoRJdBNJ8=', NULL, 0, 'Paula', 'Figueroa', 'paula.figueroa@example.com', 0, 0, '2025-10-05 20:19:25.000000', '40900405', '1207', '1996-09-27', 'F', '40027205'),
	(206, 'pbkdf2_sha256$870000$cawHt0i7nNmFyBRrBBKNyM$kHy4GYBvOoVdXkYsuZ6jzGoYB0sf0qJ+S5YoRJdBNJ8=', NULL, 0, 'Ramiro', 'Muñoz', 'ramiro.munoz@example.com', 0, 0, '2025-10-05 20:19:25.000000', '40900406', '1208', '1988-11-11', 'M', '40027206'),
	(207, 'pbkdf2_sha256$870000$cawHt0i7nNmFyBRrBBKNyM$kHy4GYBvOoVdXkYsuZ6jzGoYB0sf0qJ+S5YoRJdBNJ8=', NULL, 0, 'Silvana', 'Reyes', 'silvana.reyes@example.com', 0, 0, '2025-10-05 20:19:25.000000', '40900407', '1209', '1993-07-02', 'F', '40027207'),
	(208, 'pbkdf2_sha256$1000000$MVFV85iSRABA3vLIWWceQe$jpPtHgljBGPhYtiToM3AabXNjm6dYD/qSEOclkcyPwA=', '2025-12-10 23:39:04.125012', 0, 'Tomás', 'López', 'tomas.lopez3@example.com', 0, 1, '2025-10-05 20:19:25.000000', '40900408', '1210', '1990-12-09', 'M', '40027208'),
	(209, 'pbkdf2_sha256$870000$cawHt0i7nNmFyBRrBBKNyM$kHy4GYBvOoVdXkYsuZ6jzGoYB0sf0qJ+S5YoRJdBNJ8=', NULL, 0, 'Valentina', 'Navarro', 'valentina.navarro3@example.com', 0, 0, '2025-10-05 20:19:25.000000', '40900409', '1211', '1997-05-16', 'F', '40027209'),
	(210, '', NULL, 0, 'Koko', 'Acuña', '', 0, 1, '2025-10-30 20:35:50.177015', '65321457', NULL, '2020-05-21', 'M', NULL),
	(211, 'pbkdf2_sha256$1000000$k0ydYbr0GtnR3ypE6sEoFW$+WYug55CtJR53firDxwEDjTnJ6a9Jd+HWAY9PuBadas=', '2025-12-12 03:08:54.149504', 0, 'Ricardo', 'Fort', 'richard@gmail.com', 0, 1, '2025-11-08 00:50:00.783303', '40900410', '1212', '1990-05-30', 'M', '40027210'),
	(212, 'pbkdf2_sha256$1000000$SXKnQ2kIoHaE063jF361HL$T0w8D3nVaESFhWwj0PM8qqIy3KsL5Ieh+WPQ637F0pg=', '2025-12-12 20:12:31.112886', 0, 'Cristian', 'Fernandez', 'cristian@gmail.com', 0, 1, '2025-11-25 23:04:11.745480', '33214532', '1213', '1985-07-01', 'M', '33789312');

-- Volcando estructura para tabla hospitalbd.controlusuario_persona_groups
CREATE TABLE IF NOT EXISTS `controlusuario_persona_groups` (
  `id` bigint NOT NULL AUTO_INCREMENT,
  `persona_id` bigint NOT NULL,
  `group_id` int NOT NULL,
  PRIMARY KEY (`id`),
  UNIQUE KEY `controlUsuario_persona_groups_persona_id_group_id_63136a5a_uniq` (`persona_id`,`group_id`),
  KEY `controlUsuario_persona_groups_group_id_d8f5f8fd_fk_auth_group_id` (`group_id`),
  CONSTRAINT `controlUsuario_perso_persona_id_9653895e_fk_controlUs` FOREIGN KEY (`persona_id`) REFERENCES `controlusuario_persona` (`id`),
  CONSTRAINT `controlUsuario_persona_groups_group_id_d8f5f8fd_fk_auth_group_id` FOREIGN KEY (`group_id`) REFERENCES `auth_group` (`id`)
) ENGINE=InnoDB DEFAULT CHARSET=utf8mb4 COLLATE=utf8mb4_general_ci;

-- Volcando datos para la tabla hospitalbd.controlusuario_persona_groups: ~0 rows (aproximadamente)

-- Volcando estructura para tabla hospitalbd.controlusuario_persona_user_permissions
CREATE TABLE IF NOT EXISTS `controlusuario_persona_user_permissions` (
  `id` bigint NOT NULL AUTO_INCREMENT,
  `persona_id` bigint NOT NULL,
  `permission_id` int NOT NULL,
  PRIMARY KEY (`id`),
  UNIQUE KEY `controlUsuario_persona_u_persona_id_permission_id_680a1b3d_uniq` (`persona_id`,`permission_id`),
  KEY `controlUsuario_perso_permission_id_4f00a6b1_fk_auth_perm` (`permission_id`),
  CONSTRAINT `controlUsuario_perso_permission_id_4f00a6b1_fk_auth_perm` FOREIGN KEY (`permission_id`) REFERENCES `auth_permission` (`id`),
  CONSTRAINT `controlUsuario_perso_persona_id_67a51105_fk_controlUs` FOREIGN KEY (`persona_id`) REFERENCES `controlusuario_persona` (`id`)
) ENGINE=InnoDB DEFAULT CHARSET=utf8mb4 COLLATE=utf8mb4_general_ci;

-- Volcando datos para la tabla hospitalbd.controlusuario_persona_user_permissions: ~0 rows (aproximadamente)

-- Volcando estructura para tabla hospitalbd.controlusuario_rolesprofesionales
CREATE TABLE IF NOT EXISTS `controlusuario_rolesprofesionales` (
  `id` bigint NOT NULL AUTO_INCREMENT,
  `nombre_rol_profesional` varchar(255) COLLATE utf8mb4_general_ci NOT NULL,
  `especialidad_id` bigint DEFAULT NULL,
  `servicio_diagnostico_id` bigint DEFAULT NULL,
  `tipoUsuario_id` bigint NOT NULL,
  `departamento_id` bigint DEFAULT NULL,
  PRIMARY KEY (`id`),
  KEY `controlUsuario_roles_especialidad_id_1a767efc_fk_hospital_` (`especialidad_id`),
  KEY `controlUsuario_roles_servicio_diagnostico_b8232b32_fk_hospital_` (`servicio_diagnostico_id`),
  KEY `controlUsuario_roles_tipoUsuario_id_76331948_fk_controlUs` (`tipoUsuario_id`),
  KEY `controlUsuario_roles_departamento_id_f19b7c81_fk_hospital_` (`departamento_id`),
  CONSTRAINT `controlUsuario_roles_departamento_id_f19b7c81_fk_hospital_` FOREIGN KEY (`departamento_id`) REFERENCES `hospital_personal_departamento` (`id`),
  CONSTRAINT `controlUsuario_roles_especialidad_id_1a767efc_fk_hospital_` FOREIGN KEY (`especialidad_id`) REFERENCES `hospital_personal_especialidades` (`id`),
  CONSTRAINT `controlUsuario_roles_servicio_diagnostico_b8232b32_fk_hospital_` FOREIGN KEY (`servicio_diagnostico_id`) REFERENCES `hospital_personal_serviciodiagnostico` (`id`),
  CONSTRAINT `controlUsuario_roles_tipoUsuario_id_76331948_fk_controlUs` FOREIGN KEY (`tipoUsuario_id`) REFERENCES `controlusuario_tiposusuarios` (`id`)
) ENGINE=InnoDB AUTO_INCREMENT=104 DEFAULT CHARSET=utf8mb4 COLLATE=utf8mb4_general_ci;

-- Volcando datos para la tabla hospitalbd.controlusuario_rolesprofesionales: ~97 rows (aproximadamente)
INSERT INTO `controlusuario_rolesprofesionales` (`id`, `nombre_rol_profesional`, `especialidad_id`, `servicio_diagnostico_id`, `tipoUsuario_id`, `departamento_id`) VALUES
	(1, 'Médico General', 3, NULL, 3, NULL),
	(2, 'Médico Urgenciólogo', 1, NULL, 8, NULL),
	(3, 'Cirujano de Urgencias', 2, NULL, 8, NULL),
	(4, 'Pediatra', 4, NULL, 3, NULL),
	(5, 'Ginecólogo-Obstetra', NULL, NULL, 3, NULL),
	(6, 'Dermatólogo', 6, NULL, 3, NULL),
	(7, 'Cirujano General', 7, NULL, 3, NULL),
	(8, 'Cirujano Oncológico', 8, NULL, 3, NULL),
	(9, 'Cirujano Vascular', 9, NULL, 3, NULL),
	(10, 'Intensivista', 10, NULL, 8, NULL),
	(11, 'Anestesiólogo', 11, NULL, 8, NULL),
	(12, 'Radiólogo Intervencionista', 12, NULL, 3, NULL),
	(13, 'Patólogo', 13, NULL, 8, NULL),
	(14, 'Microbiólogo', 14, NULL, 8, NULL),
	(15, 'Oncólogo', 15, NULL, 3, NULL),
	(16, 'Ginecólogo oncólogo', 16, NULL, 3, NULL),
	(17, 'Neonatólogo', 17, NULL, 8, NULL),
	(18, 'Obstetra', 18, NULL, 3, NULL),
	(19, 'Ginecólogo', 19, NULL, 3, NULL),
	(20, 'Dermatólogo Estético', 20, NULL, 3, NULL),
	(21, 'Cirujano Dermatológico', 21, NULL, 3, NULL),
	(22, 'Pediatra de Emergencias', 22, NULL, 8, NULL),
	(23, 'Médico en Gestión de Desastres', 23, NULL, 8, NULL),
	(24, 'Cardiólogo', 24, NULL, 3, NULL),
	(25, 'Neumólogo', 25, NULL, 3, NULL),
	(26, 'Endocrinólogo', 26, NULL, 3, NULL),
	(27, 'Oftalmólogo', 27, NULL, 3, NULL),
	(28, 'Otorrinolaringólogo', 28, NULL, 3, NULL),
	(29, 'Urólogo', 29, NULL, 3, NULL),
	(30, 'Reumatólogo', 30, NULL, 3, NULL),
	(31, 'Gastroenterólogo', 31, NULL, 3, NULL),
	(32, 'Neurólogo', 32, NULL, 3, NULL),
	(33, 'Cirujano Torácico', 33, NULL, 3, NULL),
	(34, 'Cirujano Plástico', 34, NULL, 3, NULL),
	(35, 'Ortopedista', 35, NULL, 3, NULL),
	(36, 'Neurólogo intensivista', 36, NULL, 8, NULL),
	(37, 'Médico paliativista', 37, NULL, 3, NULL),
	(38, 'Técnico en Radiología Convencional', NULL, 1, 5, NULL),
	(39, 'Médico Ecografista de Emergencias', NULL, 2, 5, NULL),
	(40, 'Técnico en Laboratorio Clínico', NULL, 4, 5, NULL),
	(41, 'Técnico en Electrocardiografía', NULL, 5, 5, NULL),
	(42, 'Médico Ecografista General', NULL, 6, 5, NULL),
	(43, 'Técnico en Función Pulmonar', NULL, 7, 5, NULL),
	(44, 'Médico Endoscopista', NULL, 8, 5, NULL),
	(45, 'Técnico en Audiometría', NULL, 9, 5, NULL),
	(46, 'Optometrista Clínico', NULL, 10, 5, NULL),
	(47, 'Técnico en Alergología', NULL, 11, 5, NULL),
	(48, 'Técnico Radiólogo Quirúrgico', NULL, 12, 5, NULL),
	(49, 'Técnico en Tomografía Axial Computarizada', NULL, 13, 5, NULL),
	(50, 'Técnico en Resonancia Magnética', NULL, 14, 5, NULL),
	(51, 'Técnico en Monitoreo Cardiaco', NULL, 15, 5, NULL),
	(52, 'Kinesiólogo Respiratorio', NULL, 16, 5, NULL),
	(53, 'Técnico en Neurofisiología Clínica', NULL, 17, 5, NULL),
	(54, 'Técnico Radiólogo General', NULL, 18, 5, NULL),
	(55, 'Técnico Mamógrafo', NULL, 22, 5, NULL),
	(56, 'Bioquímico Hematólogo', NULL, 23, 5, NULL),
	(57, 'Bioquímico Urinólogo', NULL, 24, 5, NULL),
	(58, 'Bioquímico Molecular', NULL, 25, 5, NULL),
	(59, 'Patólogo Oncológico', NULL, 27, 5, NULL),
	(60, 'Técnico en Radioterapia', NULL, 28, 5, NULL),
	(61, 'Bioquímico Neonatal', NULL, 29, 5, NULL),
	(62, 'Ecografista Pediátrico', NULL, 30, 5, NULL),
	(63, 'Ecografista Ginecológico', NULL, 31, 5, NULL),
	(64, 'Especialista en Reproducción Asistida', NULL, 32, 5, NULL),
	(65, 'Dermatólogo Dermatoscopista', NULL, 33, 5, NULL),
	(66, 'Dermatólogo Alergólogo', NULL, 34, 5, NULL),
	(67, 'Bioquímico Endocrinólogo', NULL, 35, 5, NULL),
	(68, 'Microbiólogo Clínico', NULL, 36, 5, NULL),
	(69, 'Técnico en Diagnóstico Funcional Cardiológico', NULL, 37, 5, NULL),
	(70, 'Bioquímico Clínico General', NULL, 38, 5, NULL),
	(71, 'Bioquímico Inmunólogo', NULL, 39, 5, NULL),
	(72, 'Hemoterapeuta', NULL, 40, 5, NULL),
	(73, 'Ecocardiografista Clínico', NULL, 41, 5, NULL),
	(74, 'Neumonólogo Clínico', NULL, 42, 5, NULL),
	(75, 'Bioquímico Hormonólogo', NULL, 43, 5, NULL),
	(76, 'Operador de Mamografía', NULL, 44, 5, NULL),
	(77, 'Anatomopatólogo Clínico', NULL, 45, 5, NULL),
	(78, 'Ginecólogo Clínico', NULL, 46, 5, NULL),
	(79, 'Dermatólogo Clínico', NULL, 47, 5, NULL),
	(80, 'Neurólogo Clínico', NULL, 48, 5, NULL),
	(81, 'Laboratorio', NULL, NULL, 6, NULL),
	(82, 'Imagenología', NULL, NULL, 6, NULL),
	(83, 'Fisiológicos', NULL, NULL, 6, NULL),
	(84, 'Evaluaciones Clínicas', NULL, NULL, 6, NULL),
	(85, 'Urgencias', NULL, NULL, 7, 1),
	(86, 'Pediatra', 4, NULL, 8, NULL),
	(87, 'Dermatólogo', 6, NULL, 8, NULL),
	(88, 'Oncólogo', 15, NULL, 8, NULL),
	(89, 'Ginecólogo oncólogo', 16, NULL, 8, NULL),
	(90, 'Obstetra', 18, NULL, 8, NULL),
	(91, 'Cardiólogo', 24, NULL, 8, NULL),
	(92, 'Neumólogo', 25, NULL, 8, NULL),
	(93, 'Endocrinólogo', 26, NULL, 8, NULL),
	(94, 'Oftalmólogo', 27, NULL, 8, NULL),
	(95, 'Otorrinolaringólogo', 28, NULL, 8, NULL),
	(96, 'Urólogo', 29, NULL, 8, NULL),
	(97, 'Reumatólogo', 30, NULL, 8, NULL),
	(98, 'Gastroenterólogo', 31, NULL, 8, NULL),
	(99, 'Neurólogo', 32, NULL, 8, NULL),
	(100, 'Médico paliativista', 37, NULL, 8, NULL),
	(101, 'Enfermero de Urgencias', 1, NULL, 4, NULL),
	(102, 'Administrador del Sistema', NULL, NULL, 1, NULL),
	(103, 'Administrador de Hospital', NULL, NULL, 2, NULL);

-- Volcando estructura para tabla hospitalbd.controlusuario_tiposusuarios
CREATE TABLE IF NOT EXISTS `controlusuario_tiposusuarios` (
  `id` bigint NOT NULL AUTO_INCREMENT,
  `nombre_tipoUsuario` varchar(255) COLLATE utf8mb4_general_ci NOT NULL,
  PRIMARY KEY (`id`)
) ENGINE=InnoDB AUTO_INCREMENT=9 DEFAULT CHARSET=utf8mb4 COLLATE=utf8mb4_general_ci;

-- Volcando datos para la tabla hospitalbd.controlusuario_tiposusuarios: ~6 rows (aproximadamente)
INSERT INTO `controlusuario_tiposusuarios` (`id`, `nombre_tipoUsuario`) VALUES
	(1, 'Superadministrador'),
	(2, 'Administrador'),
	(3, 'Médico de consultorio'),
	(4, 'Enfermero'),
	(5, 'Apoyo en Diagnóstico y Tratamiento'),
	(6, 'Operador de Resultados'),
	(7, 'Jefe de Enfermería'),
	(8, 'Médico hospitalario');

-- Volcando estructura para tabla hospitalbd.controlusuario_usuario
CREATE TABLE IF NOT EXISTS `controlusuario_usuario` (
  `id` bigint NOT NULL AUTO_INCREMENT,
  `numero_matricula` varchar(50) COLLATE utf8mb4_general_ci DEFAULT NULL,
  `debe_cambiar_contraseña` tinyint(1) NOT NULL,
  `persona_id` bigint NOT NULL,
  `tipoUsuario_id` bigint NOT NULL,
  PRIMARY KEY (`id`),
  UNIQUE KEY `persona_id` (`persona_id`),
  KEY `controlUsuario_usuar_tipoUsuario_id_ded93330_fk_controlUs` (`tipoUsuario_id`),
  CONSTRAINT `controlUsuario_usuar_persona_id_60479e85_fk_controlUs` FOREIGN KEY (`persona_id`) REFERENCES `controlusuario_persona` (`id`),
  CONSTRAINT `controlUsuario_usuar_tipoUsuario_id_ded93330_fk_controlUs` FOREIGN KEY (`tipoUsuario_id`) REFERENCES `controlusuario_tiposusuarios` (`id`)
) ENGINE=InnoDB AUTO_INCREMENT=211 DEFAULT CHARSET=utf8mb4 COLLATE=utf8mb4_general_ci;

-- Volcando datos para la tabla hospitalbd.controlusuario_usuario: ~188 rows (aproximadamente)
INSERT INTO `controlusuario_usuario` (`id`, `numero_matricula`, `debe_cambiar_contraseña`, `persona_id`, `tipoUsuario_id`) VALUES
	(1, '', 0, 1, 1),
	(2, '10015', 0, 2, 3),
	(3, '11111', 1, 4, 5),
	(4, '15321', 1, 5, 3),
	(5, '12100', 0, 6, 3),
	(6, '12101', 1, 7, 3),
	(7, '12102', 0, 8, 3),
	(8, '12103', 1, 9, 3),
	(9, '12104', 1, 10, 3),
	(10, '', 0, 11, 6),
	(11, '12106', 1, 12, 3),
	(12, '12107', 1, 13, 3),
	(13, '12108', 1, 14, 3),
	(14, '12109', 1, 15, 3),
	(15, '12110', 1, 16, 3),
	(16, '12111', 1, 17, 3),
	(17, '12112', 1, 18, 3),
	(18, '12113', 1, 19, 3),
	(19, '12114', 1, 20, 3),
	(20, '12115', 1, 21, 3),
	(21, '12116', 1, 22, 3),
	(22, '12117', 1, 23, 3),
	(23, '12118', 1, 24, 3),
	(24, '12119', 1, 25, 3),
	(25, '12120', 1, 26, 3),
	(26, '12121', 1, 27, 3),
	(27, '12122', 1, 28, 3),
	(28, '12123', 1, 29, 3),
	(29, '12124', 1, 30, 3),
	(30, '12125', 1, 31, 3),
	(31, '12126', 1, 32, 3),
	(32, '12127', 1, 33, 3),
	(33, '12128', 1, 34, 3),
	(34, '12130', 1, 35, 3),
	(35, '12131', 1, 36, 3),
	(36, '12132', 1, 37, 3),
	(37, '12133', 1, 38, 3),
	(38, '12134', 1, 39, 3),
	(39, '12135', 1, 40, 3),
	(40, '12136', 1, 41, 3),
	(41, '12137', 1, 42, 3),
	(42, '12138', 1, 43, 3),
	(43, '12139', 1, 44, 3),
	(44, '12140', 1, 45, 3),
	(45, '12141', 1, 46, 3),
	(46, '12142', 1, 47, 3),
	(47, '12143', 1, 48, 3),
	(48, '12144', 1, 49, 3),
	(49, '12145', 1, 50, 3),
	(50, '12146', 1, 51, 3),
	(51, '12147', 1, 52, 3),
	(52, '12148', 1, 53, 3),
	(53, '12149', 1, 54, 3),
	(54, '12150', 1, 55, 3),
	(55, '12151', 1, 56, 3),
	(56, '12152', 1, 57, 3),
	(57, '12153', 1, 58, 3),
	(58, '12154', 1, 59, 3),
	(59, '12155', 1, 60, 3),
	(60, '12156', 1, 61, 3),
	(61, '12157', 1, 62, 3),
	(62, '12158', 1, 63, 3),
	(63, '12159', 1, 64, 3),
	(64, '12160', 1, 65, 3),
	(65, '12161', 1, 66, 3),
	(66, '12162', 1, 67, 3),
	(67, '12163', 1, 68, 3),
	(68, '12167', 1, 69, 3),
	(69, '12168', 1, 70, 3),
	(70, '12169', 1, 71, 3),
	(71, '12170', 1, 72, 3),
	(72, '12171', 1, 73, 3),
	(73, '12172', 1, 74, 3),
	(74, '12173', 1, 75, 3),
	(75, '12174', 1, 76, 3),
	(76, '12175', 1, 77, 3),
	(77, '12176', 1, 78, 3),
	(78, '12177', 1, 79, 3),
	(79, '12179', 1, 80, 3),
	(80, '12180', 1, 81, 3),
	(81, '12181', 1, 82, 3),
	(82, '12182', 1, 83, 3),
	(83, '12183', 1, 84, 3),
	(84, '12184', 1, 85, 3),
	(85, '12185', 1, 86, 3),
	(86, '12186', 1, 87, 3),
	(87, '12187', 1, 88, 3),
	(88, '12188', 1, 89, 3),
	(89, '12189', 1, 90, 3),
	(90, '12190', 1, 91, 3),
	(91, '12191', 1, 92, 3),
	(92, '12192', 1, 93, 3),
	(93, '12193', 1, 94, 3),
	(94, '12194', 1, 95, 3),
	(95, '12195', 1, 96, 3),
	(96, '12196', 1, 97, 3),
	(97, '12197', 1, 98, 3),
	(98, '12198', 1, 99, 3),
	(99, '12199', 1, 100, 3),
	(100, '12200', 1, 101, 3),
	(101, '12201', 1, 102, 3),
	(102, '12202', 1, 103, 3),
	(103, '12203', 1, 104, 3),
	(104, '12204', 1, 105, 3),
	(105, '12205', 1, 106, 3),
	(106, '12206', 1, 107, 3),
	(107, '12207', 1, 108, 3),
	(108, '12208', 1, 109, 3),
	(109, '12209', 1, 110, 3),
	(110, '12210', 1, 111, 3),
	(111, '12211', 1, 112, 3),
	(112, '12212', 1, 113, 3),
	(113, '12213', 1, 114, 3),
	(114, '12214', 1, 115, 3),
	(115, '12215', 1, 116, 3),
	(116, '12216', 1, 117, 3),
	(117, '12217', 1, 118, 3),
	(118, '12218', 1, 119, 3),
	(119, '12219', 1, 120, 3),
	(120, '12220', 1, 121, 3),
	(121, '12221', 1, 122, 3),
	(122, '12222', 1, 123, 3),
	(123, '12223', 1, 124, 3),
	(124, '12224', 1, 125, 3),
	(125, '12225', 1, 126, 3),
	(126, '12226', 1, 127, 3),
	(127, '12227', 1, 128, 3),
	(128, '12228', 1, 129, 3),
	(129, '12229', 1, 130, 3),
	(130, '12230', 1, 131, 3),
	(131, '12231', 1, 132, 3),
	(132, '12232', 1, 133, 3),
	(133, '12233', 1, 134, 3),
	(134, '12234', 1, 135, 3),
	(135, '12235', 1, 136, 3),
	(136, '12236', 1, 137, 3),
	(137, '12237', 1, 138, 3),
	(138, '12238', 1, 139, 3),
	(139, '12239', 1, 140, 3),
	(140, '12240', 1, 141, 3),
	(141, '12241', 1, 142, 3),
	(142, '12242', 1, 143, 3),
	(143, '12243', 1, 144, 3),
	(144, '12244', 1, 145, 3),
	(145, '12245', 1, 146, 3),
	(146, '12246', 1, 147, 3),
	(147, '12247', 1, 148, 3),
	(148, '12248', 1, 149, 3),
	(149, '12249', 1, 150, 3),
	(150, '12250', 1, 151, 3),
	(151, '12251', 1, 152, 3),
	(152, '12252', 1, 153, 3),
	(153, '12253', 1, 154, 3),
	(154, '12254', 1, 155, 3),
	(155, '12255', 1, 156, 3),
	(156, '12256', 1, 157, 3),
	(157, '12257', 1, 158, 3),
	(158, '12258', 1, 159, 3),
	(159, '12259', 1, 160, 3),
	(160, '12260', 1, 161, 3),
	(161, '12261', 1, 162, 3),
	(162, '12262', 1, 163, 3),
	(163, '12263', 1, 164, 3),
	(164, '12264', 1, 165, 3),
	(165, '12265', 1, 166, 3),
	(166, '12266', 1, 167, 3),
	(167, '12267', 1, 168, 3),
	(168, '12268', 1, 169, 3),
	(169, '12269', 1, 170, 3),
	(170, '12270', 1, 171, 3),
	(171, '12271', 1, 172, 3),
	(172, '12272', 1, 173, 3),
	(173, '12273', 1, 174, 3),
	(174, '12274', 1, 175, 3),
	(175, '12275', 1, 176, 3),
	(176, '12276', 1, 177, 3),
	(177, '12277', 1, 178, 3),
	(178, '12278', 1, 179, 3),
	(179, '12279', 1, 180, 3),
	(180, '12280', 1, 181, 3),
	(181, '12281', 1, 182, 3),
	(182, '12282', 1, 183, 3),
	(183, '12283', 1, 184, 3),
	(184, '12284', 1, 185, 3),
	(185, '12285', 1, 186, 3),
	(186, '12286', 1, 187, 3),
	(187, '12287', 1, 188, 3),
	(188, '12288', 1, 189, 3),
	(189, '12289', 1, 190, 3),
	(190, '12290', 1, 191, 3),
	(191, '12291', 1, 192, 3),
	(192, '12292', 1, 193, 3),
	(193, '12293', 1, 194, 3),
	(194, '12294', 1, 195, 3),
	(195, '12295', 1, 196, 3),
	(196, '12296', 1, 197, 3),
	(197, '12297', 1, 198, 3),
	(198, '12298', 1, 199, 3),
	(199, '12299', 1, 200, 3),
	(200, '12300', 1, 201, 3),
	(201, '12301', 1, 202, 3),
	(202, '12302', 1, 203, 3),
	(203, '12303', 0, 204, 4),
	(204, '12304', 1, 205, 4),
	(205, '12305', 1, 206, 4),
	(206, '12306', 1, 207, 4),
	(207, '12307', 0, 208, 8),
	(208, '12308', 1, 209, 8),
	(209, '12309', 0, 211, 7),
	(210, '', 0, 212, 2);

-- Volcando estructura para tabla hospitalbd.django_admin_log
CREATE TABLE IF NOT EXISTS `django_admin_log` (
  `id` int NOT NULL AUTO_INCREMENT,
  `action_time` datetime(6) NOT NULL,
  `object_id` longtext COLLATE utf8mb4_general_ci,
  `object_repr` varchar(200) COLLATE utf8mb4_general_ci NOT NULL,
  `action_flag` smallint unsigned NOT NULL,
  `change_message` longtext COLLATE utf8mb4_general_ci NOT NULL,
  `content_type_id` int DEFAULT NULL,
  `user_id` bigint NOT NULL,
  PRIMARY KEY (`id`),
  KEY `django_admin_log_content_type_id_c4bce8eb_fk_django_co` (`content_type_id`),
  KEY `django_admin_log_user_id_c564eba6_fk_controlUsuario_persona_id` (`user_id`),
  CONSTRAINT `django_admin_log_content_type_id_c4bce8eb_fk_django_co` FOREIGN KEY (`content_type_id`) REFERENCES `django_content_type` (`id`),
  CONSTRAINT `django_admin_log_user_id_c564eba6_fk_controlUsuario_persona_id` FOREIGN KEY (`user_id`) REFERENCES `controlusuario_persona` (`id`),
  CONSTRAINT `django_admin_log_chk_1` CHECK ((`action_flag` >= 0))
) ENGINE=InnoDB AUTO_INCREMENT=85 DEFAULT CHARSET=utf8mb4 COLLATE=utf8mb4_general_ci;

-- Volcando datos para la tabla hospitalbd.django_admin_log: ~79 rows (aproximadamente)
INSERT INTO `django_admin_log` (`id`, `action_time`, `object_id`, `object_repr`, `action_flag`, `change_message`, `content_type_id`, `user_id`) VALUES
	(1, '2025-10-20 17:43:01.097971', '1', 'Jose Perez (1000) - DNI: 37567897', 2, '[{"changed": {"fields": ["Dni", "Sexo", "Telefono"]}}]', 9, 1),
	(2, '2025-10-21 00:10:05.286271', '1', 'El usuario (ID:2 - Koko Kokin - Médico )  trabaja los dias Lunes en el lugar \'Consultorio de Medicina General 1 (CONS-MG)\' en el horario: Diurno (7:00 a 15:00) ', 2, '[{"changed": {"fields": ["RolProfesionalAsignado"]}}]', 26, 1),
	(3, '2025-10-21 00:10:16.577227', '2', 'El usuario (ID:2 - Koko Kokin - Médico )  trabaja los dias Martes en el lugar \'Consultorio de Medicina General 1 (CONS-MG)\' en el horario: Diurno (7:00 a 15:00) ', 2, '[{"changed": {"fields": ["RolProfesionalAsignado"]}}]', 26, 1),
	(4, '2025-10-21 00:10:31.854440', '3', 'El usuario (ID:2 - Koko Kokin - Médico )  trabaja los dias Miércoles en el lugar \'Consultorio de Medicina General 1 (CONS-MG)\' en el horario: Diurno (7:00 a 15:00) ', 2, '[{"changed": {"fields": ["RolProfesionalAsignado"]}}]', 26, 1),
	(5, '2025-10-21 00:10:38.461109', '4', 'El usuario (ID:2 - Koko Kokin - Médico )  trabaja los dias Jueves en el lugar \'Consultorio de Medicina General 1 (CONS-MG)\' en el horario: Diurno (7:00 a 15:00) ', 2, '[{"changed": {"fields": ["RolProfesionalAsignado"]}}]', 26, 1),
	(6, '2025-10-21 00:10:43.914317', '5', 'El usuario (ID:2 - Koko Kokin - Médico )  trabaja los dias Viernes en el lugar \'Consultorio de Medicina General 1 (CONS-MG)\' en el horario: Diurno (7:00 a 15:00) ', 2, '[{"changed": {"fields": ["RolProfesionalAsignado"]}}]', 26, 1),
	(7, '2025-10-21 00:10:56.656813', '6', 'El usuario (ID:3 - Walter White - Apoyo en Diagnóstico y Tratamiento )  trabaja los dias Lunes en el lugar \'Sala de Radiología 1 (LAB-RAD)\' en el horario: Diurno (7:00 a 15:00) ', 2, '[{"changed": {"fields": ["RolProfesionalAsignado"]}}]', 26, 1),
	(8, '2025-10-21 00:11:02.579565', '7', 'El usuario (ID:3 - Walter White - Apoyo en Diagnóstico y Tratamiento )  trabaja los dias Martes en el lugar \'Sala de Radiología 1 (LAB-RAD)\' en el horario: Diurno (7:00 a 15:00) ', 2, '[{"changed": {"fields": ["RolProfesionalAsignado"]}}]', 26, 1),
	(9, '2025-10-21 00:11:07.682495', '8', 'El usuario (ID:3 - Walter White - Apoyo en Diagnóstico y Tratamiento )  trabaja los dias Miércoles en el lugar \'Sala de Radiología 1 (LAB-RAD)\' en el horario: Diurno (7:00 a 15:00) ', 2, '[{"changed": {"fields": ["RolProfesionalAsignado"]}}]', 26, 1),
	(10, '2025-10-22 20:49:16.009801', '121', 'Sala de Rayos X 3 (RX-27)', 2, '[{"changed": {"fields": ["Nombre", "Abreviacion", "Capacidad", "Descripcion"]}}]', 18, 1),
	(11, '2025-10-22 20:49:28.079488', '121', 'Sala de Rayos X 3 (RX-27)', 2, '[{"changed": {"fields": ["Es critico"]}}]', 18, 1),
	(12, '2025-10-22 20:49:57.070085', '122', 'Sala de Rayos X 4 (RX-28)', 2, '[{"changed": {"fields": ["Nombre", "Abreviacion", "Capacidad", "Descripcion", "Es critico", "Departamento"]}}]', 18, 1),
	(13, '2025-10-22 20:50:09.453075', '121', 'Sala de Rayos X 3 (RX-27)', 2, '[]', 18, 1),
	(14, '2025-10-22 20:57:38.135138', '63', 'Sala de Electrocardiogramas 1 (ECG-406)', 2, '[{"changed": {"fields": ["Nombre", "Abreviacion"]}}]', 18, 1),
	(15, '2025-10-22 20:58:22.098901', '127', 'Sala de Electrocardiogramas 2 (ECG-33)', 2, '[{"changed": {"fields": ["Nombre", "Abreviacion"]}}]', 18, 1),
	(16, '2025-10-22 20:59:33.686149', '63', 'Sala de Electrocardiogramas 2 (ECG-406)', 2, '[{"changed": {"fields": ["Nombre"]}}]', 18, 1),
	(17, '2025-10-22 20:59:47.256686', '127', 'Sala de Electrocardiogramas 1 (ECG-33)', 2, '[{"changed": {"fields": ["Nombre"]}}]', 18, 1),
	(18, '2025-10-22 21:06:32.728624', '169', 'Sala de Ecografía General (ECO-GRAL-48)', 1, '[{"added": {}}]', 18, 1),
	(19, '2025-10-22 21:10:39.766263', '150', 'Sala de Ecografía Ginecológica (ECO-GINE-238)', 2, '[{"changed": {"fields": ["Abreviacion"]}}]', 18, 1),
	(20, '2025-10-22 21:10:55.106326', '149', 'Sala de Ecografía Pediátrica (ECO-PED-237)', 2, '[{"changed": {"fields": ["Abreviacion"]}}]', 18, 1),
	(21, '2025-10-22 21:12:53.478057', '123', 'Sala de Ecografía de Emergencia (ECO-EMERG-29)', 2, '[{"changed": {"fields": ["Abreviacion"]}}]', 18, 1),
	(22, '2025-10-22 21:14:25.048599', '170', 'Sala de Ecografía General (ECO-GRAL-49)', 1, '[{"added": {}}]', 18, 1),
	(23, '2025-10-22 21:14:32.432832', '169', 'Sala de Ecografía General 1 (ECO-GRAL-48)', 2, '[{"changed": {"fields": ["Nombre"]}}]', 18, 1),
	(24, '2025-10-22 21:14:38.927062', '170', 'Sala de Ecografía General 2 (ECO-GRAL-49)', 2, '[{"changed": {"fields": ["Nombre"]}}]', 18, 1),
	(25, '2025-10-22 21:18:22.539918', '139', 'Sala de Electroencefalograma (EEG-331)', 2, '[{"changed": {"fields": ["Nombre", "Abreviacion"]}}]', 18, 1),
	(26, '2025-10-22 21:23:22.027466', '115', 'Sala de Radiología General 1 (RAD-GRAL-24)', 2, '[{"changed": {"fields": ["Nombre", "Abreviacion"]}}]', 18, 1),
	(27, '2025-10-22 21:23:45.413453', '116', 'Sala de Radiología General 2 (RAD-GRAL-25)', 2, '[{"changed": {"fields": ["Nombre", "Abreviacion"]}}]', 18, 1),
	(28, '2025-10-22 21:25:59.355251', '140', 'Sala de Mamografía 1 (MAMOG-38)', 2, '[{"changed": {"fields": ["Nombre", "Abreviacion"]}}]', 18, 1),
	(29, '2025-10-22 21:26:13.619192', '166', 'Sala de Mamografía 2 (MAMOG-46)', 2, '[{"changed": {"fields": ["Nombre", "Abreviacion"]}}]', 18, 1),
	(30, '2025-10-22 21:34:59.086258', '152', 'Sala de Dermatoscopia (DERMATOSC-114)', 2, '[{"changed": {"fields": ["Abreviacion"]}}]', 18, 1),
	(31, '2025-10-25 19:42:23.712802', '3', 'ID turno: 3, Estado: Pendiente', 2, '[{"changed": {"fields": ["Fecha turno"]}}]', 23, 1),
	(32, '2025-10-25 20:37:18.528821', '3', 'ID turno: 3, Estado: Pendiente', 2, '[{"changed": {"fields": ["Fecha turno"]}}]', 23, 1),
	(33, '2025-10-26 02:00:08.741660', '2', 'ID turno: 2, Estado: Pendiente', 2, '[{"changed": {"fields": ["Profesional"]}}]', 23, 1),
	(34, '2025-10-26 02:04:22.000000', '2', 'ID turno: 2, Estado: Pendiente', 2, '[{"changed": {"fields": ["Lugar"]}}]', 23, 1),
	(35, '2025-10-26 02:04:50.303540', '2', 'ID turno: 2, Estado: Pendiente', 2, '[{"changed": {"fields": ["Profesional", "Lugar"]}}]', 23, 1),
	(36, '2025-10-26 23:15:51.195428', '3', 'ID turno: 3, Estado: Atendido', 2, '[{"changed": {"fields": ["Fecha turno"]}}]', 23, 1),
	(37, '2025-10-26 23:16:33.769047', '3', 'ID turno: 3, Estado: Atendido', 2, '[{"changed": {"fields": ["Fecha turno"]}}]', 23, 1),
	(38, '2025-10-26 23:56:52.094960', '1', 'Solitud pedida en la consulta n°: 1 - N° de orden: 1 - Tipo Estudio: "Hemograma completo" - Estado: pendiente - Paciente ID: 1', 2, '[]', 20, 1),
	(39, '2025-10-26 23:57:01.906823', '2', 'Solitud pedida en la consulta n°: 1 - N° de orden: 2 - Tipo Estudio: "Glucemia" - Estado: pendiente - Paciente ID: 1', 2, '[]', 20, 1),
	(40, '2025-10-31 19:14:51.615993', '11', 'Usuario: Koko Kokin (N° Legajo: 1005) - Especialidad en que trabaja: Medicina General como Médico General', 1, '[{"added": {}}]', 27, 1),
	(41, '2025-10-31 22:20:51.918009', '58', 'Consultorio de Pediatría 3 (CONS-PEDG-220)', 2, '[{"changed": {"fields": ["Nombre"]}}]', 18, 1),
	(42, '2025-10-31 22:21:07.517367', '59', 'Consultorio de Pediatría 2 (CONS-PEDG-221)', 2, '[{"changed": {"fields": ["Nombre"]}}]', 18, 1),
	(43, '2025-10-31 22:21:49.447993', '59', 'Consultorio de Pediatría 4 (CONS-PED-221)', 2, '[{"changed": {"fields": ["Nombre", "Abreviacion"]}}]', 18, 1),
	(44, '2025-10-31 22:22:02.912297', '58', 'Consultorio de Pediatría 3 (CONS-PED-220)', 2, '[{"changed": {"fields": ["Abreviacion"]}}]', 18, 1),
	(45, '2025-10-31 22:32:36.805493', '73', 'Consultorio de Dermatología 3 (CONS-DER-107)', 2, '[{"changed": {"fields": ["Nombre"]}}]', 18, 1),
	(46, '2025-10-31 22:32:51.001377', '74', 'Consultorio de Dermatología 4 (CONS-DER-108)', 2, '[{"changed": {"fields": ["Nombre"]}}]', 18, 1),
	(47, '2025-10-31 23:09:53.770755', '171', 'Consultorio del radiólogo intervencionista (CONS-RAD-INT-118)', 1, '[{"added": {}}]', 18, 1),
	(48, '2025-10-31 23:11:49.964602', '171', 'Consultorio del Radiólogo Intervencionista 1 (CONS-RAD-INT-118)', 2, '[{"changed": {"fields": ["Nombre"]}}]', 18, 1),
	(49, '2025-10-31 23:11:54.809774', '172', 'Consultorio del Radiólogo Intervencionista 2 (CONS-RAD-INT-119)', 1, '[{"added": {}}]', 18, 1),
	(50, '2025-11-01 01:45:45.089989', '131', 'Consultorio de Oftalmología 1 (CONS-OFT-111)', 2, '[{"changed": {"fields": ["Nombre", "Tipo"]}}]', 18, 1),
	(51, '2025-11-01 02:03:03.012455', '173', 'Consultorio de Oftalmología 2 (CONS-OFT-118)', 1, '[{"added": {}}]', 18, 1),
	(52, '2025-11-01 02:20:44.743597', '174', 'Consultorio de Otorrinolaringología 2 (CONS-OTO-119)', 1, '[{"added": {}}]', 18, 1),
	(53, '2025-11-01 17:51:43.666771', '175', 'Consultorio de Urología 1 (CONS-URO-120)', 1, '[{"added": {}}]', 18, 1),
	(54, '2025-11-01 17:52:19.474834', '176', 'Consultorio de Urología 1 (CONS-URO-121)', 1, '[{"added": {}}]', 18, 1),
	(55, '2025-11-01 17:59:57.953314', '176', 'Consultorio de Urología 2 (CONS-URO-121)', 2, '[{"changed": {"fields": ["Nombre"]}}]', 18, 1),
	(56, '2025-11-01 18:35:56.077060', '177', 'Consultorio de Cirugía Torácica (CONS-CT-122)', 1, '[{"added": {}}]', 18, 1),
	(57, '2025-11-01 18:36:07.834057', '177', 'Consultorio de Cirugía Torácica 1 (CONS-CT-122)', 2, '[{"changed": {"fields": ["Nombre"]}}]', 18, 1),
	(58, '2025-11-01 18:36:41.191860', '178', 'Consultorio de Cirugía Torácica 1 (CONS-CT-123)', 1, '[{"added": {}}]', 18, 1),
	(59, '2025-11-01 18:36:49.067796', '178', 'Consultorio de Cirugía Torácica 2 (CONS-CT-123)', 2, '[{"changed": {"fields": ["Nombre"]}}]', 18, 1),
	(60, '2025-11-01 18:39:16.487665', '179', 'Consultorio de Cirugía Plástica 1 (CONS-CP-124)', 1, '[{"added": {}}]', 18, 1),
	(61, '2025-11-01 18:39:55.152165', '180', 'Consultorio de Cirugía Plástica 2 (CONS-CP-125)', 1, '[{"added": {}}]', 18, 1),
	(62, '2025-11-01 19:08:31.203266', '181', 'Consultorio de Ortopedia 1 (CONS-ORT-126)', 1, '[{"added": {}}]', 18, 1),
	(63, '2025-11-01 19:09:20.897189', '182', 'Consultorio de Ortopedia 2 (CONST-ORT-127)', 1, '[{"added": {}}]', 18, 1),
	(64, '2025-11-01 19:33:35.621935', '5', 'ID especialidad 5 - Nombre: Ginecología y Obstetricia - Departamento: Ginecología y Obstetricia', 3, '', 16, 1),
	(65, '2025-11-28 03:02:23.806709', '1', 'Turno para Hemograma completo el 2025-11-30 solicitado por el paciente: (Maximiliano Acuña - DNI: 45912425) - Estado: Realizado ', 2, '[{"changed": {"fields": ["Fecha turno"]}}]', 24, 1),
	(66, '2025-11-28 03:02:43.100949', '1', 'Turno para Hemograma completo el 2025-11-30 solicitado por el paciente: (Maximiliano Acuña - DNI: 45912425) - Estado: Pendiente ', 2, '[{"changed": {"fields": ["Estado"]}}]', 24, 1),
	(67, '2025-11-28 04:34:08.576300', '1', 'Turno para Hemograma completo el 2025-11-26 solicitado por el paciente: (Maximiliano Acuña - DNI: 45912425) - Estado: Realizado ', 2, '[{"changed": {"fields": ["Fecha turno", "Estado"]}}]', 24, 1),
	(68, '2025-11-28 23:22:14.806764', '3', 'ID turno: 3, Estado: Cancelado', 2, '[{"changed": {"fields": ["Estado"]}}]', 23, 1),
	(69, '2025-11-28 23:22:30.366275', '3', 'ID turno: 3, Estado: Atendido', 2, '[{"changed": {"fields": ["Estado"]}}]', 23, 1),
	(70, '2025-11-28 23:28:50.019985', '3', 'ID turno: 3, Estado: No asistio', 2, '[{"changed": {"fields": ["Estado", "Asistio"]}}]', 23, 1),
	(71, '2025-11-28 23:29:18.535886', '3', 'ID turno: 3, Estado: Cancelado', 2, '[{"changed": {"fields": ["Estado"]}}]', 23, 1),
	(72, '2025-11-28 23:29:37.170956', '3', 'ID turno: 3, Estado: Atendido', 2, '[{"changed": {"fields": ["Estado", "Asistio"]}}]', 23, 1),
	(73, '2025-11-29 22:37:10.892825', '1', 'Turno para Hemograma completo el 2025-11-26 solicitado por el paciente: (Maximiliano Acuña - DNI: 45912425) - Estado: Cancelado ', 2, '[{"changed": {"fields": ["Estado"]}}]', 24, 1),
	(74, '2025-11-29 22:44:32.468709', '1', 'Turno para Hemograma completo el 2025-11-26 solicitado por el paciente: (Maximiliano Acuña - DNI: 45912425) - Estado: Realizado ', 2, '[{"changed": {"fields": ["Estado"]}}]', 24, 1),
	(75, '2025-11-29 22:46:29.893493', '1', 'Turno para Hemograma completo el 2025-11-26 solicitado por el paciente: (Maximiliano Acuña - DNI: 45912425) - Estado: Cancelado ', 2, '[{"changed": {"fields": ["Estado"]}}]', 24, 1),
	(76, '2025-11-29 23:05:43.955632', '1', 'Turno para Hemograma completo el 2025-11-26 solicitado por el paciente: (Maximiliano Acuña - DNI: 45912425) - Estado: Cancelado ', 2, '[{"changed": {"fields": ["Asistio"]}}]', 24, 1),
	(77, '2025-11-29 23:06:19.080703', '1', 'Turno para Hemograma completo el 2025-11-26 solicitado por el paciente: (Maximiliano Acuña - DNI: 45912425) - Estado: No asistio ', 2, '[{"changed": {"fields": ["Estado"]}}]', 24, 1),
	(78, '2025-11-29 23:06:48.731878', '1', 'Turno para Hemograma completo el 2025-11-26 solicitado por el paciente: (Maximiliano Acuña - DNI: 45912425) - Estado: Realizado ', 2, '[{"changed": {"fields": ["Estado", "Asistio"]}}]', 24, 1),
	(79, '2025-12-09 21:17:19.951753', '3', 'ID turno: 3, Estado: Pendiente', 2, '[{"changed": {"fields": ["Fecha turno", "Estado", "Asistio"]}}]', 23, 1),
	(80, '2025-12-10 00:02:06.466076', '3', 'ID turno: 3, Estado: Atendido', 2, '[{"changed": {"fields": ["Estado", "Asistio"]}}]', 23, 1),
	(81, '2025-12-10 00:15:58.859447', '3', 'ID turno: 3, Estado: Atendido', 2, '[{"changed": {"fields": ["Fecha turno"]}}]', 23, 1),
	(82, '2025-12-10 19:14:56.617265', '3', 'ID turno: 3, Estado: Atendido', 2, '[{"changed": {"fields": ["Fecha turno"]}}]', 23, 1),
	(83, '2025-12-10 19:18:10.977376', '3', 'ID turno: 3, Estado: Pendiente', 2, '[{"changed": {"fields": ["Estado", "Asistio"]}}]', 23, 1),
	(84, '2025-12-10 19:21:40.052948', '3', 'ID turno: 3, Estado: Atendido', 2, '[{"changed": {"fields": ["Fecha turno", "Estado", "Asistio"]}}]', 23, 1);

-- Volcando estructura para tabla hospitalbd.django_content_type
CREATE TABLE IF NOT EXISTS `django_content_type` (
  `id` int NOT NULL AUTO_INCREMENT,
  `app_label` varchar(100) COLLATE utf8mb4_general_ci NOT NULL,
  `model` varchar(100) COLLATE utf8mb4_general_ci NOT NULL,
  PRIMARY KEY (`id`),
  UNIQUE KEY `django_content_type_app_label_model_76bd3d3b_uniq` (`app_label`,`model`)
) ENGINE=InnoDB AUTO_INCREMENT=35 DEFAULT CHARSET=utf8mb4 COLLATE=utf8mb4_general_ci;

-- Volcando datos para la tabla hospitalbd.django_content_type: ~27 rows (aproximadamente)
INSERT INTO `django_content_type` (`id`, `app_label`, `model`) VALUES
	(1, 'admin', 'logentry'),
	(3, 'auth', 'group'),
	(2, 'auth', 'permission'),
	(4, 'contenttypes', 'contenttype'),
	(9, 'controlUsuario', 'persona'),
	(6, 'controlUsuario', 'rolesprofesionales'),
	(7, 'controlUsuario', 'tiposusuarios'),
	(8, 'controlUsuario', 'usuario'),
	(11, 'hospital_pacientes', 'menoracargodepaciente'),
	(10, 'hospital_pacientes', 'paciente'),
	(31, 'hospital_personal', 'altaadministrativa'),
	(34, 'hospital_personal', 'altamedica'),
	(30, 'hospital_personal', 'asignacionenfermero'),
	(28, 'hospital_personal', 'asignacioneshabitaciones'),
	(33, 'hospital_personal', 'asignacionmedico'),
	(12, 'hospital_personal', 'consultas'),
	(13, 'hospital_personal', 'departamento'),
	(16, 'hospital_personal', 'especialidades'),
	(17, 'hospital_personal', 'estudiosdiagnosticos'),
	(14, 'hospital_personal', 'jorna_laboral'),
	(18, 'hospital_personal', 'lugar'),
	(19, 'hospital_personal', 'medicaciones'),
	(29, 'hospital_personal', 'observacionesenfermero'),
	(32, 'hospital_personal', 'observacionesmedico'),
	(20, 'hospital_personal', 'ordenestudio'),
	(21, 'hospital_personal', 'plantillaestudio'),
	(25, 'hospital_personal', 'resultadoestudio'),
	(15, 'hospital_personal', 'resultadoimagen'),
	(22, 'hospital_personal', 'serviciodiagnostico'),
	(23, 'hospital_personal', 'turno'),
	(24, 'hospital_personal', 'turnoestudio'),
	(26, 'hospital_personal', 'usuariolugartrabajoasignado'),
	(27, 'hospital_personal', 'usuariorolprofesionalasignado'),
	(5, 'sessions', 'session');

-- Volcando estructura para tabla hospitalbd.django_migrations
CREATE TABLE IF NOT EXISTS `django_migrations` (
  `id` bigint NOT NULL AUTO_INCREMENT,
  `app` varchar(255) COLLATE utf8mb4_general_ci NOT NULL,
  `name` varchar(255) COLLATE utf8mb4_general_ci NOT NULL,
  `applied` datetime(6) NOT NULL,
  PRIMARY KEY (`id`)
) ENGINE=InnoDB AUTO_INCREMENT=49 DEFAULT CHARSET=utf8mb4 COLLATE=utf8mb4_general_ci;

-- Volcando datos para la tabla hospitalbd.django_migrations: ~40 rows (aproximadamente)
INSERT INTO `django_migrations` (`id`, `app`, `name`, `applied`) VALUES
	(1, 'contenttypes', '0001_initial', '2025-10-20 17:35:37.139296'),
	(2, 'contenttypes', '0002_remove_content_type_name', '2025-10-20 17:35:37.461558'),
	(3, 'auth', '0001_initial', '2025-10-20 17:35:38.283371'),
	(4, 'auth', '0002_alter_permission_name_max_length', '2025-10-20 17:35:38.486921'),
	(5, 'auth', '0003_alter_user_email_max_length', '2025-10-20 17:35:38.503892'),
	(6, 'auth', '0004_alter_user_username_opts', '2025-10-20 17:35:38.529856'),
	(7, 'auth', '0005_alter_user_last_login_null', '2025-10-20 17:35:38.596751'),
	(8, 'auth', '0006_require_contenttypes_0002', '2025-10-20 17:35:38.613722'),
	(9, 'auth', '0007_alter_validators_add_error_messages', '2025-10-20 17:35:38.647671'),
	(10, 'auth', '0008_alter_user_username_max_length', '2025-10-20 17:35:38.736529'),
	(11, 'auth', '0009_alter_user_last_name_max_length', '2025-10-20 17:35:38.759496'),
	(12, 'auth', '0010_alter_group_name_max_length', '2025-10-20 17:35:38.886293'),
	(13, 'auth', '0011_update_proxy_permissions', '2025-10-20 17:35:38.912915'),
	(14, 'auth', '0012_alter_user_first_name_max_length', '2025-10-20 17:35:38.940866'),
	(15, 'controlUsuario', '0001_initial', '2025-10-20 17:35:40.329215'),
	(16, 'admin', '0001_initial', '2025-10-20 17:35:40.784979'),
	(17, 'admin', '0002_logentry_remove_auto_add', '2025-10-20 17:35:40.824921'),
	(18, 'admin', '0003_logentry_add_action_flag_choices', '2025-10-20 17:35:40.875842'),
	(19, 'hospital_pacientes', '0001_initial', '2025-10-20 17:35:41.648508'),
	(20, 'hospital_personal', '0001_initial', '2025-10-20 17:35:48.760984'),
	(21, 'controlUsuario', '0002_initial', '2025-10-20 17:35:50.168195'),
	(22, 'sessions', '0001_initial', '2025-10-20 17:35:50.300998'),
	(23, 'hospital_personal', '0002_usuariolugartrabajoasignado_rolprofesionalasignado', '2025-10-20 23:48:34.032407'),
	(24, 'hospital_personal', '0003_alter_lugar_tipo', '2025-10-22 22:15:01.053791'),
	(25, 'hospital_personal', '0004_alter_lugar_tipo', '2025-10-22 22:53:45.574373'),
	(26, 'hospital_personal', '0005_turno_lugar', '2025-10-24 01:07:39.714971'),
	(27, 'hospital_personal', '0006_especialidades_capacidad_diaria_and_more', '2025-10-25 21:50:31.335505'),
	(28, 'hospital_personal', '0007_ordenestudio_paciente', '2025-10-26 23:33:29.129565'),
	(29, 'hospital_personal', '0008_alter_ordenestudio_estado_alter_turnoestudio_estado_and_more', '2025-10-31 17:53:35.533847'),
	(30, 'hospital_personal', '0009_alter_usuariorolprofesionalasignado_usuario_and_more', '2025-11-07 23:01:29.888656'),
	(31, 'controlUsuario', '0003_rolesprofesionales_departamento', '2025-11-07 23:37:19.538179'),
	(32, 'hospital_personal', '0010_lugar_unidad', '2025-11-10 17:28:08.292899'),
	(33, 'hospital_personal', '0011_alter_lugar_capacidad_alter_lugar_sala', '2025-11-10 21:23:13.376845'),
	(34, 'hospital_personal', '0012_alter_asignacioneshabitaciones_fecha_salida', '2025-11-12 19:16:18.799703'),
	(35, 'hospital_personal', '0013_altaadministrativa_asignacionmedico_altamedica_and_more', '2025-11-12 22:22:53.601934'),
	(36, 'hospital_personal', '0014_observacionesmedico_diagnostico_and_more', '2025-11-18 19:14:22.777010'),
	(37, 'hospital_personal', '0015_alter_asignacionmedico_asignacion_habitacion', '2025-11-18 21:17:04.324766'),
	(38, 'hospital_personal', '0016_alter_asignacionenfermero_asignacion_habitacion', '2025-11-19 20:31:58.363359'),
	(39, 'hospital_personal', '0017_alter_observacionesenfermero_procedimientos_realizados', '2025-11-19 21:43:26.276663'),
	(40, 'hospital_personal', '0018_alter_asignacioneshabitaciones_paciente', '2025-11-21 23:38:42.905424'),
	(41, 'hospital_personal', '0019_remove_altaadministrativa_observaciones', '2025-11-23 18:02:28.999368'),
	(42, 'hospital_personal', '0020_alter_altamedica_asignacion_medico', '2025-11-25 16:22:11.687147'),
	(43, 'hospital_personal', '0021_alter_altaadministrativa_asignacion_habitacion', '2025-11-25 16:23:14.619629'),
	(44, 'hospital_personal', '0022_alter_turno_profesional', '2025-11-27 01:42:19.930545'),
	(45, 'hospital_personal', '0023_alter_turno_profesional', '2025-11-27 01:44:04.688304'),
	(46, 'hospital_personal', '0024_alter_turnoestudio_estado', '2025-11-28 04:30:53.943532'),
	(47, 'hospital_personal', '0025_usuariolugartrabajoasignado_estado', '2025-12-03 23:06:13.393610'),
	(48, 'hospital_personal', '0026_alter_estudiosdiagnosticos_servicio_diagnostico', '2025-12-05 03:53:52.265895');

-- Volcando estructura para tabla hospitalbd.django_session
CREATE TABLE IF NOT EXISTS `django_session` (
  `session_key` varchar(40) COLLATE utf8mb4_general_ci NOT NULL,
  `session_data` longtext COLLATE utf8mb4_general_ci NOT NULL,
  `expire_date` datetime(6) NOT NULL,
  PRIMARY KEY (`session_key`),
  KEY `django_session_expire_date_a5c62663` (`expire_date`)
) ENGINE=InnoDB DEFAULT CHARSET=utf8mb4 COLLATE=utf8mb4_general_ci;

-- Volcando datos para la tabla hospitalbd.django_session: ~41 rows (aproximadamente)
INSERT INTO `django_session` (`session_key`, `session_data`, `expire_date`) VALUES
	('0wo9u4sfaawpb0l45wtbcuiqr83cx0cu', '.eJxVjEEOgjAQRe_StWkY6GBh6d4zNNPOVFDSJi2sjHcXEha6_e_991aOtnVyW5XiZlajAnX53TyFl6QD8JPSI-uQ01pmrw9Fn7Tqe2ZZbqf7F5ioTvsbLfYErbGCNvRBIgaAGAeKRNyIGOisQWAx2PjeMDWDhQ4EEa7YitmjPJNL2S3kcyG_iBrXssnnC4cSQHU:1vUAC3:6PTd8d0fgPBWKK9F5p66gZloDwa704KPFU_ESNwS57M', '2025-12-26 20:56:51.968176'),
	('1a2w68eu08x7pyz4trsk41g3th9otzi5', '.eJxVjjsOgzAQRO_iGiH_MDZl-pzBWnuX4AThyIYqyt0DEgVp5808zYd52NbJb5WKT8gGplhzzQLEFy0HwCcsj9zGvKwlhfaotCet7T0jzbez-yeYoE772pDWXIRRKuqlGZUVppOcS0e95Qgiji4o5zoNxlmhYeTaGqtlh5a4RrtLqb4pJpgTAvpKM8WY8gII-3Ev2KC6hk25QEn5ivPB2AoFiX1_0cxPPg:1vFJAK:m5UizQoOiH5SB8w8T-WzGAlUW-gVtuK74MheAqK-gvY', '2025-11-15 21:29:40.496307'),
	('57pyk3c5yyp2nyo357vtmcvgdzwfko58', '.eJxVjDsOwjAQRO_iGlnrf6Ck5wzWrtfGAeRIcVIh7k4ipYAp572Zt4i4LjWuPc9xZHERSpx-O8L0zG0H_MB2n2Sa2jKPJHdFHrTL28T5dT3cv4OKvW5rsl4bF5xjBwE0Ok2Bi3cMyUDyFM4ZDLMZtli0CZOHMgSrSDEBFvH5AsMgN5Q:1vFb9Y:EBxo_WR04q8lIJNFOsavO-Hx9Oadv6dRyMo0tmTRbRI', '2025-11-16 16:42:04.275213'),
	('6fb7616iomlgmdk394pczueofltkwf3p', '.eJxVjDsOwjAQRO_iGlnrf6Ck5wzWrtfGAeRIcVIh7k4ipYAp572Zt4i4LjWuPc9xZHERSpx-O8L0zG0H_MB2n2Sa2jKPJHdFHrTL28T5dT3cv4OKvW5rsl4bF5xjBwE0Ok2Bi3cMyUDyFM4ZDLMZtli0CZOHMgSrSDEBFvH5AsMgN5Q:1vEstn:wWuCFjjoHlhAmRxoVB-LcyXiJYlcR3yGpdiv2WK3Z_4', '2025-11-14 17:26:51.363309'),
	('6rpkel1d9o9t7cvflkjeieowdc5k294c', '.eJxVjDsOwjAQRO_iGln-xVlT0ucM1nq9xgGUSPlUiLvjSCmgGI00b2beIuK-1bivvMQxi6swCsTlN01IT54OlB843WdJ87QtY5JHRZ50lcOc-XU7u38HFdfa1j4oJABbsgLQ2MyxCyZrIts7YOqwB0bPlIIh3VSM15QsG4e2K-LzBTswOMw:1vNcu8:vqS_q4AtSpy01TV13QOZzAkUJJ9UkXPm-q6KXn1WB90', '2025-12-08 20:11:20.807868'),
	('6sqe4hrzs838vo1p94zbj9ftqcjcy8a4', '.eJxVjDsOwjAQRO_iGlnrf6Ck5wzWrtfGAeRIcVIh7k4ipYAp572Zt4i4LjWuPc9xZHERSpx-O8L0zG0H_MB2n2Sa2jKPJHdFHrTL28T5dT3cv4OKvW5rsl4bF5xjBwE0Ok2Bi3cMyUDyFM4ZDLMZtli0CZOHMgSrSDEBFvH5AsMgN5Q:1vBfgb:orR5Sk3hkQ-oSGT7EG4XBjFb_XdjWEnYva38rafRumU', '2025-11-05 20:43:57.740379'),
	('6z9g9mhk1b9tmb6c3v0oji00dn4iwzv6', '.eJxVjDsOwjAQRO_iGlnrf6Ck5wzWrtfGAeRIcVIh7k4ipYAp572Zt4i4LjWuPc9xZHERSpx-O8L0zG0H_MB2n2Sa2jKPJHdFHrTL28T5dT3cv4OKvW5rsl4bF5xjBwE0Ok2Bi3cMyUDyFM4ZDLMZtli0CZOHMgSrSDEBFvH5AsMgN5Q:1vBz9g:jp-oGsbf-JrxAbMEmDwx_bfVodjs8L6i7_jSxjbiHiA', '2025-11-06 17:31:16.599105'),
	('7nb2q5sva55cqb7saw84gamdclc9zl5c', '.eJxVjDsOgzAQBe_iGiGWeImhTJ8zWIu9jiHBlvypotw9IFEk7Zt58xaaavG6Zk56sWISIJrfbSbz5HAAu1J4xNbEUNIyt4fSnjS392j5dTvdv4Cn7Pc3KhwIeqkYlRkMOzQAzo3kiGzHLOGiJIJlid08SEvdqOACjAhX7FnuUVc5kbasS00hiqmkyo3YOGRaWfuYKC1RbzGXRPbkny_JZkxC:1vP29o:npDyjmrNIf2MBOMRa2db7x3S_9h6iMixksmnbNCA4cY', '2025-12-12 17:21:20.130636'),
	('8y75y5rh8a0foehskn7ygu12147yu63m', '.eJxVjEEOwiAQRe_C2hCmZZC6dN8zkIEZpGpoUtqV8e7apAvd_vfef6lA21rC1mQJE6uLAnX63SKlh9Qd8J3qbdZprusyRb0r-qBNjzPL83q4fweFWvnW6NERdNYL-uSSZEwAOQ-UidiIWOi9RWCxaKKzTGbw0IMgwhk7ser9AehCN54:1vIVuB:dMlJAuuVrrv-qGGV1MIEpTFxk2_g2r_EG_H7MSudjpQ', '2025-11-24 17:42:15.127744'),
	('9kbljkmjgqvtr1ewwjjwsj4tmwbm0z7r', '.eJxVjEEOgyAQRe_CuiEo1AGX3fcMZIaBSmvUiK6a3r2YuGi3_73_3sLjvg1-L3H1mUUvWnH53QjDK04H4CdOj1mGedrWTPJQ5EmLvM8cx9vp_gUGLEN9G22CAYtOu6galZQybUigLdMVwVp2DJyAgapCDSkiDR1ggrZL1rkajWWJIeOYGdlj2HYcRa8_X3Y8QEw:1vCks8:qwQnnOUiQtGAfStsRm4dgkzCJ9PT9bqT-1GG42QHoTU', '2025-11-08 20:28:20.862301'),
	('a5c0omqz25dmf3e9wvyyq8pylnbx620y', '.eJxVjMsOgyAURP-FtTGi4kWX3fcbyAUuRVsh4bFq-u_VxEWb2Z0zM2-msBavaqakVssW1vOeNb9Uo3lSOJXdMDxia2IoadXtWWkvm9t7tPS6Xd2_A4_ZH2saBpBkuEAhOwQUGsFpCZ0UgBImgTOBG-TQj-6ItHyGyXRSG5j5yN1xulPIuJHyMWFao9pjLgltZEtJlRrmKiVUllSpKVz08wUV80xs:1vTXbZ:Dblx52uS5lnwpF61lXRNdn88JdDE3ME1KlgcLxlUpwg', '2025-12-25 03:44:37.489072'),
	('ah7xq0tpq0c19dqul00kvsadlt751gt7', '.eJxVjMsOwiAQRf-FtSE8xqG4dN9vIMMAUjU0Ke3K-O_apAvd3nPOfYlA21rD1vMSpiQuwigQp981Ej9y21G6U7vNkue2LlOUuyIP2uU4p_y8Hu7fQaVev3UkIjARirMAll3UGguxzSozUnLGqIIWvaPzgDB4Qk5OF68Ke1Mwi_cHPns4mg:1vMwsl:8fwn2a-tFAyHmJGSALsgM0F0lZ5cRuxt3kBmcQLEDrQ', '2025-12-06 23:19:07.374719'),
	('bbioyt85qzhxsfo83fdzro1svduydlvz', '.eJxVjc0OwiAQhN-Fc9NIiyv26N1nIAu7WLSC4edkfHdr0kS9zvfNzFMYbHU2rXA2gcQktOh-M4vuxvED6IrxknqXYs3B9h-l32jpz4l4OW3u38CMZV7boBkBHI4atLdejmAlEZJVSkvpFQxOD5IU8yCBnNY7OKjB72Cv3PGAsI76xhkNsaktxyQmj0vhTtw5FryymVPGHJK5p1Iz0lfg8mAXcAnrnUFXGy5iGl9vCxFVeQ:1vOlRt:YKNrx46zGCf1R-DV8FS5rhQX0ihgvbEe2Ir_-0HUn20', '2025-12-11 23:30:53.576721'),
	('bs2t81y62vo6i2otapdjrhb3fxmqjzzj', '.eJxVjc0OwiAQhN-Fc9NIiyv26N1nIAu7WLSC4edkfHdr0hi9zjfzzVMYbHU2rXA2gcQktOh-M4vuxvED6IrxknqXYs3B9p9Kv9HSnxPxctq6f4IZy7yuQTMCOBw1aG-9HMFKIiSrlJbSKxicHiQp5kECOa13cFCD38FeueMBYZX6xhkNsaktxySmmht34s6x4JXNnDLmkMw9lZqRvpzLg13AJaxnBl1tuIhpfL0BZ7FU4w:1vP2Nv:bgPYoVzrlo2RluyyikiM460-ExM0pUnWIjO7PRMBrxY', '2025-12-12 17:35:55.401841'),
	('cbgiwwoynu03syjo7j8f7qnwfkxklrig', '.eJxVjMsOgjAQRf-la0MY6GBh6d5vaIZ2akFpkz5Wxn9XEmLC9pxz71tsHDKtrH1MlJaot5hLIhvFVFLli3CVE2nLutQU_lRTLV7XzEkvVkwCxInNZJ4cdmFXCo_YmBhKWuZmT5rD5uYeLb9uR3s68JT9b40KB4JOKkZlBsMODYBzIzki2zJL6JVEsCyxnQdpqR0V9MCIcMWOpfh8AffGTEI:1vOi6M:Pgl-izSP_TbZwJ24kbpv48FKjFUiav_mxMiNOsP-7u0', '2025-12-11 19:56:26.359995'),
	('exmuezbibah6xh3qrk6j83uunc7esfnn', '.eJxVjMsOgyAURP-FtTGi4kWX3fcbyAUuRVsh4bFq-u_VxEWb2Z0zM2-msBavaqakVssW1vOeNb9Uo3lSOJXdMDxia2IoadXtWWkvm9t7tPS6Xd2_A4_ZH2saBpBkuEAhOwQUGsFpCZ0UgBImgTOBG-TQj-6ItHyGyXRSG5j5yN1xulPIuJHyMWFao9pjLgltZEtJlRrmKiVUllSpKVz08wUV80xs:1vT4xe:rI09bLLRnLUoRK5fUTaSCYt_krOXT1gr9AOueD6Vy1w', '2025-12-23 21:09:30.075470'),
	('fxdhgve4zvau0j8lazmbdccxwa51623k', '.eJxVjMsOwiAQRf-FtSE8xqG4dN9vIMMAUjU0Ke3K-O_apAvd3nPOfYlA21rD1vMSpiQuwigQp981Ej9y21G6U7vNkue2LlOUuyIP2uU4p_y8Hu7fQaVev3UkIjARirMAll3UGguxzSozUnLGqIIWvaPzgDB4Qk5OF68Ke1Mwi_cHPns4mg:1vM9Mu:9VC7WHg8y9cW7MNCbYWLwjJ7psRjvl_uVPnzdEx4tUU', '2025-12-04 18:26:56.452049'),
	('h94vu5er8taq1g4p974n8mtt3uwzt25v', '.eJxVjDsOwjAQRO_iGlnrf6Ck5wzWrtfGAeRIcVIh7k4ipYAp572Zt4i4LjWuPc9xZHERSpx-O8L0zG0H_MB2n2Sa2jKPJHdFHrTL28T5dT3cv4OKvW5rsl4bF5xjBwE0Ok2Bi3cMyUDyFM4ZDLMZtli0CZOHMgSrSDEBFvH5AsMgN5Q:1vD9wA:Pck1Rk8PQR8C-AVNQhr_wFNPDpzSeqmq5q5is0XKQvQ', '2025-11-09 23:14:10.374512'),
	('ha4cjqq1qbhmxrqey6d7cfkj4e1xmkw4', '.eJxVjEEOgyAQRe_CuiEo1AGX3fcMZIaBSmvUiK6a3r2YuGi3_73_3sLjvg1-L3H1mUUvWnH53QjDK04H4CdOj1mGedrWTPJQ5EmLvM8cx9vp_gUGLEN9G22CAYtOu6galZQybUigLdMVwVp2DJyAgapCDSkiDR1ggrZL1rkajWWJIeOYGdlj2HYcRa8_X3Y8QEw:1vCkWY:MFnAS0v-BS1YlJZ1rStMsIybYYPH4Ks6nbNoanAVd64', '2025-11-08 20:06:02.839521'),
	('iskvukx8xw0n1owrlum3uxcz9x4fv5ox', '.eJxVjEEOgjAQRe_StWkY6GBh6d4zNNPOVFDSJi2sjHcXEha6_e_991aOtnVyW5XiZlajAnX53TyFl6QD8JPSI-uQ01pmrw9Fn7Tqe2ZZbqf7F5ioTvsbLfYErbGCNvRBIgaAGAeKRNyIGOisQWAx2PjeMDWDhQ4EEa7YitmjPJNL2S3kcyG_iBrXssnnC4cSQHU:1vTqOH:_FyGNldSs2BeLsT5-s4bA5O-gDfDk-yd0rP9tyvz8Mg', '2025-12-25 23:48:09.329988'),
	('ki717s3tei9uwd47ho9vuuig4o7h1h4n', '.eJxVjDsOwjAQRO_iGlnrf6Ck5wzWrtfGAeRIcVIh7k4ipYAp572Zt4i4LjWuPc9xZHERSpx-O8L0zG0H_MB2n2Sa2jKPJHdFHrTL28T5dT3cv4OKvW5rsl4bF5xjBwE0Ok2Bi3cMyUDyFM4ZDLMZtli0CZOHMgSrSDEBFvH5AsMgN5Q:1vCkAw:hANjFr28dOa6lAMS7ueUidwWm_wZgT_GipxynwV0Zis', '2025-11-08 19:43:42.675362'),
	('kuk86h181nvnfum71jl4bhe9b1cl8bxx', '.eJxVjDsOwjAQRO_iGlnrf6Ck5wzWrtfGAeRIcVIh7k4ipYAp572Zt4i4LjWuPc9xZHERSpx-O8L0zG0H_MB2n2Sa2jKPJHdFHrTL28T5dT3cv4OKvW5rsl4bF5xjBwE0Ok2Bi3cMyUDyFM4ZDLMZtli0CZOHMgSrSDEBFvH5AsMgN5Q:1vAttx:d36OoSV3QBCJKFv1HcjUjPNuV2nuAtIRg6Fy0dRm228', '2025-11-03 17:42:33.121171'),
	('ndbou2rtvwcdf3g474f6c6u6cv4wyp0q', '.eJxVjEEOgyAQRe_C2hjHMhZddt8zkAHGglVIQFdN715NXbTb997_L6FpW73eCmcdnBgEiOqXGbJPjodwE8VHqm2Kaw6mPpL6tKW-J8fz7Wz_DjwVv69RYUfQSsWobGd5RAswjj2NRK5hlnBREsGxxMZ00lHTK7gAI8IVW5b76cKx0MTap0w5JL2ksmZySQxr3rgSLpCOSc9k9sDM_OXvD2oaTN0:1vRDdx:EcmhCU-ytaA7ojdsI7GTAVufeWQE21iiPpVh_vKZT1I', '2025-12-18 18:01:29.209416'),
	('ndlyt75ybpghqsu2f714tyoc6nu4gh1e', '.eJxVjMEOgyAQRP-FsyGKqOix934DWZa1aiskC5ya_ns18dAeJpPMm5m3sFDyYksitqsXk1C1EdVv6gCfFE7kNwiPKDGGzKuTZ0VeNMl79PS6Xd2_gwXScqz7sQY0pp19bUwDh2nSo_INYjtoQ9jBYAh6QjcqbA7Nqm_QtaQ0tN18nO4UEmxkl8jAa7R7TJnBRzFlLlSJuRCD9WRz4XClny9leE1w:1vTAgR:8pFz9M3laCIX3V9eusKNrytjrlH76nyAABy9wpb7vR0', '2025-12-24 03:16:07.994654'),
	('p6hw9j1pf612z5wex9krxc9h069rvtop', '.eJxVjDsOwjAQRO_iGlnrf6Ck5wzWrtfGAeRIcVIh7k4ipYAp572Zt4i4LjWuPc9xZHERSpx-O8L0zG0H_MB2n2Sa2jKPJHdFHrTL28T5dT3cv4OKvW5rsl4bF5xjBwE0Ok2Bi3cMyUDyFM4ZDLMZtli0CZOHMgSrSDEBFvH5AsMgN5Q:1vDqMw:M3LL_XMs-tbwkujeLcgMRURR3ZdWvliBEoteZPFEU7Y', '2025-11-11 20:32:38.914684'),
	('pansufu10k3coz1luo2jcfh01pl3i8tt', '.eJxVjEEOwiAQRe_C2hCmZZC6dN8zkIEZpGpoUtqV8e7apAvd_vfef6lA21rC1mQJE6uLAnX63SKlh9Qd8J3qbdZprusyRb0r-qBNjzPL83q4fweFWvnW6NERdNYL-uSSZEwAOQ-UidiIWOi9RWCxaKKzTGbw0IMgwhk7ser9AehCN54:1vJc9n:-d0dEYBExb0ow_hkrfdVh8WaTwhe8Dt0M-BZrltLG5U', '2025-11-27 18:34:55.205863'),
	('pvpxldheqzn8qkzjrvb4taw63s74oxty', '.eJxVjDsOwjAQRO_iGlnrf6Ck5wzWrtfGAeRIcVIh7k4ipYAp572Zt4i4LjWuPc9xZHERSpx-O8L0zG0H_MB2n2Sa2jKPJHdFHrTL28T5dT3cv4OKvW5rsl4bF5xjBwE0Ok2Bi3cMyUDyFM4ZDLMZtli0CZOHMgSrSDEBFvH5AsMgN5Q:1vEZQu:5GPgj73KXvfme6aYyibTMiHcUsSxBR8sXdvDkWB9fbQ', '2025-11-13 20:39:44.746756'),
	('q0p0l5v4n01g3jwaxg5sqpm13dmw5tzz', '.eJxVjc0OwiAQhN-Fc9NIiyv26N1nIAu7WLSC4edkfHdr0kS9zvfNzFMYbHU2rXA2gcQktOh-M4vuxvED6IrxknqXYs3B9h-l32jpz4l4OW3u38CMZV7boBkBHI4atLdejmAlEZJVSkvpFQxOD5IU8yCBnNY7OKjB72Cv3PGAsI76xhkNsaktxyQmj0vhTtw5FryymVPGHJK5p1Iz0lfg8mAXcAnrnUFXGy5iGl9vCxFVeQ:1vOlr2:SiRGPst8HWCNqnYqh2Rbjwavyyqb56jFr7NMlARLHCo', '2025-12-11 23:56:52.799025'),
	('qh32c8wrttktcf4qqoxvj5dnhsjr6chb', '.eJxVjDsOwjAQRO_iGlnrf6Ck5wzWrtfGAeRIcVIh7k4ipYAp572Zt4i4LjWuPc9xZHERSpx-O8L0zG0H_MB2n2Sa2jKPJHdFHrTL28T5dT3cv4OKvW5rsl4bF5xjBwE0Ok2Bi3cMyUDyFM4ZDLMZtli0CZOHMgSrSDEBFvH5AsMgN5Q:1vCRal:3CslISz5zllCOnPa_dVFSWYWO1owP9qjDNv0l3sfB8M', '2025-11-07 23:53:07.562990'),
	('qinc8sox1mv7am1wh0q7vrrweq0nk36f', '.eJxVjDsOwjAQRO_iGlnrf6Ck5wzWrtfGAeRIcVIh7k4ipYAp572Zt4i4LjWuPc9xZHERSpx-O8L0zG0H_MB2n2Sa2jKPJHdFHrTL28T5dT3cv4OKvW5rsl4bF5xjBwE0Ok2Bi3cMyUDyFM4ZDLMZtli0CZOHMgSrSDEBFvH5AsMgN5Q:1vBHMg:y1U2qni1HzVJQnTIMWQOwYWWOuFTOrNIoJIDMhDBd7I', '2025-11-04 18:45:46.628973'),
	('rbm7uo3hqkerr74e27dxq6ff8e4klbw1', '.eJxVjc0OwiAQhN-Fc9NIiyv26N1nIAu7WLSC4edkfHdr0kS9zvfNzFMYbHU2rXA2gcQktOh-M4vuxvED6IrxknqXYs3B9h-l32jpz4l4OW3u38CMZV7boBkBHI4atLdejmAlEZJVSkvpFQxOD5IU8yCBnNY7OKjB72Cv3PGAsI76xhkNsaktxyQmj0vhTtw5FryymVPGHJK5p1Iz0lfg8mAXcAnrnUFXGy5iGl9vCxFVeQ:1vOlnf:pGbscxQ1ItxMmp_0cAoA7ACB6pXciLQA404UpYRoLx8', '2025-12-11 23:53:23.902394'),
	('twepfn1ynjpxkdqaqbb1kmr8upnqafsn', '.eJxVjDsOgzAQBe_iGiGWeImhTJ8zWIu9jiHBlvypotw9IFEk7Zt58xaaavG6Zk56sWISIJrfbSbz5HAAu1J4xNbEUNIyt4fSnjS392j5dTvdv4Cn7Pc3KhwIeqkYlRkMOzQAzo3kiGzHLOGiJIJlid08SEvdqOACjAhX7FnuUVc5kbasS00hiqmkyo3YOGRaWfuYKC1RbzGXRPbkny_JZkxC:1vPU1h:BC2l-L2Z7yXULOtFNcDRmxKkUWsnbTglVCtViODwmC8', '2025-12-13 23:06:49.228478'),
	('u95d29zlvgabu5t4ptc22a2v2p7gghtk', '.eJxVjDsOgzAQRO_iOrL8g7VTpucM1tq7jkkikDBUUe4ekCiScua9mbeIuK01bo2XOJK4CqO1uPy2CfOTpwPRA6f7LPM8rcuY5KHIkzY5zMSv2-n-HVRsdV_7XDKhST2jM8gIhrhoBc751HFQaAA6awmsLT6ANn0hF1QqAHYPWXy-SZQ4Ow:1vLNyG:45mTChVuL0HvtV6N3FeQiBS0oDJZUeRwng_mbkerov8', '2025-12-02 15:50:20.494085'),
	('uh677ldt01cs4g5k6zobdp02yxnljjwt', '.eJxVjEEOwiAQRe_C2hCmZZC6dN8zkIEZpGpoUtqV8e7apAvd_vfef6lA21rC1mQJE6uLAnX63SKlh9Qd8J3qbdZprusyRb0r-qBNjzPL83q4fweFWvnW6NERdNYL-uSSZEwAOQ-UidiIWOi9RWCxaKKzTGbw0IMgwhk7ser9AehCN54:1vGjkP:0KqyDCXYFSQIk0gjxu9rUUTvKdpZzh6MCd7P96ODeZs', '2025-11-19 20:04:49.096241'),
	('uqskxhx4wkmy6862fi5vw72tmiwoi3l7', '.eJxVjDsOgzAQBe_iGiGWeImhTJ8zWIu9jiHBlvypotw9IFEk7Zt58xaaavG6Zk56sWISIJrfbSbz5HAAu1J4xNbEUNIyt4fSnjS392j5dTvdv4Cn7Pc3KhwIeqkYlRkMOzQAzo3kiGzHLOGiJIJlid08SEvdqOACjAhX7FnuUVc5kbasS00hiqmkyo3YOGRaWfuYKC1RbzGXRPbkny_JZkxC:1vOqBN:WrM43QuwkteCquEbJuZQwKWtAvsjj-GUZT0jpsdcVqQ', '2025-12-12 04:34:09.198213'),
	('whev8bhfi2c304asb935xtp7xh2v3rw9', '.eJxVjDsOgzAQBe_iGiGWeImhTJ8zWIu9jiHBlvypotw9IFEk7cy89xaaavG6Zk56sWISIJpfNpN5cjiEXSk8YmtiKGmZ2yNpT5vbe7T8up3t34Gn7Pc1KhwIeqkYlRkMOzQAzo3kiGzHLOGiJIJlid08SEvdqOACjAhX7FnupxuHTCtrHxOlJeot5pLIRjGVVLkRrnIibVmXmsJJP1_S1kxC:1vTPkq:CwHcT--dsBWjGQYXWeVBYWfqK39aBegCpyVldsImMaU', '2025-12-24 19:21:40.797773'),
	('x88uakabohn49fikgh0pu20npd64tpwb', '.eJxVjEEOgyAQRe_CuiEo1AGX3fcMZIaBSmvUiK6a3r2YuGi3_73_3sLjvg1-L3H1mUUvWnH53QjDK04H4CdOj1mGedrWTPJQ5EmLvM8cx9vp_gUGLEN9G22CAYtOu6galZQybUigLdMVwVp2DJyAgapCDSkiDR1ggrZL1rkajWWJIeOYGdlj2HYcRa8_X3Y8QEw:1vFb8o:i2rahU_eGmHYshUL4iInRONHMBYcfvpYD_Jaq7J2jvU', '2025-11-16 16:41:18.378039'),
	('y4i6ixvzxpwrdkt2nj3d6i1uuw4hy6tc', '.eJxVjEEOwiAQRe_C2hCmZZC6dN8zkIEZpGpoUtqV8e7apAvd_vfef6lA21rC1mQJE6uLAnX63SKlh9Qd8J3qbdZprusyRb0r-qBNjzPL83q4fweFWvnW6NERdNYL-uSSZEwAOQ-UidiIWOi9RWCxaKKzTGbw0IMgwhk7ser9AehCN54:1vL3py:GFZY4p8qNV1Ico75F1iq5rQfuVzk0dOYpWrZ_MZxONY', '2025-12-01 18:20:26.203631'),
	('yfgkty5xz53fo7urr1i0nzib4oznvwvu', '.eJxVjEEOgyAQRe_CuiEo1AGX3fcMZIaBSmvUiK6a3r2YuGi3_73_3sLjvg1-L3H1mUUvWnH53QjDK04H4CdOj1mGedrWTPJQ5EmLvM8cx9vp_gUGLEN9G22CAYtOu6galZQybUigLdMVwVp2DJyAgapCDSkiDR1ggrZL1rkajWWJIeOYGdlj2HYcRa8_X3Y8QEw:1vDqhi:0IUeZ30TWORsr5K83uZE4dzEE9pSxkxODveW6MF2-S0', '2025-11-11 20:54:06.382809'),
	('zbo86xbgj4bf85zj37ypeag4jhfzdlyb', '.eJxVjEEOwiAQRe_C2hCmZZC6dN8zkIEZpGpoUtqV8e7apAvd_vfef6lA21rC1mQJE6uLAnX63SKlh9Qd8J3qbdZprusyRb0r-qBNjzPL83q4fweFWvnW6NERdNYL-uSSZEwAOQ-UidiIWOi9RWCxaKKzTGbw0IMgwhk7ser9AehCN54:1vKh2T:I6SapvtkvulDyoA1Z0ZsNKYCKm8B29_53qLXr7W4neI', '2025-11-30 17:59:49.444235'),
	('zltm0vdwx9mlih61vtrlw6q1vnzsigyy', '.eJxVjMEOgyAQBf-FsyFQBcFj7_0GsrBr0SokoKem_96a2KS9zsx7T-Zg36LbKxU3IRtYy5pf5iE8KB0CZ0j3zENOW5k8PxJ-2spvGWm5nu3fQYQaj7UyfgQFpAUaZbSyEnoVlNIiyM6EgEb2QaBVFqXB0EqS3rZCQ9ej9pfP6Uqpwkwu5gJlym7NdSuAmQ0jLJUaNu5UwCG5bS_pi19vaAtM5g:1vT6Ld:0T2WVbzldBH__nxEBpKnh_jH79nHD0F39q3EWQA1EpU', '2025-12-23 22:38:21.856828');

-- Volcando estructura para tabla hospitalbd.hospital_pacientes_menoracargodepaciente
CREATE TABLE IF NOT EXISTS `hospital_pacientes_menoracargodepaciente` (
  `id` bigint NOT NULL AUTO_INCREMENT,
  `parentesco` varchar(50) COLLATE utf8mb4_general_ci NOT NULL,
  `adulto_id` bigint NOT NULL,
  `menor_id` bigint NOT NULL,
  PRIMARY KEY (`id`),
  UNIQUE KEY `menor_id` (`menor_id`),
  KEY `hospital_pacientes_m_adulto_id_20e76e46_fk_hospital_` (`adulto_id`),
  CONSTRAINT `hospital_pacientes_m_adulto_id_20e76e46_fk_hospital_` FOREIGN KEY (`adulto_id`) REFERENCES `hospital_pacientes_paciente` (`id`),
  CONSTRAINT `hospital_pacientes_m_menor_id_b631c279_fk_hospital_` FOREIGN KEY (`menor_id`) REFERENCES `hospital_pacientes_paciente` (`id`)
) ENGINE=InnoDB AUTO_INCREMENT=2 DEFAULT CHARSET=utf8mb4 COLLATE=utf8mb4_general_ci;

-- Volcando datos para la tabla hospitalbd.hospital_pacientes_menoracargodepaciente: ~0 rows (aproximadamente)
INSERT INTO `hospital_pacientes_menoracargodepaciente` (`id`, `parentesco`, `adulto_id`, `menor_id`) VALUES
	(1, 'HIJO', 1, 2);

-- Volcando estructura para tabla hospitalbd.hospital_pacientes_paciente
CREATE TABLE IF NOT EXISTS `hospital_pacientes_paciente` (
  `id` bigint NOT NULL AUTO_INCREMENT,
  `direccion` varchar(255) COLLATE utf8mb4_general_ci NOT NULL,
  `persona_id` bigint NOT NULL,
  PRIMARY KEY (`id`),
  UNIQUE KEY `persona_id` (`persona_id`),
  CONSTRAINT `hospital_pacientes_p_persona_id_bd0c2004_fk_controlUs` FOREIGN KEY (`persona_id`) REFERENCES `controlusuario_persona` (`id`)
) ENGINE=InnoDB AUTO_INCREMENT=3 DEFAULT CHARSET=utf8mb4 COLLATE=utf8mb4_general_ci;

-- Volcando datos para la tabla hospitalbd.hospital_pacientes_paciente: ~0 rows (aproximadamente)
INSERT INTO `hospital_pacientes_paciente` (`id`, `direccion`, `persona_id`) VALUES
	(1, 'Calle Falsa 123', 3),
	(2, '', 210);

-- Volcando estructura para tabla hospitalbd.hospital_personal_altaadministrativa
CREATE TABLE IF NOT EXISTS `hospital_personal_altaadministrativa` (
  `id` bigint NOT NULL AUTO_INCREMENT,
  `fecha_cierre` datetime(6) NOT NULL,
  `asignacion_habitacion_id` bigint NOT NULL,
  `responsable_id` bigint NOT NULL,
  PRIMARY KEY (`id`),
  KEY `hospital_personal_al_asignacion_habitacio_be0d506f_fk_hospital_` (`asignacion_habitacion_id`),
  KEY `hospital_personal_al_responsable_id_ec84f7df_fk_controlUs` (`responsable_id`),
  CONSTRAINT `hospital_personal_al_asignacion_habitacio_be0d506f_fk_hospital_` FOREIGN KEY (`asignacion_habitacion_id`) REFERENCES `hospital_personal_asignacioneshabitaciones` (`id`),
  CONSTRAINT `hospital_personal_al_responsable_id_ec84f7df_fk_controlUs` FOREIGN KEY (`responsable_id`) REFERENCES `controlusuario_usuario` (`id`)
) ENGINE=InnoDB AUTO_INCREMENT=2 DEFAULT CHARSET=utf8mb4 COLLATE=utf8mb4_general_ci;

-- Volcando datos para la tabla hospitalbd.hospital_personal_altaadministrativa: ~0 rows (aproximadamente)
INSERT INTO `hospital_personal_altaadministrativa` (`id`, `fecha_cierre`, `asignacion_habitacion_id`, `responsable_id`) VALUES
	(1, '2025-11-23 18:41:20.773993', 1, 209);

-- Volcando estructura para tabla hospitalbd.hospital_personal_altamedica
CREATE TABLE IF NOT EXISTS `hospital_personal_altamedica` (
  `id` bigint NOT NULL AUTO_INCREMENT,
  `fecha_alta` datetime(6) NOT NULL,
  `diagnostico_principal` longtext COLLATE utf8mb4_general_ci NOT NULL,
  `diagnosticos_secundarios` longtext COLLATE utf8mb4_general_ci,
  `tratamiento_realizado` longtext COLLATE utf8mb4_general_ci NOT NULL,
  `indicaciones_post_alta` longtext COLLATE utf8mb4_general_ci,
  `asignacion_medico_id` bigint NOT NULL,
  PRIMARY KEY (`id`),
  KEY `hospital_personal_al_asignacion_medico_id_54b5fb1c_fk_hospital_` (`asignacion_medico_id`),
  CONSTRAINT `hospital_personal_al_asignacion_medico_id_54b5fb1c_fk_hospital_` FOREIGN KEY (`asignacion_medico_id`) REFERENCES `hospital_personal_asignacionmedico` (`id`)
) ENGINE=InnoDB AUTO_INCREMENT=2 DEFAULT CHARSET=utf8mb4 COLLATE=utf8mb4_general_ci;

-- Volcando datos para la tabla hospitalbd.hospital_personal_altamedica: ~0 rows (aproximadamente)
INSERT INTO `hospital_personal_altamedica` (`id`, `fecha_alta`, `diagnostico_principal`, `diagnosticos_secundarios`, `tratamiento_realizado`, `indicaciones_post_alta`, `asignacion_medico_id`) VALUES
	(1, '2025-11-22 21:42:18.005616', 'Dolor abdominal agudo resuelto; cuadro compatible con adenitis mesentérica leve autolimitada.', 'Estado post-observación por sospecha de apendicitis aguda no complicada (no quirúrgica).', '- Hidratación intravenosa durante la observación inicial.\r\n- Analgesia: Paracetamol IV y VO según necesidad.\r\n- Antibiótico profiláctico: Ceftriaxona IV (suspendido al demostrar evolución favorable).\r\n- Monitoreo de signos vitales y control de dolor abdominal.\r\n- Observación clínica hasta resolución de síntomas.', '- Mantener hidratación adecuada y dieta balanceada (preferir alimentos blandos durante las primeras 48 h).\r\n- Analgesia en domicilio: Paracetamol 500 mg cada 8 h si aparece dolor leve.\r\n- Evitar esfuerzos físicos intensos por 48–72 h.\r\n- Control médico ambulatorio en 48–72 h.\r\n- Signos de alarma: acudir a urgencias si presenta fiebre >38 °C, vómitos persistentes, dolor abdominal progresivo, ictericia, sangrado digestivo o cualquier síntoma preocupante.\r\n- Paciente informado y comprende las indicaciones.', 1);

-- Volcando estructura para tabla hospitalbd.hospital_personal_asignacionenfermero
CREATE TABLE IF NOT EXISTS `hospital_personal_asignacionenfermero` (
  `id` bigint NOT NULL AUTO_INCREMENT,
  `fecha_asignacion` datetime(6) NOT NULL,
  `activo` tinyint(1) NOT NULL,
  `enfermero_id` bigint NOT NULL,
  `jornada_id` bigint NOT NULL,
  `asignacion_habitacion_id` bigint NOT NULL,
  PRIMARY KEY (`id`),
  KEY `hospital_personal_as_enfermero_id_ca7d66f8_fk_controlUs` (`enfermero_id`),
  KEY `hospital_personal_as_jornada_id_2745428e_fk_hospital_` (`jornada_id`),
  KEY `hospital_personal_as_asignacion_habitacio_843154ab_fk_hospital_` (`asignacion_habitacion_id`),
  CONSTRAINT `hospital_personal_as_asignacion_habitacio_843154ab_fk_hospital_` FOREIGN KEY (`asignacion_habitacion_id`) REFERENCES `hospital_personal_asignacioneshabitaciones` (`id`),
  CONSTRAINT `hospital_personal_as_enfermero_id_ca7d66f8_fk_controlUs` FOREIGN KEY (`enfermero_id`) REFERENCES `controlusuario_usuario` (`id`),
  CONSTRAINT `hospital_personal_as_jornada_id_2745428e_fk_hospital_` FOREIGN KEY (`jornada_id`) REFERENCES `hospital_personal_jorna_laboral` (`id`)
) ENGINE=InnoDB AUTO_INCREMENT=4 DEFAULT CHARSET=utf8mb4 COLLATE=utf8mb4_general_ci;

-- Volcando datos para la tabla hospitalbd.hospital_personal_asignacionenfermero: ~3 rows (aproximadamente)
INSERT INTO `hospital_personal_asignacionenfermero` (`id`, `fecha_asignacion`, `activo`, `enfermero_id`, `jornada_id`, `asignacion_habitacion_id`) VALUES
	(1, '2025-11-16 19:49:41.847091', 0, 203, 1, 1),
	(2, '2025-11-16 20:10:18.188460', 0, 205, 8, 1),
	(3, '2025-11-17 18:29:13.727047', 0, 204, 15, 1);

-- Volcando estructura para tabla hospitalbd.hospital_personal_asignacioneshabitaciones
CREATE TABLE IF NOT EXISTS `hospital_personal_asignacioneshabitaciones` (
  `id` bigint NOT NULL AUTO_INCREMENT,
  `fecha_ingreso` datetime(6) NOT NULL,
  `fecha_salida` datetime(6) DEFAULT NULL,
  `estado` varchar(20) COLLATE utf8mb4_general_ci NOT NULL,
  `lugar_id` bigint NOT NULL,
  `paciente_id` bigint NOT NULL,
  PRIMARY KEY (`id`),
  KEY `hospital_personal_as_lugar_id_580eb4f3_fk_hospital_` (`lugar_id`),
  KEY `hospital_personal_as_paciente_id_3024ad4d_fk_hospital_` (`paciente_id`),
  CONSTRAINT `hospital_personal_as_lugar_id_580eb4f3_fk_hospital_` FOREIGN KEY (`lugar_id`) REFERENCES `hospital_personal_lugar` (`id`),
  CONSTRAINT `hospital_personal_as_paciente_id_3024ad4d_fk_hospital_` FOREIGN KEY (`paciente_id`) REFERENCES `hospital_pacientes_paciente` (`id`)
) ENGINE=InnoDB AUTO_INCREMENT=3 DEFAULT CHARSET=utf8mb4 COLLATE=utf8mb4_general_ci;

-- Volcando datos para la tabla hospitalbd.hospital_personal_asignacioneshabitaciones: ~2 rows (aproximadamente)
INSERT INTO `hospital_personal_asignacioneshabitaciones` (`id`, `fecha_ingreso`, `fecha_salida`, `estado`, `lugar_id`, `paciente_id`) VALUES
	(1, '2025-11-12 19:20:54.257445', '2025-11-23 18:41:20.773993', 'finalizada', 28, 1);

-- Volcando estructura para tabla hospitalbd.hospital_personal_asignacionmedico
CREATE TABLE IF NOT EXISTS `hospital_personal_asignacionmedico` (
  `id` bigint NOT NULL AUTO_INCREMENT,
  `fecha_asignacion` datetime(6) NOT NULL,
  `activo` tinyint(1) NOT NULL,
  `asignacion_habitacion_id` bigint NOT NULL,
  `medico_id` bigint NOT NULL,
  PRIMARY KEY (`id`),
  KEY `hospital_personal_as_asignacion_habitacio_d97b7cdc_fk_hospital_` (`asignacion_habitacion_id`),
  KEY `hospital_personal_as_medico_id_e35301fe_fk_controlUs` (`medico_id`),
  CONSTRAINT `hospital_personal_as_asignacion_habitacio_d97b7cdc_fk_hospital_` FOREIGN KEY (`asignacion_habitacion_id`) REFERENCES `hospital_personal_asignacioneshabitaciones` (`id`),
  CONSTRAINT `hospital_personal_as_medico_id_e35301fe_fk_controlUs` FOREIGN KEY (`medico_id`) REFERENCES `controlusuario_usuario` (`id`)
) ENGINE=InnoDB AUTO_INCREMENT=2 DEFAULT CHARSET=utf8mb4 COLLATE=utf8mb4_general_ci;

-- Volcando datos para la tabla hospitalbd.hospital_personal_asignacionmedico: ~0 rows (aproximadamente)
INSERT INTO `hospital_personal_asignacionmedico` (`id`, `fecha_asignacion`, `activo`, `asignacion_habitacion_id`, `medico_id`) VALUES
	(1, '2025-11-14 00:38:53.071370', 0, 1, 207);

-- Volcando estructura para tabla hospitalbd.hospital_personal_consultas
CREATE TABLE IF NOT EXISTS `hospital_personal_consultas` (
  `id` bigint NOT NULL AUTO_INCREMENT,
  `diagnostico` longtext COLLATE utf8mb4_general_ci NOT NULL,
  `tratamiento` longtext COLLATE utf8mb4_general_ci,
  `observaciones` longtext COLLATE utf8mb4_general_ci NOT NULL,
  `fecha` datetime(6) NOT NULL,
  `turno_id` bigint NOT NULL,
  PRIMARY KEY (`id`),
  KEY `hospital_personal_co_turno_id_bd73b20a_fk_hospital_` (`turno_id`),
  CONSTRAINT `hospital_personal_co_turno_id_bd73b20a_fk_hospital_` FOREIGN KEY (`turno_id`) REFERENCES `hospital_personal_turno` (`id`)
) ENGINE=InnoDB AUTO_INCREMENT=2 DEFAULT CHARSET=utf8mb4 COLLATE=utf8mb4_general_ci;

-- Volcando datos para la tabla hospitalbd.hospital_personal_consultas: ~0 rows (aproximadamente)
INSERT INTO `hospital_personal_consultas` (`id`, `diagnostico`, `tratamiento`, `observaciones`, `fecha`, `turno_id`) VALUES
	(1, 'jjeje', 'jojo', 'jijij', '2025-10-25 20:38:25.300033', 3);

-- Volcando estructura para tabla hospitalbd.hospital_personal_departamento
CREATE TABLE IF NOT EXISTS `hospital_personal_departamento` (
  `id` bigint NOT NULL AUTO_INCREMENT,
  `nombre_departamento` varchar(255) COLLATE utf8mb4_general_ci NOT NULL,
  `tipo` varchar(255) COLLATE utf8mb4_general_ci NOT NULL,
  `descripcion` longtext COLLATE utf8mb4_general_ci NOT NULL,
  PRIMARY KEY (`id`)
) ENGINE=InnoDB AUTO_INCREMENT=32 DEFAULT CHARSET=utf8mb4 COLLATE=utf8mb4_general_ci;

-- Volcando datos para la tabla hospitalbd.hospital_personal_departamento: ~30 rows (aproximadamente)
INSERT INTO `hospital_personal_departamento` (`id`, `nombre_departamento`, `tipo`, `descripcion`) VALUES
	(1, 'Urgencias (Emergencias)', 'Atención de urgencias médicas.', 'Este departamento se encarga de la atención inmediata a pacientes que presentan situaciones críticas o repentinas, como accidentes, dolor agudo, hemorragias, problemas respiratorios, etc. Funciona las 24 horas del día.'),
	(2, 'Consultas Externas (Consultorios)', 'Atención ambulatoria.', 'Es el departamento donde los pacientes reciben atención médica de manera ambulatoria, sin necesidad de ser hospitalizados. Se realizan consultas generales y especializadas para diagnóstico y seguimiento de enfermedades.'),
	(3, 'Cirugía', 'Atención quirúrgica.', 'Departamento especializado en realizar intervenciones quirúrgicas tanto programadas como de emergencia. Aquí se operan una variedad de condiciones, desde procedimientos menores hasta cirugías mayores.'),
	(4, 'Unidad de Cuidados Intensivos (UCI)', 'Cuidados críticos.', 'Este departamento se encarga de la atención de pacientes en estado crítico o grave que requieren monitoreo constante y tratamientos especializados, como ventilación mecánica, apoyo cardiovascular, etc.'),
	(5, 'Radiología y Diagnóstico por Imagen', 'Diagnóstico por imagen.', 'Departamento encargado de realizar estudios de diagnóstico como radiografías, tomografías, resonancias magnéticas, ecografías y otros, para ayudar en la detección y diagnóstico de enfermedades y lesiones.'),
	(6, 'Laboratorio Clínico', 'Análisis clínicos.', 'Aquí se realizan análisis de muestras biológicas (sangre, orina, tejidos, etc.) para obtener diagnósticos precisos de diversas condiciones médicas. Incluye pruebas de laboratorio para infecciones, enfermedades metabólicas, y más.'),
	(7, 'Farmacia', 'Dispensa de medicamentos.', 'En este departamento se gestionan y distribuyen los medicamentos tanto para pacientes hospitalizados como ambulatorios. Los farmacéuticos asesoran sobre el uso adecuado de medicamentos y gestionan el inventario.'),
	(8, 'Oncología', 'Tratamiento del cáncer.', 'Especializado en el diagnóstico, tratamiento y seguimiento de pacientes con cáncer. Este departamento maneja quimioterapia, radioterapia, cirugía oncológica, y cuidado paliativo, entre otros.'),
	(9, 'Pediatría', 'Medicina infantil.', 'En este departamento se ofrece atención médica a niños, desde recién nacidos hasta adolescentes. Se tratan enfermedades específicas de la infancia, seguimiento del crecimiento y desarrollo, y vacunación.'),
	(10, 'Ginecología y Obstetricia', 'Salud reproductiva femenina.', 'Se enfoca en el cuidado de la salud reproductiva de la mujer, incluyendo la atención durante el embarazo, el parto, la posparto, así como la prevención y tratamiento de enfermedades ginecológicas.'),
	(11, 'Dermatología', 'Enfermedades de la piel.', 'Especializado en el diagnóstico y tratamiento de enfermedades de la piel, cabello y uñas, tales como acné, psoriasis, dermatitis, cáncer de piel, y trastornos estéticos.'),
	(12, 'Cardiología', 'Especialidad Clínica', 'El Departamento de Cardiología se encarga del diagnóstico, tratamiento y seguimiento de enfermedades cardiovasculares. Atiende pacientes con patologías como hipertensión, insuficiencia cardíaca, arritmias, cardiopatías congénitas y enfermedad coronaria, entre otras.\r\n\r\nOfrece estudios como electrocardiograma, ecocardiograma, monitoreo Holter, pruebas de esfuerzo (ergometría) y control de marcapasos. Brinda atención ambulatoria, internación en unidad coronaria y participa activamente en programas de prevención cardiovascular.'),
	(13, 'Endocrinología y Metabolismo', 'Clínico', 'El departamento de Endocrinología y Metabolismo se encarga del diagnóstico, tratamiento y seguimiento de enfermedades relacionadas con las glándulas endocrinas y los trastornos metabólicos. Incluye patologías como diabetes, enfermedades tiroideas, trastornos hormonales y desórdenes metabólicos. Trabaja en conjunto con el laboratorio de endocrinología para ofrecer análisis especializados y brindar un tratamiento integral a los pacientes.'),
	(14, 'Microbiología y Bacteriología', 'Clínico', 'El departamento de Microbiología y Bacteriología se dedica al diagnóstico, estudio y control de enfermedades infecciosas causadas por bacterias y otros microorganismos. Colabora estrechamente con laboratorios clínicos para realizar cultivos, pruebas de sensibilidad y estudios epidemiológicos que permiten un manejo adecuado de las infecciones en los pacientes.'),
	(15, 'Neumología', 'Clínico', 'Este es el área principal donde se gestionan los estudios y diagnósticos relacionados con el sistema respiratorio, incluyendo enfermedades como asma, EPOC (enfermedad pulmonar obstructiva crónica), neumonía, fibrosis pulmonar, tuberculosis, entre otras. En este departamento se realizan consultas, estudios diagnósticos y seguimientos de los pacientes con problemas respiratorios.'),
	(16, 'Diagnostico', 'Clínico', 'Este Departamento trabaja estrechamente con otros servicios como cirugía, oncología, ginecología y medicina interna, ya que se encarga del estudio de muestras de tejido (biopsias, piezas quirúrgicas, citologías) para establecer diagnósticos.'),
	(17, 'Neurología', 'Clinico', 'El Departamento de Neurología es la unidad médico-asistencial especializada en la prevención, diagnóstico, tratamiento y seguimiento de enfermedades que afectan al sistema nervioso central y periférico, incluyendo el cerebro, médula espinal, nervios y músculos.'),
	(18, 'Unidad de Recuperación Postquirúrgica (PACU)', 'Asistencial', 'La Unidad de Recuperación Postquirúrgica es el espacio donde los pacientes son trasladados inmediatamente después de una cirugía, para ser monitoreados y estabilizados durante el proceso de recuperación de la anestesia.'),
	(19, 'Anestesiología', 'Clínico', 'El Departamento de Anestesiología es responsable de planificar, administrar y supervisar la anestesia en pacientes que se someten a procedimientos quirúrgicos, diagnósticos o terapéuticos. Además, este departamento tiene un papel fundamental en el manejo del dolor agudo y crónico, así como en el soporte vital en situaciones críticas.'),
	(20, 'Patología', 'Clínico y de laboratorio', 'El Departamento de Patología es responsable de la evaluación diagnóstica de muestras biológicas (tejidos, fluidos corporales, células) para identificar enfermedades, orientar tratamientos y apoyar la toma de decisiones clínicas. Es fundamental para el diagnóstico definitivo en muchas enfermedades, incluyendo infecciones, cánceres, trastornos inflamatorios y genéticos.'),
	(21, 'Nefrología', 'Clínico', 'El Departamento de Nefrología se encarga del estudio y tratamiento de las patologías que afectan la función renal, incluyendo enfermedades agudas y crónicas, así como el manejo de la insuficiencia renal. Además, supervisa terapias de sustitución renal como la diálisis y la preparación para el trasplante renal.'),
	(22, 'Gastroenterología', 'Clínico', 'El Departamento de Gastroenterología se encarga del estudio y tratamiento de las patologías que afectan el tracto gastrointestinal, que incluye esófago, estómago, intestinos, hígado, páncreas y vías biliares. Además, realiza procedimientos diagnósticos y terapéuticos como endoscopias.'),
	(23, 'Reumatología', 'Clínico', 'El Departamento de Reumatología se enfoca en el estudio y tratamiento de enfermedades reumáticas, que incluyen trastornos inflamatorios, degenerativos y autoinmunes. Estos trastornos afectan principalmente las articulaciones y el sistema musculoesquelético, pero también pueden comprometer órganos internos.'),
	(24, 'Psiquiatría', 'Clínico', 'El Departamento de Psiquiatría se encarga de la atención integral de pacientes con enfermedades mentales, proporcionando evaluación clínica, terapias farmacológicas y psicoterapéuticas. También trabaja en la prevención, rehabilitación y promoción de la salud mental.'),
	(25, 'Cuidados Paliativos', 'Clínico', 'El Departamento de Cuidados Paliativos se enfoca en el alivio del dolor y otros síntomas en pacientes con enfermedades que no responden a tratamientos curativos, como el cáncer avanzado, enfermedades neurológicas degenerativas, insuficiencias orgánicas crónicas, entre otras.\r\n\r\nEste departamento no busca curar la enfermedad, sino mejorar la calidad de vida del paciente y su familia, promoviendo una atención digna, humanizada y respetuosa durante el proceso de enfermedad avanzada o en el final de la vida.'),
	(26, 'Otorrinolaringología', 'Clínico-quirúrgico', 'El Departamento de Otorrinolaringología se dedica a tratar afecciones que afectan los órganos sensoriales y las vías respiratorias superiores, incluyendo problemas auditivos, de equilibrio, respiración nasal, deglución, habla y voz. Además, maneja quirúrgicamente enfermedades de cabeza y cuello, incluyendo tumores benignos o malignos.'),
	(27, 'Oftalmología', 'Clínico-quirúrgico', 'El Departamento de Oftalmología se dedica a la atención integral de la salud visual, incluyendo el diagnóstico y tratamiento médico y quirúrgico de enfermedades oculares, así como la prevención de la ceguera y el cuidado de la visión.'),
	(28, 'Alergología', 'Clínico', 'El Departamento de Alergología se encarga del estudio y tratamiento de las reacciones alérgicas, que pueden afectar diferentes órganos y sistemas, como la piel, las vías respiratorias, el aparato digestivo y en casos severos, provocar anafilaxia. También aborda trastornos relacionados con el sistema inmunológico.'),
	(29, 'Salas administrativas', 'Administrativo', 'Estas salas están destinadas a las actividades administrativas y de gestión hospitalaria, donde se planifican, organizan y supervisan procesos relacionados con recursos humanos, finanzas, logística, atención al paciente y otras áreas operativas esenciales para el funcionamiento eficaz del centro de salud.'),
	(30, 'Banco de Sangre', 'Clínico', 'El Banco de Sangre se encarga de garantizar la disponibilidad y seguridad de la sangre y sus derivados, cumpliendo con estrictos controles para evitar reacciones transfusionales y transmisión de enfermedades. Además, realiza pruebas de compatibilidad y estudios inmunohematológicos.'),
	(31, 'Urología', 'Especialidad Quirúrgica', 'El Departamento de Urología se encarga del diagnóstico, tratamiento médico y quirúrgico de las enfermedades del sistema urinario en hombres y mujeres, así como del aparato reproductor masculino. Atiende patologías como infecciones urinarias, cálculos renales, problemas prostáticos, cáncer urológico y trastornos funcionales del tracto urinario. Proporciona atención integral en consultorios externos, hospitalización y procedimientos quirúrgicos.');

-- Volcando estructura para tabla hospitalbd.hospital_personal_especialidades
CREATE TABLE IF NOT EXISTS `hospital_personal_especialidades` (
  `id` bigint NOT NULL AUTO_INCREMENT,
  `nombre_especialidad` varchar(255) COLLATE utf8mb4_general_ci NOT NULL,
  `descripcion` longtext COLLATE utf8mb4_general_ci NOT NULL,
  `permite_turno` tinyint(1) NOT NULL,
  `departamento_id` bigint NOT NULL,
  `capacidad_diaria` int unsigned DEFAULT NULL,
  PRIMARY KEY (`id`),
  KEY `hospital_personal_es_departamento_id_c964bc2b_fk_hospital_` (`departamento_id`),
  CONSTRAINT `hospital_personal_es_departamento_id_c964bc2b_fk_hospital_` FOREIGN KEY (`departamento_id`) REFERENCES `hospital_personal_departamento` (`id`),
  CONSTRAINT `hospital_personal_especialidades_chk_1` CHECK ((`capacidad_diaria` >= 0))
) ENGINE=InnoDB AUTO_INCREMENT=38 DEFAULT CHARSET=utf8mb4 COLLATE=utf8mb4_general_ci;

-- Volcando datos para la tabla hospitalbd.hospital_personal_especialidades: ~37 rows (aproximadamente)
INSERT INTO `hospital_personal_especialidades` (`id`, `nombre_especialidad`, `descripcion`, `permite_turno`, `departamento_id`, `capacidad_diaria`) VALUES
	(1, 'Medicina de Urgencias', 'Especialidad que se ocupa de la atención inmediata a pacientes en situaciones de emergencia y urgencias médicas, como accidentes o enfermedades repentinas.', 0, 1, 80),
	(2, 'Trauma y Cirugía de Urgencias', 'Especialidad centrada en el manejo de traumas y lesiones en situaciones de emergencia que requieren intervención quirúrgica urgente.', 0, 1, 50),
	(3, 'Medicina General', 'Especialidad que se encarga de la atención primaria de la salud, diagnóstico y tratamiento de enfermedades comunes y prevención.', 1, 2, 60),
	(4, 'Pediatría', 'Especialidad que se dedica a la atención médica de niños y adolescentes, desde el nacimiento hasta la adolescencia.', 1, 9, 40),
	(6, 'Dermatología', 'Especialidad que diagnostica y trata las enfermedades de la piel, cabello y uñas, incluyendo enfermedades dermatológicas comunes y estéticas.', 1, 11, 25),
	(7, 'Cirugía General', 'Especialidad que se enfoca en el tratamiento quirúrgico de diversas patologías, incluyendo intervenciones en órganos y tejidos internos.', 0, 3, 20),
	(8, 'Cirugía Oncológica', 'Especialidad quirúrgica que se dedica al diagnóstico y tratamiento quirúrgico del cáncer en diversas partes del cuerpo.', 0, 3, 15),
	(9, 'Cirugía Vascular', 'Especialidad que aborda las enfermedades de los vasos sanguíneos, mediante procedimientos quirúrgicos.', 0, 3, 15),
	(10, 'Medicina Crítica', 'Especialidad médica que se encarga del manejo de pacientes en estado crítico, incluyendo soporte vital y monitoreo intensivo.', 0, 4, 10),
	(11, 'Anestesiología', 'Especialidad médica que se ocupa de la administración de anestesia y el manejo del dolor en procedimientos quirúrgicos o críticos.', 0, 19, 12),
	(12, 'Radiología intervencionista', 'Especialidad médica que realiza procedimientos mínimamente invasivos guiados por imágenes (rayos X, ecografía, tomografía, resonancia) para diagnosticar y tratar diversas patologías, permitiendo atención directa del paciente sin necesidad de cirugía abierta.', 1, 2, 20),
	(13, 'Patología', 'Especialidad médica que se ocupa del diagnóstico de enfermedades a través de análisis de muestras biológicas.', 0, 20, 30),
	(14, 'Microbiología', 'Especialidad enfocada en el diagnóstico de infecciones mediante análisis microbiológicos de muestras de sangre, orina, etc.', 0, 14, 30),
	(15, 'Oncología Médica', 'Especialidad que trata el cáncer mediante quimioterapia, terapias biológicas y seguimiento de pacientes con cáncer en todas sus fases.', 1, 8, 20),
	(16, 'Oncología Ginecológica', 'Especialidad médica que trata los cánceres relacionados con el aparato reproductivo femenino, como cáncer de ovario y de cuello uterino.', 1, 8, 15),
	(17, 'Neonatología', 'Especialidad médica que se ocupa del cuidado de recién nacidos, especialmente aquellos que nacen prematuramente o con enfermedades.', 1, 9, 20),
	(18, 'Obstetricia', 'Especialidad que se ocupa del manejo del embarazo, el parto y el postparto, incluyendo la salud de la madre y el bebé.', 1, 10, 40),
	(19, 'Ginecología', 'Especialidad médica que se encarga del diagnóstico y tratamiento de enfermedades del aparato reproductivo femenino, incluyendo trastornos menstruales y cáncer ginecológico.', 1, 10, 30),
	(20, 'Dermatología Estética', 'Especialidad que trata las afecciones estéticas de la piel, cabello y uñas, como rejuvenecimiento facial, tratamientos contra la caída del cabello, etc.', 1, 11, 15),
	(21, 'Cirugía Dermatológica', 'Especialidad quirúrgica que se ocupa de realizar procedimientos en la piel, como la eliminación de tumores cutáneos, tratamiento de cicatrices, etc.', 0, 11, 10),
	(22, 'Medicina de Emergencias Pediátricas', 'Especialidad que se ocupa de la atención de emergencias médicas en niños, considerando sus necesidades específicas.', 0, 1, 30),
	(23, 'Medicina de Desastres', 'Especialidad que se encarga de la atención de emergencias y desastres masivos, como accidentes múltiples, desastres naturales, etc.', 0, 1, 25),
	(24, 'Cardiología', 'Especialidad que se dedica a diagnosticar y tratar enfermedades del corazón y del sistema circulatorio.', 1, 12, 35),
	(25, 'Neumología', 'Especialidad que se ocupa de las enfermedades respiratorias, como el asma, bronquitis crónica, neumonía, entre otras.', 1, 15, 25),
	(26, 'Endocrinología', 'Especialidad médica que trata trastornos hormonales y metabólicos, como diabetes, hipotiroidismo, etc.', 1, 13, 20),
	(27, 'Oftalmología', 'Especialidad que se dedica al diagnóstico y tratamiento de enfermedades y trastornos visuales.', 1, 27, 25),
	(28, 'Otorrinolaringología', 'Especialidad que se enfoca en el diagnóstico y tratamiento de enfermedades relacionadas con los oídos, nariz y garganta.', 1, 26, 25),
	(29, 'Urología', 'Especialidad que trata enfermedades del sistema urinario y los órganos reproductores masculinos, incluyendo problemas renales y de próstata.', 1, 31, 20),
	(30, 'Reumatología', 'Especialidad médica que diagnostica y trata enfermedades autoinmunes y enfermedades musculoesqueléticas como artritis y lupus.', 1, 23, 15),
	(31, 'Gastroenterología', 'Especialidad dedicada al diagnóstico y tratamiento de enfermedades del aparato digestivo, incluyendo el hígado, páncreas y colon.', 1, 22, 20),
	(32, 'Neurología', 'Especialidad médica que se ocupa de los trastornos del sistema nervioso central y periférico, como accidentes cerebrovasculares, esclerosis múltiple, etc.', 1, 17, 15),
	(33, 'Cirugía Torácica', 'Especialidad quirúrgica que se ocupa del tratamiento de enfermedades del tórax, incluidos los pulmones y el corazón.', 1, 3, 10),
	(34, 'Cirugía Plástica y Estética', 'Especialidad que se dedica a la reparación de tejidos y a los procedimientos estéticos reconstructivos.', 1, 3, 10),
	(35, 'Ortopedia', 'Especialidad que trata problemas musculoesqueléticos, incluyendo fracturas, deformidades y trastornos articulares.', 1, 3, 15),
	(36, 'Cuidados Intensivos Neurológicos', 'Especialidad que se ocupa del tratamiento de pacientes con trastornos neurológicos graves, como traumatismos craneoencefálicos o ACVs.', 0, 4, 10),
	(37, 'Cuidados Paliativos', 'Especialidad que se centra en el alivio del dolor y el sufrimiento de pacientes con enfermedades terminales o crónicas.', 1, 25, 10);

-- Volcando estructura para tabla hospitalbd.hospital_personal_estudiosdiagnosticos
CREATE TABLE IF NOT EXISTS `hospital_personal_estudiosdiagnosticos` (
  `id` bigint NOT NULL AUTO_INCREMENT,
  `tipo_resultado` varchar(100) COLLATE utf8mb4_general_ci NOT NULL,
  `nombre_estudio` varchar(200) COLLATE utf8mb4_general_ci NOT NULL,
  `servicio_diagnostico_id` bigint NOT NULL,
  PRIMARY KEY (`id`),
  KEY `hospital_personal_es_servicio_diagnostico_06e305e5_fk_hospital_` (`servicio_diagnostico_id`),
  CONSTRAINT `hospital_personal_es_servicio_diagnostico_06e305e5_fk_hospital_` FOREIGN KEY (`servicio_diagnostico_id`) REFERENCES `hospital_personal_serviciodiagnostico` (`id`)
) ENGINE=InnoDB AUTO_INCREMENT=606 DEFAULT CHARSET=utf8mb4 COLLATE=utf8mb4_general_ci;

-- Volcando datos para la tabla hospitalbd.hospital_personal_estudiosdiagnosticos: ~578 rows (aproximadamente)
INSERT INTO `hospital_personal_estudiosdiagnosticos` (`id`, `tipo_resultado`, `nombre_estudio`, `servicio_diagnostico_id`) VALUES
	(1, 'img', 'Radiografía de tórax', 1),
	(2, 'img', 'Radiografía de abdomen', 1),
	(3, 'img', 'Radiografía de pelvis', 1),
	(4, 'img', 'Ecografía FAST', 2),
	(5, 'img', 'Ecografía suprarrenal', 6),
	(6, 'img', 'Ecocardiografía rápida', 2),
	(8, 'img', 'TAC de tórax', 13),
	(9, 'img', 'TAC de columna cervical', 13),
	(10, 'img', 'Radiografía de huesos largos', 1),
	(11, 'img', 'Radiografía de columna cervical', 1),
	(12, 'img', 'Radiografía de tórax post-trauma', 1),
	(13, 'img', 'Ecografía abdominal en trauma', 2),
	(14, 'img', 'TAC de tórax politrauma', 13),
	(15, 'img', 'TAC de pelvis', 13),
	(16, 'img', 'TAC cuerpo entero (Whole Body CT)', 13),
	(17, 'img', 'Radiografía de tórax pediátrica', 1),
	(18, 'img', 'Radiografía de huesos largos pediátricos', 1),
	(19, 'img', 'Radiografía simple de abdomen', 1),
	(20, 'img', 'Ecografía abdominal pediátrica', 2),
	(21, 'img', 'Ecografía cerebral neonatal', 2),
	(22, 'img', 'Ecografía renal pediátrica', 2),
	(23, 'img', 'TAC craneal pediátrico', 13),
	(24, 'img', 'TAC de tórax pediátrico', 13),
	(25, 'img', 'TAC de columna pediátrica', 13),
	(26, 'img', 'Radiografía de tórax múltiples víctimas', 1),
	(27, 'img', 'TAC de pelvis con contraste', 13),
	(28, 'img', 'Radiografía de columna múltiples víctimas', 1),
	(29, 'img', 'Ecografía cardíaca', 6),
	(30, 'img', 'TAC de tórax con contraste', 13),
	(31, 'img', 'TAC de abdomen', 13),
	(33, 'lab', 'Hemograma completo', 4),
	(34, 'lab', 'Examen de orina completo', 4),
	(35, 'lab', 'Perfil lipídico', 4),
	(36, 'lab', 'Glucemia', 4),
	(37, 'lab', 'Pruebas de función hepática', 4),
	(38, 'lab', 'Pruebas de función renal', 4),
	(39, 'fisio', 'Electrocardiograma en reposo', 5),
	(40, 'eval', 'Examen visual básico', 10),
	(41, 'eval', 'Examen auditivo básico', 9),
	(42, 'lab', 'Prueba de alergia general', 11),
	(43, 'lab', 'Perfil metabólico pediátrico', 4),
	(44, 'lab', 'Prueba neonatal de hipotiroidismo', 29),
	(45, 'img', 'Ecografía cerebral pediátrica', 30),
	(46, 'eval', 'Examen auditivo neonatal', 29),
	(47, 'eval', 'Examen visual pediátrico', 10),
	(48, 'lab', 'Pruebas de alergia pediátricas', 11),
	(49, 'lab', 'Cultivo de orina pediátrico', 4),
	(50, 'img', 'Ecografía ginecológica transvaginal', 31),
	(51, 'img', 'Ecografía transabdominal', 31),
	(52, 'img', 'Ecografía de control de folículos', 31),
	(53, 'lab', 'Perfil hormonal femenino', 32),
	(54, 'lab', 'Prueba de fertilidad básica', 32),
	(55, 'lab', 'Prueba de fertilidad avanzada', 32),
	(56, 'lab', 'Examen Papanicolaou', 4),
	(57, 'img', 'Colposcopia', 31),
	(58, 'lab', 'Biopsia endometrial', 4),
	(59, 'lab', 'Examen de orina en embarazo', 4),
	(60, 'img', 'Dermatoscopia de lunares', 33),
	(61, 'img', 'Dermatoscopia de lesiones pigmentadas', 33),
	(62, 'lab', 'Pruebas de alergia dermatológica', 34),
	(63, 'lab', 'Prueba del parche (epicutánea)', 34),
	(64, 'lab', 'Biopsia de piel', 33),
	(65, 'lab', 'Cultivo micológico', 34),
	(66, 'lab', 'Examen bacteriológico de piel', 34),
	(67, 'img', 'Dermatoscopia digital', 33),
	(68, 'eval', 'Examen capilar (tricograma)', 34),
	(69, 'eval', 'Examen de uñas (onicopatías)', 34),
	(70, 'fisio', 'Electrocardiograma de esfuerzo', 5),
	(71, 'fisio', 'Holter de 24 horas', 5),
	(72, 'fisio', 'Prueba de esfuerzo ergométrica', 5),
	(73, 'img', 'Ecocardiograma Doppler', 6),
	(74, 'img', 'Ecocardiograma transtorácico', 6),
	(75, 'img', 'Ecocardiograma transesofágico', 6),
	(76, 'fisio', 'Prueba de función cardíaca basal', 5),
	(77, 'fisio', 'Prueba de esfuerzo farmacológica', 5),
	(78, 'fisio', 'Prueba de variabilidad cardíaca', 5),
	(79, 'fisio', 'Espirometría simple', 7),
	(80, 'fisio', 'Espirometría forzada', 7),
	(81, 'fisio', 'Prueba broncodilatadora', 7),
	(82, 'fisio', 'Prueba de difusión pulmonar', 7),
	(83, 'fisio', 'Prueba de función pulmonar completa', 7),
	(84, 'fisio', 'Prueba de resistencia de vías aéreas', 7),
	(85, 'fisio', 'Test de marcha de 6 minutos', 7),
	(86, 'img', 'Radiografía de tórax control', 18),
	(88, 'img', 'Resonancia pulmonar', 14),
	(89, 'lab', 'Perfil tiroideo completo', 23),
	(90, 'lab', 'Prueba de TSH', 23),
	(91, 'lab', 'Prueba de T4 libre', 23),
	(92, 'lab', 'Prueba de T3', 23),
	(93, 'lab', 'Prueba de anticuerpos antitiroideos', 23),
	(94, 'lab', 'Perfil glucémico', 23),
	(95, 'lab', 'Prueba de tolerancia a la glucosa', 23),
	(96, 'lab', 'Prueba de insulina basal', 23),
	(97, 'lab', 'Prueba de hemoglobina glicosilada', 23),
	(98, 'eval', 'Examen de agudeza visual', 10),
	(99, 'eval', 'Campimetría visual', 10),
	(100, 'eval', 'Fondo de ojo', 10),
	(101, 'eval', 'Tonometría ocular', 10),
	(102, 'eval', 'Prueba de motilidad ocular', 10),
	(103, 'eval', 'Prueba de visión de colores', 10),
	(104, 'eval', 'Examen con lámpara de hendidura', 10),
	(105, 'eval', 'Retinografía', 10),
	(106, 'eval', 'OCT (Tomografía de coherencia óptica)', 10),
	(107, 'eval', 'Paquimetría corneal', 10),
	(108, 'eval', 'Audiometría tonal', 9),
	(109, 'eval', 'Audiometría impedanciométrica', 9),
	(110, 'img', 'Videoendoscopía nasofaríngea', 6),
	(111, 'eval', 'Timpanometría', 9),
	(112, 'eval', 'Pruebas de equilibrio vestibular', 9),
	(113, 'eval', 'Examen de laringe con fibra óptica', 6),
	(114, 'eval', 'Otoemisiones acústicas', 9),
	(115, 'eval', 'Cultivo de exudado faríngeo', 36),
	(116, 'eval', 'Prueba de olfato', 6),
	(117, 'img', 'TAC de senos paranasales', 13),
	(118, 'lab', 'Uroanálisis completo', 24),
	(119, 'img', 'Ecografía renal y vesical', 6),
	(121, 'img', 'Cistoscopia', 6),
	(122, 'fisio', 'Flujometría urinaria', 24),
	(123, 'lab', 'Estudio de próstata (PSA)', 23),
	(124, 'lab', 'Cultivo de orina', 24),
	(125, 'img', 'Urografía intravenosa', 13),
	(126, 'lab', 'Perfil inflamatorio', 4),
	(127, 'lab', 'Factor reumatoide', 4),
	(128, 'lab', 'Anticuerpos anti-CCP', 4),
	(129, 'lab', 'Análisis de líquido sinovial', 4),
	(130, 'img', 'Radiografía de articulaciones', 18),
	(131, 'img', 'Resonancia magnética de articulaciones', 14),
	(132, 'img', 'Ultrasonido musculoesquelético', 6),
	(133, 'img', 'Densitometría ósea', 18),
	(134, 'lab', 'Pruebas HLA-B27', 23),
	(135, 'eval', 'Examen físico especializado en artritis', 6),
	(136, 'img', 'Endoscopía digestiva alta', 8),
	(137, 'img', 'Colonoscopia', 8),
	(138, 'img', 'Ecografía abdominal', 6),
	(140, 'lab', 'Test de Helicobacter pylori', 24),
	(141, 'lab', 'Biopsia gastrointestinal', 27),
	(142, 'img', 'Resonancia magnética abdominal', 14),
	(143, 'img', 'Fibroscan hepático', 14),
	(144, 'fisio', 'pHmetría esofágica', 7),
	(145, 'fisio', 'Electroencefalograma (EEG)', 17),
	(146, 'fisio', 'Potenciales evocados visuales', 17),
	(147, 'img', 'TAC craneal', 13),
	(148, 'img', 'RM cerebral', 14),
	(149, 'fisio', 'Estudio de conducción nerviosa', 17),
	(150, 'fisio', 'Electromiografía (EMG)', 17),
	(151, 'fisio', 'Monitorización ambulatoria de EEG', 17),
	(152, 'eval', 'Examen neurológico completo', 6),
	(153, 'img', 'Ecografía Doppler', 6),
	(154, 'img', 'Radiografía preoperatoria', 12),
	(155, 'img', 'RM de órganos internos', 14),
	(156, 'img', 'Ecografía preoperatoria', 6),
	(157, 'lab', 'Marcadores tumorales', 23),
	(158, 'lab', 'Examen de laboratorio prequirúrgico', 4),
	(159, 'fisio', 'Electrocardiograma prequirúrgico', 5),
	(160, 'fisio', 'Prueba de función pulmonar', 7),
	(161, 'lab', 'Biopsia de tejidos', 27),
	(162, 'img', 'Resonancia o TAC de planificación quirúrgica', 14),
	(163, 'lab', 'Biopsia tumoral', 27),
	(164, 'img', 'TAC prequirúrgico de tumor', 13),
	(165, 'img', 'RM prequirúrgica de tumor', 14),
	(166, 'img', 'PET-CT', 13),
	(167, 'img', 'Ecografía abdominal en cáncer', 6),
	(168, 'lab', 'Pruebas hematológicas', 4),
	(169, 'img', 'Endoscopia oncológica', 8),
	(170, 'lab', 'Estudios de función hepática y renal', 4),
	(171, 'img', 'Doppler arterial', 6),
	(172, 'img', 'Doppler venoso', 6),
	(173, 'img', 'Angiografía por TAC', 13),
	(174, 'img', 'Angiografía por RM', 14),
	(175, 'img', 'Ecografía vascular', 6),
	(176, 'lab', 'Pruebas de coagulación', 4),
	(177, 'eval', 'Examen físico vascular', 6),
	(178, 'img', 'TAC de vasos periféricos', 13),
	(179, 'img', 'RM de vasos periféricos', 14),
	(180, 'fisio', 'Estudio de perfusión tisular', 6),
	(181, 'img', 'TAC torácico', 13),
	(182, 'img', 'Resonancia magnética torácica', 14),
	(183, 'img', 'Broncoscopia', 8),
	(184, 'fisio', 'Pruebas de función pulmonar', 7),
	(185, 'img', 'Ecografía torácica', 6),
	(186, 'lab', 'Marcadores tumorales pulmonares', 23),
	(187, 'img', 'Gammagrafía pulmonar', 13),
	(188, 'lab', 'Examen preoperatorio general', 4),
	(189, 'lab', 'Biopsia pulmonar', 27),
	(190, 'eval', 'Evaluación prequirúrgica de piel', 6),
	(191, 'eval', 'Fotografía médica preoperatoria', 6),
	(192, 'img', 'Ecografía de tejidos blandos', 6),
	(193, 'lab', 'Biopsia cutánea', 27),
	(194, 'lab', 'Laboratorio preoperatorio', 4),
	(195, 'lab', 'Evaluación de coagulación', 4),
	(196, 'img', 'TAC de área quirúrgica', 13),
	(197, 'img', 'RM de área quirúrgica', 14),
	(198, 'img', 'Evaluación vascular de colgajos', 6),
	(199, 'fisio', 'Estudio de función respiratoria', 7),
	(200, 'img', 'TAC de fracturas complejas', 13),
	(201, 'img', 'TAC articular', 13),
	(203, 'fisio', 'Electrocardiograma preoperatorio', 5),
	(204, 'fisio', 'Pruebas de función pulmonar', 7),
	(205, 'lab', 'Biopsia ósea', 27),
	(206, 'eval', 'Evaluación física ortopédica completa', 6),
	(207, 'fisio', 'Monitoreo hemodinámico', 15),
	(208, 'lab', 'Gasometría arterial', 23),
	(209, 'fisio', 'Electrocardiograma continuo', 5),
	(212, 'lab', 'Laboratorio clínico completo', 4),
	(213, 'fisio', 'Monitoreo de presión intracraneal', 15),
	(214, 'eval', 'Evaluación preanestésica', 6),
	(215, 'fisio', 'Monitoreo intraoperatorio', 15),
	(216, 'img', 'Ecografía para bloqueos nerviosos', 6),
	(217, 'fisio', 'Monitoreo de oxigenación y ventilación', 15),
	(218, 'fisio', 'Evaluación respiratoria preoperatoria', 7),
	(219, 'lab', 'Laboratorio preoperatorio', 4),
	(220, 'fisio', 'Monitorización neurológica', 17),
	(221, 'fisio', 'Electroencefalograma en pacientes críticos', 17),
	(223, 'lab', 'Evaluación laboratorio neurocrítico', 4),
	(224, 'fisio', 'Monitoreo de presión intracraneal', 15),
	(225, 'fisio', 'Gasometría arterial pre y post ejercicio', 23),
	(226, 'eval', 'Evaluación neurológica completa', 6),
	(227, 'img', 'Ultrasonido transcraneal', 6),
	(228, 'img', 'Ecografía Doppler cerebral', 6),
	(229, 'eval', 'Evaluación clínica paliativa', 6),
	(230, 'fisio', 'Monitoreo de signos vitales', 15),
	(231, 'lab', 'Laboratorio básico', 4),
	(232, 'fisio', 'Electrocardiograma', 5),
	(233, 'eval', 'Evaluación del dolor', 6),
	(234, 'img', 'Exámenes de imagen según necesidad', 18),
	(235, 'lab', 'Evaluación nutricional', 4),
	(236, 'lab', 'Coagulación (TP, TTPA, INR, Fibrinógeno)', 4),
	(237, 'img', 'Ultrasonido general', 6),
	(238, 'img', 'Radiografía lumbosacra', 18),
	(239, 'img', 'Radiografía de senos paranasales', 18),
	(241, 'lab', 'Perfil tiroideo neonatal', 23),
	(245, 'lab', 'Pruebas hematológicas', 4),
	(251, 'lab', 'Pruebas de coagulación', 4),
	(252, 'eval', 'Examen físico vascular', 6),
	(255, 'fisio', 'Estudio de perfusión tisular', 6),
	(259, 'fisio', 'Estudio de función respiratoria', 7),
	(261, 'img', 'Resonancia magnética de tejidos blandos', 14),
	(263, 'fisio', 'Electrocardiograma preoperatorio', 5),
	(264, 'fisio', 'Pruebas de función pulmonar', 7),
	(265, 'lab', 'Biopsia ósea', 27),
	(266, 'eval', 'Evaluación física ortopédica completa', 6),
	(267, 'fisio', 'Monitoreo hemodinámico', 15),
	(268, 'lab', 'Gasometría capilar', 4),
	(269, 'fisio', 'Electrocardiograma continuo', 5),
	(272, 'lab', 'Colesterol total', 4),
	(273, 'lab', 'Urea', 4),
	(274, 'lab', 'Creatinina', 4),
	(275, 'lab', 'Ionograma', 4),
	(276, 'lab', 'Ácido úrico', 4),
	(277, 'lab', 'Hepatograma', 4),
	(278, 'lab', 'Eritrosedimentación (VSG)', 4),
	(279, 'lab', 'Proteína C Reactiva (PCR)', 4),
	(280, 'lab', 'Insulinemia', 4),
	(281, 'lab', 'Cortisol plasmático', 4),
	(282, 'lab', 'Calcemia', 4),
	(283, 'lab', 'Fosfatemia', 4),
	(284, 'lab', 'Vitamina D', 4),
	(285, 'lab', 'Perfil hormonal masculino', 35),
	(286, 'lab', 'Hemocultivo', 36),
	(287, 'lab', 'Urocultivo', 36),
	(288, 'lab', 'Coprocultivo', 36),
	(289, 'fisio', 'Prueba ergométrica', 37),
	(290, 'lab', 'Ferritina sérica', 35),
	(291, 'lab', 'Hierro sérico', 38),
	(292, 'lab', 'Capacidad de fijación (CTFH)', 38),
	(293, 'lab', 'Saturación de transferrina', 38),
	(294, 'lab', 'Perfil férrico', 38),
	(295, 'lab', 'Coproparasitológico', 36),
	(296, 'lab', 'Test de sangre oculta en materia fecal', 4),
	(297, 'lab', 'Serología para celiaquía', 39),
	(298, 'lab', 'Grupo sanguíneo', 40),
	(299, 'lab', 'Factor Rh', 40),
	(300, 'lab', 'Bilirrubina neonatal', 38),
	(301, 'lab', 'Exudado nasal', 36),
	(302, 'lab', 'Test rápido de estreptococo', 36),
	(303, 'lab', 'Serología para hepatitis A (HAV)', 39),
	(304, 'lab', 'Serología para hepatitis B (HBV)', 39),
	(305, 'lab', 'Test rápido de VIH', 4),
	(306, 'img', 'Radiografía de miembros', 18),
	(307, 'img', 'Radiografía de cadera', 18),
	(308, 'img', 'Ecografía de cadera (en lactantes)', 30),
	(309, 'img', 'Ecografía transfontanelar (en lactantes)', 30),
	(310, 'img', 'Ecografía testicular', 6),
	(311, 'img', 'Ecografía de partes blandas', 6),
	(312, 'img', 'Ecocardiograma', 41),
	(313, 'fisio', 'Oximetría de pulso', 15),
	(314, 'fisio', 'Audiometría', 9),
	(315, 'fisio', 'Evaluación del crecimiento y percentilos (peso, talla, perímetro cefálico)', 29),
	(316, 'fisio', 'Evaluación nutricional (índice de masa corporal, curvas de crecimiento)', 29),
	(317, 'lab', 'Prueba del talón', 29),
	(318, 'lab', 'Coproantígeno para Giardia o rotavirus', 4),
	(319, 'fisio', 'Test de Mantoux (tuberculina)', 42),
	(320, 'img', 'Radiografía de muñeca para edad ósea', 18),
	(321, 'lab', 'Estudio de alergias (IgE total y específicas)', 11),
	(322, 'lab', 'Prolactina', 35),
	(323, 'lab', 'FSH, LH, Estradiol (control ovárico y fertilidad)', 43),
	(324, 'lab', 'Progesterona', 43),
	(325, 'lab', 'Testosterona total y libre', 43),
	(326, 'lab', 'Test de VPH (Virus del Papiloma Humano)', 4),
	(327, 'lab', 'Exudado vaginal', 4),
	(328, 'lab', 'Exudado endocervical', 4),
	(329, 'lab', 'Serología para sífilis (VDRL, RPR)', 4),
	(330, 'lab', 'Serología para VIH', 4),
	(331, 'lab', 'Toxoplasmosis (IgG, IgM)', 4),
	(332, 'lab', 'Rubéola (IgG, IgM)', 4),
	(333, 'lab', 'Citomegalovirus', 4),
	(334, 'lab', 'Hepatitis A, B, C', 4),
	(335, 'img', 'Ecografía pélvica', 6),
	(336, 'img', 'Ecografía mamaria', 6),
	(337, 'img', 'Mamografía', 44),
	(338, 'img', 'Ecografía obstétrica de primer trimestre', 31),
	(339, 'img', 'Ecografía obstétrica morfológica', 31),
	(340, 'img', 'Ecografía obstétrica de tercer trimestre', 31),
	(341, 'img', 'Ecografía Doppler obstétrica', 31),
	(342, 'img', 'Ecografía de mamas y axilas', 6),
	(343, 'img', 'Histerosalpingografía', 18),
	(344, 'img', 'Histerosonografía', 31),
	(345, 'img', 'Ecografía endometrial', 31),
	(346, 'img', 'Resonancia magnética pélvica', 14),
	(347, 'lab', 'Zinc sérico', 4),
	(348, 'lab', 'ANA (anticuerpos antinucleares)', 4),
	(349, 'lab', 'Complemento C3 y C4', 4),
	(350, 'lab', 'Tinción de KOH', 4),
	(351, 'lab', 'Tinción de Gram', 4),
	(352, 'lab', 'Tinción de Ziehl-Neelsen', 4),
	(353, 'lab', 'Test de Tzanck', 36),
	(354, 'lab', 'PCR para Virus Herpes Simple (HSV-1,HSV2) y Varicela Zóster (VZV)', 25),
	(355, 'lab', 'Serología para sífilis (VDRL, FTA-ABS)', 4),
	(356, 'lab', 'Pruebas cutáneas', 11),
	(357, 'lab', 'Anticuerpos anti-DNA', 4),
	(358, 'lab', 'Anticuerpos anti-ENA', 4),
	(359, 'lab', 'Anticuerpos anti-membrana basal (penfigoide)', 4),
	(360, 'lab', 'Anticuerpos anti-desmogleína (pénfigo)', 4),
	(361, 'lab', 'Biopsia de uña', 33),
	(362, 'lab', 'Biopsia de tejidos o masas', 33),
	(363, 'lab', 'Tiempo de sangría y coagulación', 4),
	(364, 'lab', 'Serología para hepatitis C (HCV)', 39),
	(365, 'img', 'Ecografía hepato-bilio-pancreática', 6),
	(366, 'img', 'TAC de partes blandas', 13),
	(367, 'img', 'Colangioresonancia', 14),
	(368, 'img', 'Tránsito esofagogastroduodenal', 1),
	(369, 'img', 'Enema baritado', 1),
	(370, 'img', 'Urograma excretora', 1),
	(371, 'img', 'Colangiografía percutánea transhepática (CPT)', 1),
	(372, 'eval', 'Citología de líquidos', 45),
	(373, 'eval', 'Histopatológico de pieza quirúrgica', 45),
	(374, 'img', 'Ecografía hepatobiliar', 6),
	(375, 'img', 'TAC de colon', 13),
	(376, 'img', 'TAC de recto', 13),
	(377, 'img', 'Ecografía de hernia inguinal o umbilical', 6),
	(378, 'img', 'TAC de lipoma o quiste sebáceo', 13),
	(379, 'lab', 'Proteínas totales', 38),
	(380, 'lab', 'LDH (lactato deshidrogenasa)', 38),
	(381, 'img', 'TAC de cuello', 13),
	(382, 'img', 'TAC de cerebro', 13),
	(383, 'img', 'Resonancia magnética de mama', 14),
	(384, 'img', 'Resonancia magnética de cerebro', 14),
	(385, 'eval', 'Histeroscopía', 46),
	(386, 'lab', 'CPK (creatinfosfoquinasa)', 38),
	(387, 'img', 'AngioRMN', 14),
	(388, 'img', 'Arteriografía cerebral diagnóstica', 18),
	(389, 'img', 'Arteriografía carotídea', 18),
	(390, 'img', 'Arteriografía coronaria', 18),
	(391, 'img', 'Arteriografía aortoilíaca', 18),
	(392, 'img', 'Arteriografía de miembros inferiores', 18),
	(393, 'img', 'Arteriografía renal', 18),
	(394, 'img', 'Arteriografía pulmonar', 18),
	(395, 'img', 'Flebografía de miembros inferiores', 18),
	(396, 'img', 'Flebografía pélvica', 18),
	(397, 'img', 'Portografía', 18),
	(398, 'img', 'Colangiografía transhepática percutánea', 18),
	(399, 'img', 'Pielografía anterógrada', 18),
	(400, 'img', 'Urografía percutánea', 18),
	(401, 'img', 'Biopsia hepática guiada por ecografía', 13),
	(402, 'img', 'Biopsia pulmonar percutánea guiada por TAC', 13),
	(403, 'img', 'Biopsia ósea guiada por TAC', 13),
	(404, 'img', 'Biopsia renal percutánea', 13),
	(405, 'img', 'Biopsia ganglionar profunda guiada por TAC', 13),
	(406, 'img', 'Drenaje de absceso hepático guiado por ecografía', 6),
	(407, 'lab', 'Plaquetas', 4),
	(408, 'lab', 'Recuento diferencial de glóbulos blancos', 4),
	(409, 'lab', 'Tiempo de protrombina (TP)', 4),
	(410, 'lab', 'Coagulograma', 4),
	(411, 'img', 'Ecografía doppler anexial', 31),
	(412, 'lab', 'Glucemia capilar', 4),
	(413, 'lab', 'Glucemia plasmática', 4),
	(414, 'lab', 'Magnesemia', 38),
	(415, 'lab', 'Bilirrubinas total, directa e indirecta', 38),
	(416, 'lab', 'Transaminasa Glutámico Oxalacética (TGO)', 38),
	(417, 'lab', 'Transaminasa Glutámico Pirúvica (TGP)', 38),
	(418, 'lab', 'Tiempo de Tromboplastina Parcial Activado (TTPA)', 38),
	(419, 'lab', 'Dosaje de lactato', 38),
	(420, 'lab', 'Dosaje de amonio', 38),
	(421, 'lab', 'Dosaje de calcio y fósforo sérico', 38),
	(422, 'lab', 'Coombs directo e indirecto', 40),
	(423, 'lab', 'Dosaje de bilirrubina sérica', 38),
	(424, 'img', 'Ecografía transfontanelar', 6),
	(425, 'img', 'Ecografía de caderas', 6),
	(426, 'fisio', 'Poligrafía cardiorrespiratoria', 42),
	(427, 'lab', 'Glucemia en ayunas', 4),
	(428, 'lab', 'Bilirrubina', 38),
	(429, 'lab', 'Albumina sérica', 38),
	(430, 'lab', 'Chagas (Trypanosoma cruzi)', 39),
	(431, 'lab', 'Elisa para HTLV I/I', 39),
	(432, 'lab', 'Prueba de Papanicolaou con VPH reflex', 46),
	(433, 'lab', 'Test de Torch (toxoplasmosis, rubéola, CMV, herpes)', 46),
	(434, 'img', 'Ecografía de control postparto', 31),
	(435, 'img', 'Ecocardiograma fetal', 6),
	(436, 'lab', 'HDL (colesterol de alta densidad)', 4),
	(437, 'lab', 'LDL (colesterol de baja densidad)', 4),
	(438, 'lab', 'Triglicéridos', 4),
	(439, 'lab', 'Curva de insulina', 38),
	(440, 'lab', 'Examen en fresco', 36),
	(441, 'lab', 'Cultivo para Chlamydia trachomatis y Neisseria gonorrhoeae', 36),
	(442, 'lab', 'Serologías para ITS', 39),
	(443, 'img', 'Mamografía bilateral', 44),
	(444, 'img', 'Ecografía Doppler de anexos uterinos', 31),
	(445, 'lab', 'Medición de pH vaginal', 4),
	(446, 'lab', 'Inmunohistoquímica (IHQ)', 4),
	(447, 'lab', 'DHEA-S (dehidroepiandrosterona sulfato)', 35),
	(448, 'lab', '17-OH progesterona  (17-hidroxiprogesterona)', 35),
	(449, 'lab', 'Glucosa basal', 23),
	(450, 'lab', 'Biotina sérica', 4),
	(451, 'lab', 'Cultivo de lesiones cutáneas o abscesos', 36),
	(452, 'lab', 'Cultivo micológico', 36),
	(453, 'lab', 'Examen directo con KOH', 36),
	(454, 'lab', 'Bacteriología de acné (Cutibacterium acnes)', 36),
	(455, 'img', 'Dermatoscopía digital', 33),
	(456, 'img', 'Ecografía cutánea de alta resolución', 47),
	(457, 'img', 'Fotografía médica estandarizada', 47),
	(458, 'lab', 'Tricoscopía', 47),
	(459, 'lab', 'Sebometría', 47),
	(460, 'lab', 'Corneometría', 47),
	(461, 'fisio', 'Elastometría cutánea', 47),
	(462, 'fisio', 'Medición de pH cutáneo', 47),
	(463, 'lab', 'Antibiograma', 36),
	(464, 'img', 'Ecografía ganglionar regional', 6),
	(465, 'img', 'Linfografía', 18),
	(466, 'lab', 'Troponina I y T', 38),
	(467, 'lab', 'CK total y CK-MB', 38),
	(468, 'lab', 'Péptido natriurético tipo B', 38),
	(469, 'img', 'Ecocardiograma Doppler transtorácico', 6),
	(470, 'img', 'Ecocardiograma transesofágico', 6),
	(471, 'img', 'Ecocardiograma con contraste', 6),
	(472, 'img', 'Ecocardiograma de estrés', 6),
	(473, 'img', 'Tomografía computarizada cardíaca (TC coronaria)', 13),
	(474, 'img', 'Resonancia magnética cardíaca (RMN cardíaca)', 14),
	(475, 'img', 'Angiotomografía de arterias coronarias', 13),
	(476, 'fisio', 'Monitoreo ambulatorio de presión arterial (MAPA)', 37),
	(477, 'fisio', 'Prueba de la caminata de 6 minutos', 37),
	(478, 'fisio', 'Electrofisiológico invasivo (EEF)', 37),
	(479, 'fisio', 'Evaluación de riesgo cardiovascular global', 37),
	(480, 'fisio', 'Cateterismo cardíaco diagnóstico', 37),
	(481, 'lab', 'Dosaje de inmunoglobulinas', 4),
	(482, 'lab', 'Eosinófilos séricos', 4),
	(483, 'lab', 'D-dímero', 4),
	(484, 'lab', 'Test de alfa-1 antitripsina (EPOC precoz)', 38),
	(485, 'lab', 'Serología para Mycoplasma pneumoniae, Legionella, Chlamydia', 39),
	(486, 'lab', 'Examen bacteriológico de esputo', 36),
	(487, 'img', 'Ecografía pleural', 6),
	(488, 'fisio', 'Espirometría con prueba broncodilatadora', 7),
	(489, 'fisio', 'Pletismografía corporal', 7),
	(490, 'fisio', 'Difusión de monóxido de carbono (DLCO)', 7),
	(491, 'fisio', 'Prueba de esfuerzo cardiopulmonar (ergometría respiratoria)', 7),
	(492, 'fisio', 'Medición de picos de flujo espiratorio (peak flow)', 42),
	(493, 'fisio', 'Test de provocación bronquial (metacolina o ejercicio)', 42),
	(494, 'lab', 'Baciloscopía para Mycobacterium tuberculosis', 36),
	(495, 'lab', 'Lavado broncoalveolar (LBA)', 42),
	(496, 'lab', 'Estudio citológico de líquido pleural', 45),
	(497, 'lab', 'Biopsia pulmonar', 42),
	(498, 'lab', 'Broncoscopía con biopsia transbronquia', 42),
	(499, 'lab', 'Toracocentesis diagnóstica', 42),
	(500, 'lab', 'Toracoscopía médica', 42),
	(501, 'lab', 'Tiroglobulina sérica', 35),
	(502, 'lab', 'ACTH (hormona adrenocorticotrópica)', 35),
	(503, 'lab', 'Aldosterona plasmática', 35),
	(504, 'lab', 'Renina plasmática', 35),
	(505, 'lab', 'Test de supresión con dexametasona', 35),
	(506, 'lab', 'GH (hormona del crecimiento)', 43),
	(507, 'lab', 'IGF-1 (factor de crecimiento tipo insulina 1)', 43),
	(508, 'lab', 'C-peptido', 35),
	(509, 'lab', 'AMH (hormona antimülleriana)', 43),
	(510, 'lab', 'SHBG (globulina fijadora de hormonas sexuales)', 43),
	(511, 'lab', 'PTH (parathormona)', 35),
	(512, 'img', 'Ecografía tiroidea', 6),
	(513, 'img', 'TAC hipofisaria', 13),
	(514, 'img', 'TAC suprarrenal', 13),
	(515, 'img', 'Gammagrafía tiroidea', 13),
	(516, 'lab', 'Test de tolerancia a la insulina', 38),
	(517, 'lab', 'Cultivo de oído (otorrea)', 36),
	(518, 'lab', 'Estudio de Sensibilidad Antibiótica (Antibiograma)', 36),
	(519, 'lab', 'Inmunoglobulinas (IgE total y específicas)', 39),
	(520, 'lab', 'Pruebas alérgicas séricas', 39),
	(521, 'lab', 'Serología para Epstein-Barr, citomegalovirus', 39),
	(522, 'img', 'Radiografía de cavum (adenoides)', 18),
	(523, 'img', 'TAC de hueso temporal', 13),
	(524, 'img', 'Resonancia magnética de oído interno', 14),
	(525, 'img', 'Ecografía cervical', 6),
	(526, 'eval', 'Audiometría verbal', 9),
	(527, 'eval', 'Prueba de Rinne y Weber', 9),
	(528, 'lab', 'Estudio micológico de oído', 36),
	(529, 'lab', 'Creatinina sérica', 4),
	(530, 'lab', 'PSA Total y Libre (Antígeno Prostático Específico)', 23),
	(531, 'lab', 'Fosfatasa Ácida Prostática (PAP)', 4),
	(532, 'lab', 'Cortisol urinario en 24 horas', 35),
	(533, 'lab', 'Proteinuria en orina de 24 horas', 24),
	(534, 'lab', 'Microalbuminuria', 4),
	(535, 'lab', 'Calcio y fósforo en orina de 24 horas (litiasis renal)', 24),
	(536, 'img', 'Ecografía prostática transrectal', 6),
	(537, 'img', 'Resonancia magnética prostática multiparamétrica', 14),
	(538, 'img', 'Cistografía retrógrada', 18),
	(539, 'img', 'Uretrocistografía miccional', 18),
	(540, 'img', 'Uro-TAC (Urotomografía computarizada)', 13),
	(541, 'lab', 'Anti-Sm (Smith)', 39),
	(542, 'lab', 'Anti-Ro (SSA) y Anti-La (SSB)', 39),
	(543, 'lab', 'Anti-RNP', 39),
	(544, 'lab', 'Anti-Scl-70 (Topoisomerasa I)', 39),
	(545, 'lab', 'Anti-centromero', 39),
	(546, 'lab', 'Anti-Jo1 (miopatías inflamatorias)', 39),
	(547, 'lab', 'ANCA (anticuerpos anticitoplasma de neutrófilo)', 39),
	(548, 'lab', 'FR (factor reumatoideo)', 39),
	(549, 'lab', 'Anti-CCP (anticuerpos antipéptido citrulinado cíclico', 39),
	(550, 'lab', 'Crioglobulinas séricas', 39),
	(551, 'lab', 'Anticuerpos antifosfolípidos (aPL)', 39),
	(552, 'img', 'Radiografía de pies', 1),
	(553, 'img', 'Radiografía de manos', 1),
	(554, 'img', 'Radiografía de rodillas', 1),
	(555, 'img', 'Ecografía articular con Doppler', 6),
	(556, 'lab', 'Fosfatasa Alcalina (FA)', 4),
	(557, 'lab', 'Gamma-glutamiltransferasa (GGT)', 4),
	(558, 'lab', 'Amilasa y lipasa sérica', 38),
	(559, 'lab', 'Vitamina B12 y ácido fólico', 38),
	(560, 'lab', 'Ecografía hepática y biliar', 6),
	(561, 'lab', 'Ácido láctico y pirúvico', 38),
	(562, 'lab', 'Anticuerpos anti-acetilcolina (Miastenia Gravis)', 39),
	(563, 'lab', 'Anticuerpos anti-MuSK', 39),
	(564, 'lab', 'Anticuerpos anti-NMDA', 39),
	(565, 'lab', 'Anticuerpos anti-AMPA', 39),
	(566, 'lab', 'Anticuerpos anti-GABA', 39),
	(567, 'lab', 'Anticuerpos anti-MOG', 39),
	(568, 'lab', 'Anticuerpos anti-AQP4', 39),
	(569, 'lab', 'Anticuerpos anti-GQ1b', 39),
	(570, 'lab', 'Anticuerpos anti-GM1', 39),
	(571, 'img', 'Resonancia magnética de encéfalo', 14),
	(572, 'img', 'Resonancia magnética de médula espinal', 14),
	(573, 'fisio', 'EEG con privación de sueño', 17),
	(574, 'fisio', 'Potenciales evocados auditivos (PEA)', 17),
	(575, 'fisio', 'Potenciales evocados somatosensoriales (PESS)', 17),
	(576, 'fisio', 'Potenciales evocados motores (PEM)', 17),
	(577, 'eval', 'Escala de Rankin modificada (AVC)', 48),
	(578, 'eval', 'Escala NIHSS (déficit neurológico)', 48),
	(579, 'fisio', 'Escala UPDRS (Parkinson)', 48),
	(580, 'eval', 'Evaluación de marcha y coordinación (ataxias)', 48),
	(581, 'eval', 'Prueba de Tensilón (miastenia)', 48),
	(582, 'eval', 'Evaluación del sueño (polisomnografía)', 42),
	(583, 'eval', 'Test de latencias múltiples del sueño (narcolepsia)', 42),
	(584, 'lab', 'Biopsia cerebral', 45),
	(585, 'lab', 'Estudio genético (epilepsias, distrofias, ataxias hereditarias)', 4),
	(586, 'img', 'Doppler transcraneal', 48),
	(587, 'img', 'EEG cuantitativo', 48),
	(588, 'lab', 'Perfil hepático', 38),
	(589, 'img', 'Tomografía de alta resolución', 13),
	(590, 'img', 'Escanograma torácico', 13),
	(591, 'fisio', 'Capacidad vital forzada (CVF)', 42),
	(592, 'fisio', 'Volumen espiratorio forzado en el primer segundo (VEF1)', 42),
	(593, 'fisio', 'Oximetría basal y post-esfuerzo', 42),
	(594, 'fisio', 'Test cardiopulmonar de ejercicio', 7),
	(595, 'eval', 'Broncoscopía flexible (fibrobroncoscopía)', 42),
	(596, 'eval', 'Broncoscopía rígida', 42),
	(597, 'fisio', 'Mediastinoscopía diagnóstica', 42),
	(598, 'eval', 'Toracoscopía (VATS) diagnóstica', 42),
	(599, 'eval', 'Drenaje pleural', 42),
	(600, 'eval', 'Pleuroscopía', 42),
	(601, 'img', 'TAC facial', 13),
	(602, 'img', 'TAC corporal', 13),
	(603, 'img', 'Radiografía panorámica de miembros inferiores (alineación ósea)', 18),
	(604, 'img', 'Radiografía con carga', 18),
	(605, 'img', 'Resonancia magnética de columna', 14);

-- Volcando estructura para tabla hospitalbd.hospital_personal_estudiosdiagnosticos_especialidad
CREATE TABLE IF NOT EXISTS `hospital_personal_estudiosdiagnosticos_especialidad` (
  `id` bigint NOT NULL AUTO_INCREMENT,
  `estudiosdiagnosticos_id` bigint NOT NULL,
  `especialidades_id` bigint NOT NULL,
  PRIMARY KEY (`id`),
  UNIQUE KEY `hospital_personal_estudi_estudiosdiagnosticos_id__d4a7f301_uniq` (`estudiosdiagnosticos_id`,`especialidades_id`),
  KEY `hospital_personal_es_especialidades_id_0463ad23_fk_hospital_` (`especialidades_id`),
  CONSTRAINT `hospital_personal_es_especialidades_id_0463ad23_fk_hospital_` FOREIGN KEY (`especialidades_id`) REFERENCES `hospital_personal_especialidades` (`id`),
  CONSTRAINT `hospital_personal_es_estudiosdiagnosticos_932bff6f_fk_hospital_` FOREIGN KEY (`estudiosdiagnosticos_id`) REFERENCES `hospital_personal_estudiosdiagnosticos` (`id`)
) ENGINE=InnoDB AUTO_INCREMENT=1181 DEFAULT CHARSET=utf8mb4 COLLATE=utf8mb4_general_ci;

-- Volcando datos para la tabla hospitalbd.hospital_personal_estudiosdiagnosticos_especialidad: ~1.162 rows (aproximadamente)
INSERT INTO `hospital_personal_estudiosdiagnosticos_especialidad` (`id`, `estudiosdiagnosticos_id`, `especialidades_id`) VALUES
	(1, 1, 1),
	(32, 1, 3),
	(86, 1, 4),
	(218, 1, 7),
	(271, 1, 8),
	(2, 1, 10),
	(370, 1, 15),
	(413, 1, 16),
	(456, 1, 17),
	(624, 1, 21),
	(645, 1, 24),
	(673, 1, 25),
	(929, 1, 33),
	(977, 1, 34),
	(1052, 1, 37),
	(3, 2, 1),
	(33, 2, 3),
	(87, 2, 4),
	(457, 2, 17),
	(49, 3, 1),
	(50, 3, 3),
	(226, 3, 7),
	(818, 3, 30),
	(254, 4, 7),
	(728, 5, 26),
	(229, 8, 7),
	(320, 8, 9),
	(409, 8, 16),
	(674, 8, 25),
	(930, 8, 33),
	(1056, 8, 37),
	(891, 9, 32),
	(1055, 10, 37),
	(225, 11, 7),
	(817, 11, 30),
	(1015, 11, 35),
	(1063, 14, 25),
	(228, 15, 7),
	(277, 15, 8),
	(549, 15, 19),
	(853, 15, 31),
	(1064, 16, 1),
	(1065, 16, 2),
	(1067, 16, 15),
	(1066, 16, 30),
	(780, 19, 29),
	(1069, 23, 1),
	(1070, 23, 4),
	(1071, 23, 27),
	(1072, 23, 28),
	(1068, 23, 32),
	(1073, 24, 4),
	(1074, 25, 4),
	(783, 27, 29),
	(461, 29, 17),
	(675, 30, 25),
	(227, 31, 7),
	(1079, 31, 8),
	(321, 31, 9),
	(1081, 31, 15),
	(1080, 31, 16),
	(782, 31, 29),
	(852, 31, 31),
	(932, 31, 33),
	(1057, 31, 37),
	(7, 33, 3),
	(45, 33, 4),
	(161, 33, 6),
	(199, 33, 7),
	(255, 33, 8),
	(301, 33, 9),
	(345, 33, 12),
	(356, 33, 15),
	(387, 33, 16),
	(419, 33, 17),
	(471, 33, 18),
	(515, 33, 19),
	(559, 33, 20),
	(602, 33, 21),
	(662, 33, 25),
	(743, 33, 28),
	(790, 33, 30),
	(862, 33, 32),
	(916, 33, 33),
	(959, 33, 34),
	(992, 33, 35),
	(1030, 33, 37),
	(16, 34, 3),
	(61, 34, 4),
	(215, 34, 7),
	(484, 34, 18),
	(528, 34, 19),
	(735, 34, 26),
	(762, 34, 29),
	(10, 35, 3),
	(308, 35, 9),
	(564, 35, 20),
	(633, 35, 24),
	(717, 35, 26),
	(738, 35, 27),
	(868, 35, 32),
	(927, 35, 33),
	(1040, 35, 37),
	(8, 36, 3),
	(51, 36, 4),
	(162, 36, 6),
	(200, 36, 7),
	(256, 36, 8),
	(302, 36, 9),
	(350, 36, 12),
	(363, 36, 15),
	(390, 36, 16),
	(516, 36, 19),
	(560, 36, 20),
	(603, 36, 21),
	(838, 36, 31),
	(863, 36, 32),
	(921, 36, 33),
	(960, 36, 34),
	(993, 36, 35),
	(1031, 36, 37),
	(298, 37, 8),
	(384, 37, 15),
	(417, 37, 16),
	(975, 37, 34),
	(1003, 37, 35),
	(1035, 37, 37),
	(299, 38, 8),
	(383, 38, 15),
	(416, 38, 16),
	(976, 38, 34),
	(1043, 38, 37),
	(386, 41, 15),
	(630, 42, 21),
	(404, 50, 16),
	(506, 50, 18),
	(541, 50, 19),
	(530, 53, 19),
	(44, 56, 3),
	(499, 56, 18),
	(539, 56, 19),
	(551, 57, 19),
	(400, 58, 16),
	(552, 58, 19),
	(216, 59, 7),
	(194, 60, 6),
	(195, 61, 6),
	(631, 62, 20),
	(632, 62, 21),
	(593, 63, 20),
	(196, 64, 6),
	(323, 64, 9),
	(626, 64, 21),
	(178, 65, 6),
	(614, 65, 21),
	(179, 66, 6),
	(654, 71, 24),
	(38, 73, 3),
	(468, 73, 17),
	(40, 79, 3),
	(98, 79, 4),
	(219, 79, 7),
	(295, 79, 8),
	(382, 79, 15),
	(415, 79, 16),
	(679, 79, 25),
	(939, 79, 33),
	(41, 80, 3),
	(947, 81, 33),
	(945, 83, 33),
	(1161, 88, 15),
	(1159, 88, 25),
	(1160, 88, 33),
	(69, 89, 4),
	(167, 89, 6),
	(369, 89, 15),
	(529, 89, 19),
	(19, 90, 3),
	(70, 90, 4),
	(398, 90, 16),
	(574, 90, 20),
	(642, 90, 24),
	(696, 90, 26),
	(869, 90, 32),
	(1050, 90, 37),
	(21, 91, 3),
	(71, 91, 4),
	(399, 91, 16),
	(575, 91, 20),
	(643, 91, 24),
	(697, 91, 26),
	(870, 91, 32),
	(1051, 91, 37),
	(20, 92, 3),
	(698, 92, 26),
	(699, 93, 26),
	(476, 95, 18),
	(716, 95, 26),
	(532, 96, 19),
	(583, 96, 20),
	(713, 96, 26),
	(22, 97, 3),
	(177, 97, 6),
	(309, 97, 9),
	(420, 97, 17),
	(570, 97, 20),
	(635, 97, 24),
	(715, 97, 26),
	(737, 97, 27),
	(757, 108, 28),
	(101, 109, 4),
	(1025, 112, 35),
	(79, 115, 4),
	(501, 115, 18),
	(745, 115, 28),
	(676, 117, 25),
	(753, 117, 28),
	(36, 119, 3),
	(91, 119, 4),
	(463, 119, 17),
	(777, 119, 29),
	(288, 121, 8),
	(789, 121, 29),
	(1075, 125, 1),
	(1076, 125, 4),
	(1078, 125, 15),
	(1077, 125, 29),
	(175, 127, 6),
	(828, 129, 30),
	(1027, 129, 35),
	(823, 131, 30),
	(1019, 131, 35),
	(1102, 132, 4),
	(1104, 132, 15),
	(1103, 132, 30),
	(43, 133, 3),
	(418, 133, 16),
	(550, 133, 19),
	(731, 133, 26),
	(825, 133, 30),
	(1021, 133, 35),
	(251, 136, 7),
	(287, 136, 8),
	(858, 136, 31),
	(42, 137, 3),
	(250, 137, 7),
	(286, 137, 8),
	(859, 137, 31),
	(35, 138, 3),
	(90, 138, 4),
	(222, 138, 7),
	(272, 138, 8),
	(371, 138, 15),
	(1153, 138, 16),
	(1154, 138, 17),
	(727, 138, 26),
	(850, 138, 31),
	(1053, 138, 37),
	(848, 140, 31),
	(231, 142, 7),
	(280, 142, 8),
	(378, 142, 15),
	(411, 142, 16),
	(854, 142, 31),
	(1164, 143, 15),
	(1162, 143, 26),
	(1163, 143, 31),
	(860, 144, 31),
	(896, 145, 32),
	(900, 146, 32),
	(376, 147, 15),
	(890, 147, 32),
	(982, 147, 34),
	(322, 148, 9),
	(377, 148, 15),
	(899, 149, 32),
	(1024, 149, 35),
	(898, 150, 32),
	(1023, 150, 35),
	(293, 153, 8),
	(1168, 155, 7),
	(1166, 155, 15),
	(1167, 155, 29),
	(1165, 155, 31),
	(1105, 156, 2),
	(1107, 156, 9),
	(1108, 156, 11),
	(1109, 156, 19),
	(1110, 156, 28),
	(1111, 156, 29),
	(928, 157, 33),
	(1171, 162, 7),
	(1169, 162, 8),
	(1170, 162, 9),
	(1082, 164, 7),
	(1083, 164, 12),
	(1084, 164, 15),
	(1085, 164, 16),
	(1086, 164, 28),
	(1087, 164, 29),
	(1175, 165, 7),
	(1173, 165, 15),
	(1172, 165, 16),
	(1174, 165, 29),
	(412, 166, 16),
	(733, 166, 26),
	(826, 166, 30),
	(934, 166, 33),
	(1022, 166, 35),
	(1112, 167, 3),
	(1113, 167, 7),
	(1114, 167, 15),
	(1115, 167, 16),
	(1116, 167, 31),
	(867, 170, 32),
	(236, 171, 7),
	(318, 171, 9),
	(986, 171, 34),
	(237, 172, 7),
	(985, 172, 34),
	(894, 173, 32),
	(895, 174, 32),
	(1118, 175, 1),
	(1119, 175, 4),
	(1120, 175, 9),
	(1121, 175, 15),
	(1122, 175, 24),
	(1117, 175, 32),
	(205, 176, 7),
	(261, 176, 8),
	(346, 176, 12),
	(1088, 178, 1),
	(1090, 178, 15),
	(1089, 178, 30),
	(1176, 179, 9),
	(1177, 179, 30),
	(1124, 180, 9),
	(1125, 180, 15),
	(1126, 180, 24),
	(1127, 180, 25),
	(1123, 180, 32),
	(275, 181, 8),
	(374, 181, 15),
	(678, 182, 25),
	(933, 182, 33),
	(289, 183, 8),
	(692, 183, 25),
	(1128, 185, 1),
	(1129, 185, 4),
	(1130, 185, 11),
	(1131, 185, 15),
	(1132, 185, 25),
	(1091, 187, 1),
	(1093, 187, 4),
	(1094, 187, 15),
	(1095, 187, 25),
	(1092, 187, 33),
	(245, 188, 7),
	(300, 188, 8),
	(953, 189, 33),
	(1133, 192, 3),
	(1134, 192, 4),
	(1135, 192, 6),
	(1136, 192, 7),
	(1137, 192, 15),
	(1138, 192, 30),
	(470, 193, 17),
	(990, 193, 34),
	(1099, 196, 7),
	(1097, 196, 15),
	(1098, 196, 28),
	(1096, 196, 33),
	(1180, 197, 7),
	(1179, 197, 15),
	(1178, 197, 34),
	(1139, 198, 8),
	(1140, 198, 9),
	(1142, 198, 12),
	(1141, 198, 34),
	(827, 199, 30),
	(1100, 200, 1),
	(1101, 200, 34),
	(824, 201, 30),
	(1018, 201, 35),
	(1026, 205, 35),
	(432, 208, 17),
	(665, 208, 25),
	(922, 208, 33),
	(1041, 208, 37),
	(911, 213, 32),
	(220, 214, 7),
	(296, 214, 8),
	(324, 214, 9),
	(628, 214, 21),
	(957, 214, 33),
	(989, 214, 34),
	(1028, 214, 35),
	(403, 215, 16),
	(1146, 216, 11),
	(1145, 216, 32),
	(948, 225, 33),
	(1147, 227, 24),
	(1148, 227, 32),
	(464, 228, 17),
	(37, 232, 3),
	(97, 232, 4),
	(217, 232, 7),
	(294, 232, 8),
	(467, 232, 17),
	(513, 232, 18),
	(613, 232, 21),
	(653, 232, 24),
	(978, 232, 34),
	(829, 233, 30),
	(1029, 233, 35),
	(1060, 233, 37),
	(246, 235, 7),
	(297, 235, 8),
	(325, 235, 9),
	(861, 235, 31),
	(988, 235, 34),
	(568, 236, 20),
	(607, 236, 21),
	(1150, 237, 3),
	(1152, 237, 7),
	(1149, 237, 29),
	(34, 238, 3),
	(751, 239, 28),
	(440, 241, 17),
	(1157, 255, 6),
	(1156, 255, 9),
	(1158, 255, 15),
	(987, 259, 34),
	(1020, 261, 35),
	(433, 268, 17),
	(9, 272, 3),
	(52, 272, 4),
	(166, 272, 6),
	(517, 272, 19),
	(839, 272, 31),
	(972, 272, 34),
	(11, 273, 3),
	(53, 273, 4),
	(163, 273, 6),
	(201, 273, 7),
	(257, 273, 8),
	(303, 273, 9),
	(348, 273, 12),
	(359, 273, 15),
	(391, 273, 16),
	(430, 273, 17),
	(477, 273, 18),
	(521, 273, 19),
	(561, 273, 20),
	(604, 273, 21),
	(641, 273, 24),
	(766, 273, 29),
	(811, 273, 30),
	(864, 273, 32),
	(918, 273, 33),
	(961, 273, 34),
	(994, 273, 35),
	(1032, 273, 37),
	(12, 274, 3),
	(54, 274, 4),
	(164, 274, 6),
	(202, 274, 7),
	(258, 274, 8),
	(304, 274, 9),
	(349, 274, 12),
	(360, 274, 15),
	(392, 274, 16),
	(431, 274, 17),
	(478, 274, 18),
	(522, 274, 19),
	(562, 274, 20),
	(605, 274, 21),
	(640, 274, 24),
	(810, 274, 30),
	(865, 274, 32),
	(919, 274, 33),
	(962, 274, 34),
	(995, 274, 35),
	(1033, 274, 37),
	(13, 275, 3),
	(55, 275, 4),
	(203, 275, 7),
	(259, 275, 8),
	(305, 275, 9),
	(361, 275, 15),
	(393, 275, 16),
	(429, 275, 17),
	(482, 275, 18),
	(523, 275, 19),
	(563, 275, 20),
	(606, 275, 21),
	(639, 275, 24),
	(666, 275, 25),
	(767, 275, 29),
	(866, 275, 32),
	(920, 275, 33),
	(963, 275, 34),
	(996, 275, 35),
	(1034, 275, 37),
	(14, 276, 3),
	(368, 276, 15),
	(486, 276, 18),
	(768, 276, 29),
	(805, 276, 30),
	(1014, 276, 35),
	(15, 277, 3),
	(165, 277, 6),
	(204, 277, 7),
	(260, 277, 8),
	(306, 277, 9),
	(362, 277, 15),
	(394, 277, 16),
	(565, 277, 20),
	(609, 277, 21),
	(17, 278, 3),
	(60, 278, 4),
	(173, 278, 6),
	(214, 278, 7),
	(265, 278, 8),
	(311, 278, 9),
	(428, 278, 17),
	(527, 278, 19),
	(664, 278, 25),
	(744, 278, 28),
	(791, 278, 30),
	(925, 278, 33),
	(1001, 278, 35),
	(18, 279, 3),
	(59, 279, 4),
	(172, 279, 6),
	(213, 279, 7),
	(264, 279, 8),
	(310, 279, 9),
	(427, 279, 17),
	(483, 279, 18),
	(526, 279, 19),
	(569, 279, 20),
	(610, 279, 21),
	(663, 279, 25),
	(792, 279, 30),
	(924, 279, 33),
	(1000, 279, 35),
	(1038, 279, 37),
	(23, 280, 3),
	(24, 281, 3),
	(531, 281, 19),
	(582, 281, 20),
	(701, 281, 26),
	(25, 282, 3),
	(56, 282, 4),
	(423, 282, 17),
	(722, 282, 26),
	(806, 282, 30),
	(1009, 282, 35),
	(1044, 282, 37),
	(26, 283, 3),
	(57, 283, 4),
	(424, 283, 17),
	(723, 283, 26),
	(807, 283, 30),
	(1010, 283, 35),
	(1045, 283, 37),
	(27, 284, 3),
	(58, 284, 4),
	(171, 284, 6),
	(586, 284, 20),
	(724, 284, 26),
	(809, 284, 30),
	(1012, 284, 35),
	(1047, 284, 37),
	(28, 285, 3),
	(29, 286, 3),
	(78, 286, 4),
	(239, 286, 7),
	(446, 286, 17),
	(1007, 286, 35),
	(30, 287, 3),
	(76, 287, 4),
	(241, 287, 7),
	(447, 287, 17),
	(485, 287, 18),
	(763, 287, 29),
	(31, 288, 3),
	(77, 288, 4),
	(240, 288, 7),
	(448, 288, 17),
	(500, 288, 18),
	(39, 289, 3),
	(656, 289, 24),
	(62, 290, 4),
	(169, 290, 6),
	(367, 290, 15),
	(488, 290, 18),
	(585, 290, 20),
	(793, 290, 30),
	(845, 290, 31),
	(1048, 290, 37),
	(63, 291, 4),
	(168, 291, 6),
	(844, 291, 31),
	(1049, 291, 37),
	(64, 292, 4),
	(65, 293, 4),
	(66, 294, 4),
	(67, 295, 4),
	(849, 295, 31),
	(68, 296, 4),
	(847, 296, 31),
	(72, 297, 4),
	(73, 298, 4),
	(207, 298, 7),
	(266, 298, 8),
	(313, 298, 9),
	(351, 298, 12),
	(442, 298, 17),
	(472, 298, 18),
	(611, 298, 21),
	(923, 298, 33),
	(965, 298, 34),
	(998, 298, 35),
	(74, 299, 4),
	(208, 299, 7),
	(267, 299, 8),
	(314, 299, 9),
	(352, 299, 12),
	(443, 299, 17),
	(473, 299, 18),
	(612, 299, 21),
	(966, 299, 34),
	(999, 299, 35),
	(75, 300, 4),
	(80, 301, 4),
	(502, 301, 18),
	(760, 301, 28),
	(81, 302, 4),
	(503, 302, 18),
	(82, 303, 4),
	(83, 304, 4),
	(210, 304, 7),
	(268, 304, 8),
	(315, 304, 9),
	(353, 304, 12),
	(452, 304, 17),
	(491, 304, 18),
	(571, 304, 20),
	(885, 304, 32),
	(968, 304, 34),
	(1004, 304, 35),
	(84, 305, 3),
	(85, 305, 4),
	(449, 305, 17),
	(88, 306, 4),
	(89, 307, 4),
	(92, 308, 4),
	(93, 309, 4),
	(94, 310, 4),
	(462, 310, 17),
	(779, 310, 29),
	(95, 311, 4),
	(193, 311, 6),
	(224, 311, 7),
	(274, 311, 8),
	(621, 311, 21),
	(981, 311, 34),
	(1054, 311, 37),
	(96, 312, 4),
	(381, 312, 15),
	(414, 312, 16),
	(936, 312, 33),
	(99, 313, 4),
	(221, 313, 7),
	(385, 313, 15),
	(466, 313, 17),
	(629, 313, 21),
	(659, 313, 24),
	(683, 313, 25),
	(1059, 313, 37),
	(100, 314, 4),
	(102, 315, 4),
	(103, 316, 4),
	(104, 317, 4),
	(455, 317, 17),
	(105, 318, 4),
	(106, 319, 4),
	(107, 320, 4),
	(108, 321, 4),
	(187, 321, 6),
	(580, 322, 20),
	(708, 322, 26),
	(576, 323, 20),
	(709, 323, 26),
	(577, 324, 20),
	(719, 324, 26),
	(578, 325, 20),
	(718, 325, 26),
	(772, 325, 29),
	(554, 326, 18),
	(538, 326, 19),
	(497, 327, 18),
	(534, 327, 19),
	(498, 328, 18),
	(535, 328, 19),
	(212, 329, 7),
	(450, 329, 17),
	(489, 329, 18),
	(573, 329, 20),
	(887, 329, 32),
	(186, 330, 6),
	(209, 330, 7),
	(269, 330, 8),
	(316, 330, 9),
	(355, 330, 12),
	(490, 330, 18),
	(572, 330, 20),
	(742, 330, 27),
	(888, 330, 32),
	(967, 330, 34),
	(1005, 330, 35),
	(453, 331, 17),
	(492, 331, 18),
	(740, 331, 27),
	(454, 332, 17),
	(493, 332, 18),
	(494, 333, 17),
	(273, 335, 8),
	(373, 335, 15),
	(405, 335, 16),
	(542, 335, 19),
	(285, 336, 8),
	(372, 336, 15),
	(511, 336, 18),
	(543, 336, 19),
	(979, 336, 34),
	(284, 337, 8),
	(980, 337, 34),
	(507, 338, 18),
	(508, 339, 18),
	(509, 340, 18),
	(510, 341, 18),
	(546, 343, 19),
	(547, 344, 19),
	(281, 346, 8),
	(379, 346, 15),
	(410, 346, 16),
	(548, 346, 19),
	(170, 347, 6),
	(587, 347, 20),
	(174, 348, 6),
	(739, 348, 27),
	(794, 348, 30),
	(880, 348, 32),
	(176, 349, 6),
	(813, 349, 30),
	(180, 350, 6),
	(181, 351, 6),
	(616, 351, 21),
	(182, 352, 6),
	(617, 352, 21),
	(183, 353, 6),
	(184, 354, 6),
	(618, 354, 21),
	(889, 354, 32),
	(185, 355, 6),
	(741, 355, 27),
	(970, 355, 34),
	(188, 356, 6),
	(189, 357, 6),
	(795, 357, 30),
	(190, 358, 6),
	(881, 358, 32),
	(191, 359, 6),
	(192, 360, 6),
	(197, 361, 6),
	(198, 362, 6),
	(242, 362, 7),
	(206, 363, 7),
	(307, 363, 9),
	(608, 363, 21),
	(211, 364, 7),
	(270, 364, 8),
	(317, 364, 9),
	(354, 364, 12),
	(451, 364, 17),
	(886, 364, 32),
	(969, 364, 34),
	(1006, 364, 35),
	(223, 365, 7),
	(230, 366, 7),
	(623, 366, 21),
	(232, 367, 7),
	(291, 367, 8),
	(855, 367, 31),
	(233, 368, 7),
	(292, 368, 8),
	(856, 368, 31),
	(234, 369, 7),
	(857, 369, 31),
	(235, 370, 7),
	(781, 370, 29),
	(238, 371, 7),
	(243, 372, 7),
	(401, 372, 16),
	(557, 372, 19),
	(244, 373, 7),
	(402, 373, 16),
	(991, 373, 34),
	(247, 374, 7),
	(248, 375, 7),
	(249, 376, 7),
	(252, 377, 7),
	(253, 378, 7),
	(262, 379, 8),
	(365, 379, 15),
	(396, 379, 16),
	(566, 379, 20),
	(833, 379, 31),
	(971, 379, 34),
	(1037, 379, 37),
	(263, 380, 8),
	(364, 380, 15),
	(395, 380, 16),
	(1042, 380, 37),
	(278, 381, 8),
	(931, 381, 33),
	(279, 382, 8),
	(282, 383, 8),
	(283, 384, 8),
	(465, 384, 17),
	(290, 385, 8),
	(553, 385, 19),
	(312, 386, 9),
	(974, 386, 34),
	(1002, 386, 35),
	(319, 387, 9),
	(326, 388, 12),
	(327, 389, 12),
	(328, 390, 12),
	(329, 391, 12),
	(330, 392, 12),
	(331, 393, 12),
	(332, 394, 12),
	(333, 395, 12),
	(334, 396, 12),
	(335, 397, 12),
	(336, 398, 12),
	(337, 399, 12),
	(338, 400, 12),
	(339, 401, 12),
	(340, 402, 12),
	(341, 403, 12),
	(342, 404, 12),
	(788, 404, 29),
	(343, 405, 12),
	(344, 406, 12),
	(347, 407, 12),
	(358, 407, 15),
	(389, 407, 16),
	(357, 408, 15),
	(388, 408, 16),
	(366, 409, 15),
	(436, 409, 17),
	(835, 409, 31),
	(397, 410, 16),
	(644, 410, 24),
	(917, 410, 33),
	(964, 410, 34),
	(997, 410, 35),
	(1039, 410, 37),
	(407, 411, 16),
	(421, 412, 17),
	(422, 413, 17),
	(425, 414, 17),
	(1046, 414, 37),
	(426, 415, 17),
	(832, 415, 31),
	(434, 416, 17),
	(479, 416, 18),
	(524, 416, 19),
	(830, 416, 31),
	(435, 417, 17),
	(480, 417, 18),
	(525, 417, 19),
	(831, 417, 31),
	(437, 418, 17),
	(438, 419, 17),
	(439, 420, 17),
	(441, 421, 17),
	(444, 422, 17),
	(474, 422, 18),
	(814, 422, 30),
	(445, 423, 17),
	(458, 424, 17),
	(460, 425, 17),
	(469, 426, 17),
	(475, 427, 18),
	(634, 427, 24),
	(712, 427, 26),
	(736, 427, 27),
	(769, 427, 29),
	(481, 428, 18),
	(487, 429, 18),
	(567, 429, 20),
	(834, 429, 31),
	(1036, 429, 37),
	(495, 430, 18),
	(496, 431, 18),
	(555, 432, 19),
	(505, 433, 18),
	(512, 434, 18),
	(514, 435, 18),
	(518, 436, 19),
	(840, 436, 31),
	(519, 437, 19),
	(841, 437, 31),
	(520, 438, 19),
	(842, 438, 31),
	(973, 438, 34),
	(533, 439, 19),
	(536, 440, 19),
	(537, 441, 19),
	(540, 442, 19),
	(544, 443, 19),
	(545, 444, 19),
	(556, 445, 19),
	(558, 446, 19),
	(627, 446, 21),
	(579, 447, 20),
	(707, 447, 26),
	(581, 448, 20),
	(706, 448, 26),
	(584, 449, 20),
	(588, 450, 20),
	(589, 451, 20),
	(590, 452, 20),
	(591, 453, 20),
	(615, 453, 21),
	(592, 454, 20),
	(594, 455, 20),
	(595, 456, 20),
	(620, 456, 21),
	(596, 457, 20),
	(597, 458, 20),
	(598, 459, 20),
	(599, 460, 20),
	(600, 461, 20),
	(601, 462, 20),
	(619, 463, 21),
	(764, 463, 29),
	(1008, 463, 35),
	(622, 464, 21),
	(625, 465, 21),
	(636, 466, 24),
	(637, 467, 24),
	(638, 468, 24),
	(646, 469, 24),
	(647, 470, 24),
	(648, 471, 24),
	(649, 472, 24),
	(650, 473, 24),
	(651, 474, 24),
	(652, 475, 24),
	(655, 476, 24),
	(657, 477, 24),
	(684, 477, 25),
	(943, 477, 33),
	(658, 478, 24),
	(660, 479, 24),
	(661, 480, 24),
	(667, 481, 25),
	(668, 482, 25),
	(669, 483, 25),
	(670, 484, 25),
	(671, 485, 25),
	(672, 486, 25),
	(677, 487, 25),
	(935, 487, 33),
	(680, 488, 25),
	(681, 489, 25),
	(682, 490, 25),
	(942, 490, 33),
	(685, 491, 25),
	(958, 491, 33),
	(686, 492, 25),
	(687, 493, 25),
	(688, 494, 25),
	(689, 495, 25),
	(954, 495, 33),
	(690, 496, 25),
	(691, 497, 25),
	(693, 498, 25),
	(694, 499, 25),
	(695, 500, 25),
	(700, 501, 26),
	(702, 502, 26),
	(703, 503, 26),
	(704, 504, 26),
	(705, 505, 26),
	(710, 506, 26),
	(711, 507, 26),
	(714, 508, 26),
	(720, 509, 26),
	(721, 510, 26),
	(725, 511, 26),
	(808, 511, 30),
	(1013, 511, 35),
	(726, 512, 26),
	(729, 513, 26),
	(730, 514, 26),
	(732, 515, 26),
	(734, 516, 26),
	(746, 517, 28),
	(747, 518, 28),
	(748, 519, 28),
	(749, 520, 28),
	(750, 521, 28),
	(752, 522, 28),
	(754, 523, 28),
	(755, 524, 28),
	(756, 525, 28),
	(758, 526, 28),
	(759, 527, 28),
	(761, 528, 28),
	(765, 529, 29),
	(770, 530, 29),
	(771, 531, 29),
	(773, 532, 29),
	(774, 533, 29),
	(812, 533, 30),
	(775, 534, 29),
	(776, 535, 29),
	(778, 536, 29),
	(784, 537, 29),
	(785, 538, 29),
	(786, 539, 29),
	(787, 540, 29),
	(796, 541, 30),
	(797, 542, 30),
	(798, 543, 30),
	(799, 544, 30),
	(800, 545, 30),
	(801, 546, 30),
	(802, 547, 30),
	(882, 547, 32),
	(803, 548, 30),
	(804, 549, 30),
	(815, 550, 30),
	(816, 551, 30),
	(819, 552, 30),
	(820, 553, 30),
	(821, 554, 30),
	(822, 555, 30),
	(836, 556, 31),
	(1011, 556, 35),
	(837, 557, 31),
	(843, 558, 31),
	(846, 559, 31),
	(871, 559, 32),
	(851, 560, 31),
	(872, 561, 32),
	(873, 562, 32),
	(874, 563, 32),
	(875, 564, 32),
	(876, 565, 32),
	(877, 566, 32),
	(878, 567, 32),
	(879, 568, 32),
	(883, 569, 32),
	(884, 570, 32),
	(892, 571, 32),
	(893, 572, 32),
	(897, 573, 32),
	(901, 574, 32),
	(902, 575, 32),
	(903, 576, 32),
	(904, 577, 32),
	(905, 578, 32),
	(906, 579, 32),
	(907, 580, 32),
	(908, 581, 32),
	(909, 582, 32),
	(1061, 582, 37),
	(910, 583, 32),
	(912, 584, 32),
	(913, 585, 32),
	(914, 586, 32),
	(915, 587, 32),
	(926, 588, 33),
	(937, 589, 33),
	(938, 590, 33),
	(940, 591, 33),
	(941, 592, 33),
	(944, 593, 33),
	(946, 594, 33),
	(949, 595, 33),
	(950, 596, 33),
	(951, 597, 33),
	(952, 598, 33),
	(955, 599, 33),
	(956, 600, 33),
	(983, 601, 34),
	(984, 602, 34),
	(1016, 603, 35),
	(1017, 604, 35),
	(1058, 605, 37);

-- Volcando estructura para tabla hospitalbd.hospital_personal_jorna_laboral
CREATE TABLE IF NOT EXISTS `hospital_personal_jorna_laboral` (
  `id` bigint NOT NULL AUTO_INCREMENT,
  `dia` varchar(20) COLLATE utf8mb4_general_ci NOT NULL,
  `turno` varchar(10) COLLATE utf8mb4_general_ci NOT NULL,
  PRIMARY KEY (`id`)
) ENGINE=InnoDB AUTO_INCREMENT=29 DEFAULT CHARSET=utf8mb4 COLLATE=utf8mb4_general_ci;

-- Volcando datos para la tabla hospitalbd.hospital_personal_jorna_laboral: ~28 rows (aproximadamente)
INSERT INTO `hospital_personal_jorna_laboral` (`id`, `dia`, `turno`) VALUES
	(1, 'lunes', 'dia'),
	(2, 'martes', 'dia'),
	(3, 'miercoles', 'dia'),
	(4, 'jueves', 'dia'),
	(5, 'viernes', 'dia'),
	(6, 'sabado', 'dia'),
	(7, 'domingo', 'dia'),
	(8, 'lunes', 'tarde'),
	(9, 'martes', 'tarde'),
	(10, 'miercoles', 'tarde'),
	(11, 'jueves', 'tarde'),
	(12, 'viernes', 'tarde'),
	(13, 'sabado', 'tarde'),
	(14, 'domingo', 'tarde'),
	(15, 'lunes', 'noche'),
	(16, 'martes', 'noche'),
	(17, 'miercoles', 'noche'),
	(18, 'jueves', 'noche'),
	(19, 'viernes', 'noche'),
	(20, 'sabado', 'noche'),
	(21, 'domingo', 'noche'),
	(22, 'lunes', 'on-call'),
	(23, 'martes', 'on-call'),
	(24, 'miercoles', 'on-call'),
	(25, 'jueves', 'on-call'),
	(26, 'viernes', 'on-call'),
	(27, 'sabado', 'on-call'),
	(28, 'domingo', 'on-call');

-- Volcando estructura para tabla hospitalbd.hospital_personal_lugar
CREATE TABLE IF NOT EXISTS `hospital_personal_lugar` (
  `id` bigint NOT NULL AUTO_INCREMENT,
  `nombre` varchar(100) COLLATE utf8mb4_general_ci NOT NULL,
  `tipo` varchar(50) COLLATE utf8mb4_general_ci NOT NULL,
  `piso` int NOT NULL,
  `sala` int unsigned DEFAULT NULL,
  `abreviacion` varchar(20) COLLATE utf8mb4_general_ci NOT NULL,
  `capacidad` int unsigned DEFAULT NULL,
  `descripcion` longtext COLLATE utf8mb4_general_ci,
  `es_critico` tinyint(1) NOT NULL,
  `activo` tinyint(1) NOT NULL,
  `departamento_id` bigint DEFAULT NULL,
  `unidad_id` bigint DEFAULT NULL,
  PRIMARY KEY (`id`),
  UNIQUE KEY `sala` (`sala`),
  KEY `hospital_personal_lu_departamento_id_3c6f2ef0_fk_hospital_` (`departamento_id`),
  KEY `hospital_personal_lu_unidad_id_98182f9b_fk_hospital_` (`unidad_id`),
  CONSTRAINT `hospital_personal_lu_departamento_id_3c6f2ef0_fk_hospital_` FOREIGN KEY (`departamento_id`) REFERENCES `hospital_personal_departamento` (`id`),
  CONSTRAINT `hospital_personal_lu_unidad_id_98182f9b_fk_hospital_` FOREIGN KEY (`unidad_id`) REFERENCES `hospital_personal_lugar` (`id`),
  CONSTRAINT `hospital_personal_lugar_chk_1` CHECK ((`sala` >= 0)),
  CONSTRAINT `hospital_personal_lugar_chk_2` CHECK ((`capacidad` >= 0))
) ENGINE=InnoDB AUTO_INCREMENT=216 DEFAULT CHARSET=utf8mb4 COLLATE=utf8mb4_general_ci;

-- Volcando datos para la tabla hospitalbd.hospital_personal_lugar: ~212 rows (aproximadamente)
INSERT INTO `hospital_personal_lugar` (`id`, `nombre`, `tipo`, `piso`, `sala`, `abreviacion`, `capacidad`, `descripcion`, `es_critico`, `activo`, `departamento_id`, `unidad_id`) VALUES
	(1, 'Sala de Urgencias 1', 'unidad_atenc', 0, NULL, 'URG', 200, 'Sala de atención inmediata para emergencias médicas.', 1, 1, 1, NULL),
	(2, 'Sala de Urgencias 2', 'unidad_atenc', 0, 11, 'URG', 200, 'Sala equipada con camillas y monitores de emergencia.', 1, 1, 1, NULL),
	(3, 'Consultorio de Urgencias 1', 'cons', 0, 12, 'CONS-URG', 1, 'Consultorio de primera atención de emergencias.', 1, 1, 1, NULL),
	(4, 'Quirófano de Trauma 1', 'qui', 3, 300, 'QUI-TRA', 1, 'Quirófano para intervenciones urgentes por trauma.', 1, 1, 3, NULL),
	(5, 'Quirófano de Trauma 2', 'qui', 3, 301, 'QUI-TRA', 1, 'Quirófano preparado para cirugía de urgencia.', 1, 1, 3, NULL),
	(6, 'Sala de Reanimación Pediátrica', 'hab', 0, 13, 'REA', 4, 'Sala para reanimación post-trauma y emergencias quirúrgicas.', 1, 1, 1, 185),
	(7, 'Consultorio de Medicina General 1', 'cons', 1, 100, 'CONS-MG', 1, 'Consultorio para consultas generales.', 0, 1, 2, NULL),
	(8, 'Consultorio de Medicina General 2', 'cons', 1, 101, 'CONS-MG', 1, 'Consultorio destinado a chequeos médicos básicos.', 0, 1, 2, NULL),
	(9, 'Consultorio de Medicina General 3', 'cons', 1, 102, 'CONS-MG', 1, 'Consultorio de diagnóstico y tratamiento general.', 0, 1, 2, NULL),
	(10, 'Consultorio de Pediatría 1', 'cons', 2, 200, 'CONS-PED', 1, 'Consultorio especializado en atención pediátrica.', 0, 1, 9, NULL),
	(11, 'Consultorio de Pediatría 2', 'cons', 2, 201, 'CONS-PED', 1, 'Consultorio para seguimiento del crecimiento y vacunas.', 0, 1, 9, NULL),
	(12, 'Sala de Internación Pediátrica 1', 'hab', 2, 202, 'HAB-PED', 2, 'Habitación compartida para niños hospitalizados.', 1, 1, 9, NULL),
	(13, 'Consultorio de Ginecología 1', 'cons', 2, 203, 'CONS-GIN', 1, 'Consultorio de control ginecológico.', 0, 1, 10, NULL),
	(14, 'Consultorio de Obstetricia 1', 'cons', 2, 204, 'CONS-OBS', 1, 'Consultorio de control prenatal.', 0, 1, 10, NULL),
	(15, 'Sala de Partos 1', 'proc', 2, 205, 'SAL-PAR', 1, 'Sala destinada a la atención del parto.', 1, 1, 10, NULL),
	(16, 'Consultorio de Dermatología 1', 'cons', 1, 103, 'CONS-DER', 1, 'Consultorio para diagnóstico de enfermedades cutáneas.', 0, 1, 11, NULL),
	(17, 'Consultorio de Dermatología 2', 'cons', 1, 104, 'CONS-DER', 1, 'Consultorio para tratamientos dermatológicos.', 0, 1, 11, NULL),
	(18, 'Consultorio de Dermatología Estética', 'cons', 1, 105, 'CONS-DER', 1, 'Consultorio para tratamientos estéticos de la piel.', 0, 1, 11, NULL),
	(19, 'Quirófano de Cirugía General 1', 'qui', 3, 302, 'QUI-CG', 1, 'Quirófano para cirugías abdominales y generales.', 1, 1, 3, NULL),
	(20, 'Quirófano de Cirugía General 2', 'qui', 3, 303, 'QUI-CG', 1, 'Quirófano para operaciones de rutina.', 1, 1, 3, NULL),
	(21, 'Sala Preoperatoria Cirugía General', 'area_apoyo', 3, 304, 'PRE-CG', 2, 'Sala para preparación de pacientes quirúrgicos.', 1, 1, 3, NULL),
	(22, 'Quirófano Oncológico 1', 'qui', 3, 305, 'QUI-ONC', 1, 'Quirófano para resección de tumores.', 1, 1, 3, NULL),
	(23, 'Quirófano Oncológico 2', 'qui', 3, 306, 'QUI-ONC', 1, 'Quirófano para cirugía oncológica compleja.', 1, 1, 3, NULL),
	(24, 'Sala de Recuperación Oncológica', 'unidad_atenc', 2, 206, 'REC-ONC', 200, 'Sala para postoperatorio oncológico.', 1, 1, 18, NULL),
	(25, 'Quirófano Vascular 1', 'qui', 3, 307, 'QUI-VAS', 1, 'Quirófano especializado en cirugía de vasos sanguíneos.', 1, 1, 3, NULL),
	(26, 'Quirófano Vascular 2', 'qui', 3, 308, 'QUI-VAS', 1, 'Quirófano para bypass y reparaciones vasculares.', 1, 1, 3, NULL),
	(27, 'Sala de Recuperación Vascular', 'unidad_atenc', 2, 207, 'REC-VAS', 200, 'Sala postoperatoria para pacientes de cirugía vascular.', 1, 1, 18, NULL),
	(28, 'Habitación de Cuidados Intensivos 1', 'hab', 1, 135, 'HAB-CI', 5, 'Habitación de monitoreo intensivo.', 1, 1, 4, 190),
	(29, 'Habitación de Cuidados Intensivos 2', 'hab', 1, 136, 'HAB-CI', 5, 'Habitación con soporte vital avanzado.', 1, 1, 4, 190),
	(30, 'Habitación de Cuidados Intensivos 3', 'hab', 1, 137, 'HAB-CI', 5, 'Habitación con monitoreo multiparámetro.', 1, 1, 4, 190),
	(31, 'Sala de Anestesia 1', 'area_apoyo', 3, 309, 'ANE', 2, 'Sala de preparación anestésica previa a cirugía.', 1, 1, 19, NULL),
	(32, 'Sala de Anestesia 2', 'area_apoyo', 3, 310, 'ANE', 2, 'Sala de recuperación anestésica postoperatoria.', 1, 1, 19, NULL),
	(33, 'Consultorio de Manejo del Dolor', 'cons', 3, 311, 'CONS-ANE', 1, 'Consultorio para control y manejo del dolor.', 0, 1, 19, NULL),
	(34, 'Sala de Rayos X 1', 'img', 0, 14, 'RX', 2, 'Sala de radiología para estudios generales.', 0, 1, 5, NULL),
	(35, 'Sala de Rayos X 2', 'img', 0, 15, 'RX', 2, 'Sala de diagnóstico por imagen.', 0, 1, 5, NULL),
	(36, 'Sala de Radiología de Emergencias', 'img', 0, 16, 'RX', 2, 'Radiología rápida para pacientes críticos.', 1, 1, 5, NULL),
	(37, 'Sala de Radiología Pediátrica 1', 'img', 2, 208, 'RX-PED', 1, 'Sala de rayos X adaptada a niños.', 0, 1, 5, NULL),
	(38, 'Sala de Radiología Pediátrica 2', 'img', 2, 209, 'RX-PED', 1, 'Radiología infantil con equipos de baja radiación.', 0, 1, 5, NULL),
	(39, 'Sala de Radiología Pediátrica 3', 'img', 2, 210, 'RX-PED', 1, 'Diagnóstico radiológico en pediatría.', 0, 1, 5, NULL),
	(40, 'Laboratorio de Patología 1', 'lab', 0, 17, 'LAB-PAT', 4, 'Laboratorio de anatomía patológica.', 0, 1, 20, NULL),
	(41, 'Laboratorio de Patología 2', 'lab', 0, 18, 'LAB-PAT', 4, 'Sala de procesamiento de muestras patológicas.', 0, 1, 20, NULL),
	(42, 'Laboratorio de Patología 3', 'lab', 0, 19, 'LAB-PAT', 3, 'Laboratorio para análisis histológicos.', 0, 1, 20, NULL),
	(43, 'Laboratorio de Microbiología 1', 'lab', 0, 20, 'LAB-MIC', 5, 'Laboratorio para análisis de muestras bacteriológicas.', 0, 1, 14, NULL),
	(44, 'Laboratorio de Microbiología 2', 'lab', 0, 21, 'LAB-MIC', 5, 'Sala para diagnóstico de infecciones.', 0, 1, 14, NULL),
	(45, 'Laboratorio de Microbiología 3', 'lab', 0, 22, 'LAB-MIC', 4, 'Laboratorio con cabinas de bioseguridad.', 0, 1, 14, NULL),
	(46, 'Consultorio de Farmacia Clínica 1', 'cons', 1, 116, 'CONS-FAR', 1, 'Consultorio para asesoría farmacéutica.', 0, 1, 7, NULL),
	(47, 'Consultorio de Farmacia Clínica 2', 'cons', 1, 106, 'CONS-FAR', 1, 'Asesoramiento sobre uso de medicamentos.', 0, 1, 7, NULL),
	(48, 'Laboratorio de Farmacia Clínica', 'lab', 0, 23, 'LAB-FAR', 3, 'Laboratorio de control de medicamentos hospitalarios.', 0, 1, 7, NULL),
	(49, 'Consultorio de Oncología Médica 1', 'cons', 2, 211, 'CONS-ONC', 1, 'Consultorio para control de pacientes con cáncer.', 0, 1, 8, NULL),
	(50, 'Consultorio de Oncología Médica 2', 'cons', 2, 212, 'CONS-ONC', 1, 'Atención y seguimiento de tratamientos oncológicos.', 0, 1, 8, NULL),
	(51, 'Sala de Quimioterapia 1', 'proc', 2, 213, 'QUI-ONC', 5, 'Sala de administración de quimioterapia.', 1, 1, 8, NULL),
	(52, 'Consultorio de Oncología Ginecológica 1', 'cons', 2, 214, 'CONS-ONG', 1, 'Consultorio para control de cáncer ginecológico.', 0, 1, 10, NULL),
	(53, 'Consultorio de Oncología Ginecológica 2', 'cons', 2, 215, 'CONS-ONG', 1, 'Consultorio de diagnóstico oncológico femenino.', 0, 1, 10, NULL),
	(54, 'Sala de Tratamientos Oncológicos Ginecológicos', 'proc', 2, 216, 'SAL-ONG', 2, 'Sala para procedimientos oncológicos ginecológicos.', 1, 1, 10, NULL),
	(55, 'Unidad Neonatal 1', 'unidad_atenc', 2, 217, 'NEO', 200, 'Unidad para recién nacidos prematuros.', 1, 1, 9, NULL),
	(56, 'Puestos de Cuidados Intensivos Neonatales', 'hab', 2, 218, 'HAB-CIN', 10, 'Habitación equipada con incubadoras.', 1, 1, 4, 192),
	(57, 'Unidad Neonatal 3', 'unidad_atenc', 2, 219, 'NEO', 200, 'Sala de cuidados intensivos neonatales.', 1, 1, 9, NULL),
	(58, 'Consultorio de Pediatría 3', 'cons', 2, 220, 'CONS-PED', 1, 'Consultorio de atención pediátrica ambulatoria.', 0, 1, 9, NULL),
	(59, 'Consultorio de Pediatría 4', 'cons', 2, 221, 'CONS-PED', 1, 'Atención general para niños y adolescentes.', 0, 1, 9, NULL),
	(60, 'Sala de Observación Pediátrica', 'hab', 2, 222, 'HAB-PEDG', 10, 'Habitación compartida para pacientes pediátricos.', 1, 1, 9, 185),
	(61, 'Consultorio de Cardiología 1', 'cons', 4, 404, 'CONS-CAR', 1, 'Consultorio especializado en enfermedades cardíacas.', 0, 1, 12, NULL),
	(62, 'Consultorio de Cardiología 2', 'cons', 4, 405, 'CONS-CAR', 1, 'Control y seguimiento de pacientes cardíacos.', 0, 1, 12, NULL),
	(63, 'Sala de Electrocardiogramas 2', 'diag_func', 4, 406, 'ECG', 2, 'Sala equipada para estudios de electrocardiograma.', 0, 1, 12, NULL),
	(64, 'Consultorio de Neumología 1', 'cons', 3, 312, 'CONS-NEU', 1, 'Consultorio para diagnóstico de enfermedades respiratorias.', 0, 1, 15, NULL),
	(65, 'Consultorio de Neumología 2', 'cons', 3, 313, 'CONS-NEU', 1, 'Atención de pacientes con enfermedades pulmonares.', 0, 1, 15, NULL),
	(66, 'Laboratorio de Función Pulmonar', 'lab', 3, 314, 'LAB-NEU', 2, 'Sala equipada para espirometrías y estudios respiratorios.', 0, 1, 15, NULL),
	(67, 'Consultorio de Nefrología 1', 'cons', 3, 315, 'CONS-NEF', 1, 'Consultorio para enfermedades renales.', 0, 1, 21, NULL),
	(68, 'Consultorio de Nefrología 2', 'cons', 3, 316, 'CONS-NEF', 1, 'Atención de pacientes con insuficiencia renal.', 0, 1, 21, NULL),
	(69, 'Sala de Hemodiálisis 1', 'proc', 3, 317, 'LAB-NEF', 4, 'Sala equipada con máquinas de hemodiálisis.', 1, 1, 21, NULL),
	(70, 'Consultorio de Gastroenterología 1', 'cons', 3, 318, 'CONS-GAS', 1, 'Consultorio para enfermedades digestivas.', 0, 1, 22, NULL),
	(71, 'Consultorio de Gastroenterología 2', 'cons', 3, 319, 'CONS-GAS', 1, 'Atención de pacientes con patologías gastrointestinales.', 0, 1, 22, NULL),
	(72, 'Sala de Endoscopia 1', 'diag_func', 3, 320, 'LAB-GAS', 2, 'Sala equipada para endoscopias digestivas.', 1, 1, 22, NULL),
	(73, 'Consultorio de Dermatología 3', 'cons', 1, 107, 'CONS-DER', 1, 'Consultorio de diagnóstico de enfermedades de la piel.', 0, 1, 11, NULL),
	(74, 'Consultorio de Dermatología 4', 'cons', 1, 108, 'CONS-DER', 1, 'Atención de tratamientos dermatológicos.', 0, 1, 11, NULL),
	(75, 'Sala de Fototerapia', 'proc', 1, 109, 'LAB-DER', 2, 'Sala equipada con lámparas UV para tratamientos.', 0, 1, 9, NULL),
	(76, 'Consultorio de Reumatología 1', 'cons', 2, 223, 'CONS-REU', 1, 'Consultorio para enfermedades autoinmunes.', 0, 1, 23, NULL),
	(77, 'Consultorio de Reumatología 2', 'cons', 2, 224, 'CONS-REU', 1, 'Atención de pacientes con artritis y lupus.', 0, 1, 23, NULL),
	(78, 'Sala de Infusión Reumatológica', 'proc', 2, 225, 'HAB-REU', 3, 'Sala para administración de terapias intravenosas.', 0, 1, 23, NULL),
	(79, 'Consultorio de Endocrinología 1', 'cons', 2, 226, 'CONS-END', 1, 'Consultorio para enfermedades hormonales.', 0, 1, 13, NULL),
	(80, 'Consultorio de Endocrinología 2', 'cons', 2, 227, 'CONS-END', 1, 'Control de pacientes con diabetes y tiroides.', 0, 1, 13, NULL),
	(81, 'Sala de Educación Diabética', 'proc', 2, 228, 'HAB-END', 5, 'Sala destinada a la enseñanza del autocontrol de la diabetes.', 0, 1, 13, NULL),
	(82, 'Consultorio de Neurología 1', 'cons', 3, 321, 'CONS-NRL', 1, 'Consultorio para enfermedades neurológicas.', 0, 1, 17, NULL),
	(83, 'Consultorio de Neurología 2', 'cons', 3, 322, 'CONS-NRL', 1, 'Atención de pacientes con epilepsia y migraña.', 0, 1, 17, NULL),
	(84, 'Sala de Electroencefalogramas', 'diag_func', 3, 323, 'LAB-NRL', 2, 'Sala para estudios de actividad cerebral.', 0, 1, 17, NULL),
	(85, 'Consultorio de Psiquiatría 1', 'cons', 2, 229, 'CONS-PSQ', 1, 'Consultorio de evaluación psiquiátrica.', 0, 1, 24, NULL),
	(86, 'Consultorio de Psiquiatría 2', 'cons', 2, 230, 'CONS-PSQ', 1, 'Seguimiento de pacientes con trastornos mentales.', 0, 1, 24, NULL),
	(87, 'Sala de Terapias Grupales', 'proc', 2, 231, 'HAB-PSQ', 8, 'Sala acondicionada para terapias grupales.', 0, 1, 24, NULL),
	(88, 'Quirófano de Cirugía General 1', 'qui', 4, 407, 'QUI-CG', 1, 'Quirófano para procedimientos generales.', 1, 1, 3, NULL),
	(89, 'Quirófano de Cirugía General 2', 'qui', 4, 408, 'QUI-CG', 1, 'Quirófano equipado para cirugías abdominales.', 1, 1, 3, NULL),
	(90, 'Sala de Recuperación Cirugía General', 'unidad_atenc', 4, 409, 'REC-CG', 200, 'Sala postoperatoria de pacientes de cirugía general.', 1, 1, 18, NULL),
	(91, 'Quirófano de Oncología 1', 'qui', 4, 410, 'QUI-ONC', 1, 'Quirófano especializado en procedimientos oncológicos.', 1, 1, 3, NULL),
	(92, 'Quirófano de Oncología 2', 'qui', 4, 411, 'QUI-ONC', 1, 'Preparado para cirugía de tumores complejos.', 1, 1, 3, NULL),
	(93, 'Sala de Recuperación Oncológica', 'unidad_atenc', 4, 412, 'REC-ONC', 200, 'Sala postoperatoria para pacientes oncológicos.', 1, 1, 18, NULL),
	(94, 'Quirófano de Cirugía Vascular 1', 'qui', 4, 413, 'QUI-CV', 1, 'Quirófano para procedimientos en vasos sanguíneos.', 1, 1, 3, NULL),
	(95, 'Quirófano de Cirugía Vascular 2', 'qui', 4, 414, 'QUI-CV', 1, 'Preparado para bypass y aneurismas.', 1, 1, 3, NULL),
	(96, 'Sala de Recuperación Vascular', 'unidad_atenc', 4, 415, 'REC-CV', 200, 'Área de recuperación postquirúrgica vascular.', 1, 1, 18, NULL),
	(97, 'Quirófano de Cirugía Torácica 1', 'qui', 4, 416, 'QUI-CT', 1, 'Quirófano para operaciones de tórax y pulmones.', 1, 1, 3, NULL),
	(98, 'Quirófano de Cirugía Torácica 2', 'qui', 4, 417, 'QUI-CT', 1, 'Preparado para cirugía de pleura y pulmones.', 1, 1, 3, NULL),
	(99, 'Sala de Cuidados Post-Torácicos', 'unidad_atenc', 4, 418, 'REC-CT', 200, 'Sala de recuperación para cirugía torácica.', 1, 1, 4, NULL),
	(100, 'Quirófano de Cirugía Plástica 1', 'qui', 4, 419, 'QUI-CP', 1, 'Quirófano para cirugía reconstructiva y estética.', 1, 1, 3, NULL),
	(101, 'Quirófano de Cirugía Plástica 2', 'qui', 4, 420, 'QUI-CP', 1, 'Preparado para cirugías faciales y corporales.', 1, 1, 3, NULL),
	(102, 'Sala de Recuperación Estética', 'unidad_atenc', 4, 421, 'REC-CP', 200, 'Área de cuidados postoperatorios en cirugía estética.', 0, 1, 18, NULL),
	(103, 'Quirófano de Ortopedia 1', 'qui', 3, 324, 'QUI-ORT', 1, 'Quirófano para cirugía traumatológica y ortopédica.', 1, 1, 3, NULL),
	(104, 'Quirófano de Ortopedia 2', 'qui', 3, 325, 'QUI-ORT', 1, 'Preparado para implantes y prótesis.', 1, 1, 3, NULL),
	(105, 'Sala de Rehabilitación Ortopédica', 'proc', 2, 232, 'HAB-ORT', 6, 'Sala para recuperación de pacientes traumatológicos.', 0, 1, 18, NULL),
	(106, 'Sala de Anestesia 3', 'area_apoyo', 3, 326, 'LAB-ANE', 2, 'Preparación anestésica para cirugías.', 1, 1, 19, NULL),
	(107, 'Sala de Anestesia 4', 'area_apoyo', 3, 327, 'LAB-ANE', 2, 'Área para control de anestesia intraoperatoria.', 1, 1, 19, NULL),
	(108, 'Unidad de Recuperación Post-Anestésica', 'unidad_atenc', 4, NULL, 'URPA', 200, 'La Unidad de Recuperación Post-Anestésica es el área hospitalaria destinada a la atención y vigilancia inmediata de los pacientes que han sido sometidos a procedimientos quirúrgicos bajo anestesia general, regional o sedación. Su objetivo es garantizar una recuperación segura y controlada durante el periodo crítico posterior a la cirugía, hasta que el paciente recupere completamente la estabilidad de sus funciones vitales.', 0, 1, 19, NULL),
	(109, 'Habitación de Cuidados Intensivos Pediátricos 1', 'hab', 1, 138, 'HAB-CIP', 5, 'Son las áreas principales donde los niños reposan y son atendidos.', 1, 1, 4, 191),
	(110, 'Habitación de Cuidados Intensivos Pediátricos 2', 'hab', 1, 139, 'HAB-CIP', 5, 'Área crítica para pacientes graves.', 1, 1, 4, 191),
	(111, 'Habitación de Cuidados Intensivos Pediátricos 2', 'hab', 1, 140, 'HAB-CIP', 5, 'Área crítica para pacientes graves.', 1, 1, 4, 191),
	(112, 'Unidad de Cuidados Neurocríticos', 'unidad_atenc', 1, NULL, 'UCNC', 200, 'Manejo de pacientes con patologías neurológicas críticas.', 1, 1, 4, NULL),
	(113, 'Unidad de Hospitalización Oncológica', 'unidad_atenc', 1, NULL, 'UHO', 200, 'Atención a traumatismos craneoencefálicos.', 1, 1, 4, NULL),
	(114, 'Sala de Monitoreo Neurológico', 'diag_func', 3, 328, 'LAB-NCR', 2, 'Monitoreo avanzado de la actividad cerebral.', 1, 1, 17, NULL),
	(115, 'Sala de Radiología General 1', 'img', 0, 24, 'RAD-GRAL', 2, 'Diagnóstico por rayos X y TAC.', 0, 1, 5, NULL),
	(116, 'Sala de Radiología General 2', 'img', 0, 25, 'RAD-GRAL', 2, 'Exámenes de radiografía y fluoroscopía.', 0, 1, 5, NULL),
	(117, 'Sala de Resonancia Magnética', 'img', 0, 26, 'LAB-RAD', 1, 'Equipo de RMN de alto campo.', 0, 1, 5, NULL),
	(118, 'Consultorio de Cuidados Paliativos 1', 'cons', 2, 243, 'CONS-CPAL', 1, 'Atención integral a pacientes terminales.', 0, 1, 25, NULL),
	(119, 'Consultorio de Cuidados Paliativos 2', 'cons', 2, 233, 'CONS-CPAL', 1, 'Apoyo clínico y psicológico.', 0, 1, 25, NULL),
	(120, 'Habitación de Hospitalización Paliativa 1', 'hab', 2, 234, 'HAB-PAL', 5, 'Área para internación de pacientes en cuidados paliativos.', 0, 1, 8, 194),
	(121, 'Sala de Rayos X 3', 'img', 0, 27, 'RX', 2, 'Sala de diagnóstico por imagen.', 0, 1, 5, NULL),
	(122, 'Sala de Rayos X 4', 'img', 0, 28, 'RX', 2, 'Sala de diagnóstico por imagen.', 0, 1, 5, NULL),
	(123, 'Sala de Ecografía de Emergencia', 'img', 0, 29, 'ECO-EMERG', 1, 'Ultrasonido rápido en emergencias.', 1, 1, 5, NULL),
	(124, 'Sala TAC de Emergencia', 'img', 0, 30, 'LAB-TAC', 1, 'Tomógrafo para diagnóstico rápido en trauma.', 1, 1, 5, NULL),
	(125, 'Laboratorio Clínico Central', 'lab', 0, 31, 'LAB-CLI', 10, 'Análisis de sangre, orina y bioquímica.', 0, 1, 6, NULL),
	(126, 'Laboratorio Clínico Secundario', 'lab', 0, 32, 'LAB-CLI', 6, 'Soporte para análisis de guardia.', 0, 1, 6, NULL),
	(127, 'Sala de Electrocardiogramas 1', 'diag_func', 0, 33, 'ECG', 2, 'Equipos para estudios de ritmo cardíaco.', 0, 1, 12, NULL),
	(128, 'Sala de Espirometría', 'diag_func', 0, 34, 'LAB-PUL', 2, 'Evaluación de la función respiratoria.', 0, 1, 15, NULL),
	(129, 'Sala de Endoscopia 2', 'diag_func', 3, 329, 'LAB-END', 2, 'Examen de tubo digestivo superior e inferior.', 1, 1, 22, NULL),
	(130, 'Consultorio de Otorrinolaringología 1', 'cons', 1, 110, 'CONS-OTO', 1, 'Cabina insonorizada para exámenes auditivos.', 0, 1, 26, NULL),
	(131, 'Consultorio de Oftalmología 1', 'cons', 1, 111, 'CONS-OFT', 1, 'Pruebas de visión y salud ocular.', 0, 1, 27, NULL),
	(132, 'Sala de Pruebas de Alergia', 'diag_func', 1, 112, 'CONS-ALR', 2, 'Pruebas cutáneas y diagnósticos alérgicos.', 0, 1, 28, NULL),
	(133, 'Radiología Quirúrgica 1', 'img', 3, 330, 'LAB-RQ', 1, 'Imagenología en quirófano.', 1, 1, 5, NULL),
	(134, 'Sala TAC Central', 'img', 0, 35, 'LAB-TAC', 1, 'Tomógrafo multicorte de alta resolución.', 1, 1, 5, NULL),
	(135, 'Sala de Resonancia Magnética 1', 'img', 0, 36, 'LAB-RM', 1, 'Resonancia para neurología y ortopedia.', 1, 1, 5, NULL),
	(136, 'Sala de Resonancia Magnética 2', 'img', 0, 37, 'LAB-RM', 1, 'Resonancia de cuerpo completo.', 1, 1, 5, NULL),
	(137, 'Unidad de Monitoreo Cardíaco', 'unidad_atenc', 4, 428, 'HAB-MON', 200, 'Monitoreo continuo de pacientes críticos.', 1, 1, 12, NULL),
	(138, 'Sala de Oxigenoterapia', 'proc', 2, 235, 'HAB-OXI', 3, 'Aplicación terapéutica de oxígeno.', 1, 1, 15, NULL),
	(139, 'Sala de Electroencefalograma', 'diag_func', 3, 331, 'EEG', 1, 'Estudios de actividad eléctrica cerebral.', 0, 1, 17, NULL),
	(140, 'Sala de Mamografía 1', 'img', 0, 38, 'MAMOG', 1, 'Diagnóstico de cáncer de mama.', 0, 1, 5, NULL),
	(141, 'Sala de Extracciones de Sangre', 'lab', 0, 39, 'LAB-SANG', 5, 'Extracción y procesamiento de muestras.', 0, 1, 6, NULL),
	(142, 'Sala de Análisis de Orina', 'lab', 0, 40, 'LAB-ORI', 2, 'Procesamiento de muestras de orina.', 0, 1, 6, NULL),
	(143, 'Laboratorio de Biología Molecular', 'lab', 0, 41, 'LAB-BIO', 3, 'PCR, genética y virología.', 1, 1, 14, NULL),
	(144, 'Sala de Asesoría Farmacéutica', 'proc', 1, 113, 'CONS-FAR', 1, 'Atención de pacientes sobre medicamentos.', 0, 1, 7, NULL),
	(145, 'Sala de Biopsias', 'proc', 3, 332, 'LAB-BIOP', 1, 'Obtención de muestras para análisis oncológico.', 1, 1, 20, NULL),
	(146, 'Sala de Radioterapia 1', 'proc', 4, 429, 'LAB-RADT', 1, 'Tratamiento con radiación contra tumores.', 1, 1, 8, NULL),
	(147, 'Sala de Radioterapia 2', 'proc', 4, 430, 'LAB-RADT', 1, 'Unidad de acelerador lineal.', 1, 1, 8, NULL),
	(148, 'Unidad Neonatal 4', 'unidad_atenc', 2, 236, 'NEO', 200, 'Pruebas metabólicas y cardíacas en neonatos.', 0, 1, 9, NULL),
	(149, 'Sala de Ecografía Pediátrica', 'img', 2, 237, 'ECO-PED', 1, 'Ecografía adaptada para niños.', 0, 1, 5, NULL),
	(150, 'Sala de Ecografía Ginecológica', 'img', 2, 238, 'ECO-GINE', 1, 'Ecografía transvaginal y obstétrica.', 0, 1, 5, NULL),
	(151, 'Sala de Pruebas de Fertilidad', 'proc', 2, 239, 'LAB-FER', 1, 'Estudios de fertilidad masculina y femenina.', 0, 1, 10, NULL),
	(152, 'Sala de Dermatoscopia', 'diag_func', 1, 114, 'DERMATOSC', 1, 'Estudio detallado de lesiones cutáneas.', 0, 1, 11, NULL),
	(153, 'Sala de Pruebas de Alergia Dermatológica', 'diag_func', 1, 115, 'CONS-ALRDER', 1, 'Diagnóstico de dermatitis y eccemas.', 0, 1, 11, NULL),
	(154, 'Oficina de Laboratorio', 'area_apoyo', 2, 240, 'OFI-LAB', 10, 'Oficina de carga de resultados sobre análisis de laboratorio', 0, 1, 29, NULL),
	(155, 'Laboratorio de Endocrinología', 'lab', 2, 241, 'LAB-END', 8, 'Análisis especializado de perfiles hormonales y metabólicos...', 0, 1, 13, NULL),
	(156, 'Laboratorio de Bacteriología', 'lab', 0, 42, 'LAB-BAC', 12, 'Análisis microbiológicos especializados para la identificación...', 0, 1, 14, NULL),
	(157, 'Área de Diagnostico Funcional cardiológico', 'diag_func', 3, 333, 'DIA-CAR', 3, 'Área especializada en la realización de estudios funcionales del sistema cardiovascular...', 0, 1, 12, NULL),
	(158, 'Laboratorio de Bioquímica Clínica', 'lab', 0, 43, 'LAB-BIOQUI', 8, 'Unidad especializada dedicada al análisis químico de muestras biológicas...', 0, 1, 6, NULL),
	(159, 'Laboratorio de Inmunología', 'lab', 0, 44, 'LAB-INMU', 8, 'Evaluación de la respuesta inmune del organismo frente a agentes externos o enfermedades autoinmunes.', 0, 1, 6, NULL),
	(160, 'Laboratorio de Banco de Sangre', 'lab', 0, 45, 'LAB-BSAN', 5, 'Recolección, procesamiento, análisis, almacenamiento y distribución de sangre y sus componentes, garantizando la seguridad transfusional de los pacientes.', 0, 1, 30, NULL),
	(161, 'Laboratorio de Ecocardiografía', 'diag_func', 3, 334, 'LAB-ECOCAR', 3, 'Se especializa en la evaluación no invasiva del corazón mediante ultrasonido.', 0, 1, 12, NULL),
	(162, 'Laboratorio de Función Pulmonar', 'lab', 3, 335, 'LAB-FPUL', 5, 'El Laboratorio de Función Pulmonar realiza estudios especializados para evaluar la capacidad respiratoria y el funcionamiento de los pulmones.', 0, 1, 12, NULL),
	(163, 'Consultorio de Neumología 3', 'cons', 3, 336, 'CONS-NEU', 2, 'Dedicado a la atención médica especializada de pacientes con enfermedades del sistema respiratorio', 0, 1, 15, NULL),
	(164, 'Consultorio de Neumología 4', 'cons', 3, 337, 'CONS-NEU', 2, 'Dedicado a la atención médica especializada de pacientes con enfermedades del sistema respiratorio', 0, 1, 15, NULL),
	(165, 'Laboratorio de Hormonas', 'lab', 2, 242, 'LAB-HOR', 10, 'Encargado del análisis y medición de hormonas en sangre, orina u otros fluidos corporales.', 0, 1, 6, NULL),
	(166, 'Sala de Mamografía 2', 'img', 0, 46, 'MAMOG', 5, 'La Sala de Mamografía está equipada para realizar estudios de imagen del tejido mamario mediante rayos X de baja dosis.', 0, 1, 5, NULL),
	(167, 'Laboratorio en Histotecnología', 'lab', 0, 47, 'LAB-HIST', 5, 'El Laboratorio de Histotecnología procesa muestras de tejido humano para su análisis microscópico.', 0, 1, 20, NULL),
	(168, 'Laboratorios Dermatocosméticos', 'lab', 1, 117, 'LAB-DERCOS', 3, 'El Laboratorio Dermatocosmético evalúa la seguridad y eficacia de productos aplicados a la piel (cremas, lociones, geles, etc.) desde una perspectiva médica y científica.', 0, 1, 11, NULL),
	(169, 'Sala de Ecografía General 1', 'img', 0, 48, 'ECO-GRAL', 1, 'La Sala de Ecografía General es un espacio destinado a la realización de estudios ecográficos no invasivos con fines diagnósticos.', 0, 1, 5, NULL),
	(170, 'Sala de Ecografía General 2', 'img', 0, 49, 'ECO-GRAL', 1, 'La Sala de Ecografía General es un espacio destinado a la realización de estudios ecográficos no invasivos con fines diagnósticos.', 0, 1, 5, NULL),
	(171, 'Consultorio del Radiólogo Intervencionista 1', 'cons', 2, 244, 'CONS-RAD-INT', 1, 'Espacio clínico destinado a la evaluación, orientación y seguimiento de los pacientes que serán sometidos a procedimientos mínimamente invasivos guiados por imágenes.', 0, 1, 5, NULL),
	(172, 'Consultorio del Radiólogo Intervencionista 2', 'cons', 2, 245, 'CONS-RAD-INT', 1, 'Espacio clínico destinado a la evaluación, orientación y seguimiento de los pacientes que serán sometidos a procedimientos mínimamente invasivos guiados por imágenes.', 0, 1, 5, NULL),
	(173, 'Consultorio de Oftalmología 2', 'cons', 1, 118, 'CONS-OFT', 1, 'Pruebas de visión y salud ocular.', 0, 1, 27, NULL),
	(174, 'Consultorio de Otorrinolaringología 2', 'cons', 1, 119, 'CONS-OTO', 1, 'Cabina insonorizada para exámenes auditivos.', 0, 1, 26, NULL),
	(175, 'Consultorio de Urología 1', 'cons', 1, 120, 'CONS-URO', 1, 'Brinda atención médica especializada en el sistema urinario y reproductor masculino. Suele tener un ambiente limpio, privado y con equipamiento específico para evaluaciones y procedimientos menores.', 0, 1, 31, NULL),
	(176, 'Consultorio de Urología 2', 'cons', 1, 121, 'CONS-URO', 1, 'Brinda atención médica especializada en el sistema urinario y reproductor masculino. Suele tener un ambiente limpio, privado y con equipamiento específico para evaluaciones y procedimientos menores.', 0, 1, 31, NULL),
	(177, 'Consultorio de Cirugía Torácica 1', 'cons', 1, 122, 'CONS-CT', 1, 'Consulta, diagnóstico, seguimiento pre y postoperatorio.', 0, 1, 3, NULL),
	(178, 'Consultorio de Cirugía Torácica 2', 'cons', 1, 123, 'CONS-CT', 1, 'Consulta, diagnóstico, seguimiento pre y postoperatorio.', 0, 1, 3, NULL),
	(179, 'Consultorio de Cirugía Plástica 1', 'cons', 1, 124, 'CONS-CP', 1, 'Consultas médicas y el seguimiento de los pacientes antes y después de las cirugías.', 0, 1, 3, NULL),
	(180, 'Consultorio de Cirugía Plástica 2', 'cons', 1, 125, 'CONS-CP', 1, 'Consultas médicas y el seguimiento de los pacientes antes y después de las cirugías.', 0, 1, 3, NULL),
	(181, 'Consultorio de Ortopedia 1', 'cons', 1, 126, 'CONS-ORT', 1, 'Espacio clínico dedicado a la evaluación, diagnóstico, tratamiento y seguimiento de pacientes con problemas del sistema musculoesquelético, que incluye huesos, articulaciones, músculos, tendones y ligamentos.', 0, 1, 3, NULL),
	(182, 'Consultorio de Ortopedia 2', 'cons', 1, 127, 'CONST-ORT', 1, 'Espacio clínico dedicado a la evaluación, diagnóstico, tratamiento y seguimiento de pacientes con problemas del sistema musculoesquelético, que incluye huesos, articulaciones, músculos, tendones y ligamentos.', 0, 1, 3, NULL),
	(183, 'Oficina de Jefatura de Enfermería de Urgencias', 'area_apoyo', 4, 431, 'OFI-JEF-ENF-URG', 1, 'La Oficina de Jefatura de Enfermería de Urgencias es el espacio administrativo y operativo desde donde se planifica, coordina y supervisa la atención de enfermería en el departamento de Urgencias.', 0, 1, 1, 184),
	(184, 'Unidad de Emergencias Generales', 'unidad_atenc', 1, NULL, 'UEG', 200, 'La Unidad de Emergencias Generales es el área del hospital destinada a la atención inmediata de pacientes que presentan situaciones agudas, urgentes o potencialmente graves, sin distinción de edad o tipo de enfermedad. Su función principal es brindar evaluación rápida, diagnóstico inicial y tratamiento estabilizador antes de decidir si el paciente requiere ingreso hospitalario, traslado a una unidad especializada o manejo ambulatorio.', 0, 1, 1, NULL),
	(185, 'Unidad de Emergencias Pediátricas', 'unidad_atenc', 1, NULL, 'UEP', 200, 'La Unidad de Emergencias Pediátricas es el servicio especializado del hospital encargado de la atención inmediata de niños y adolescentes que presentan enfermedades agudas, lesiones o situaciones que ponen en riesgo su salud o su vida. Su principal objetivo es ofrecer una evaluación rápida, segura y humanizada, adaptada a las necesidades propias de la población infantil.', 0, 1, 1, NULL),
	(186, 'Sala de Observación', 'hab', 1, 128, 'UO', 20, 'La Unidad de Observación es un área asistencial del hospital destinada al monitoreo, evaluación y tratamiento temporal de pacientes que requieren vigilancia médica continua, pero cuya condición aún no justifica el ingreso a hospitalización o ya no necesita atención en la unidad de emergencias.', 0, 1, 1, 184),
	(187, 'Unidad de Cirugía General', 'unidad_atenc', 1, NULL, 'UCG', 200, 'La Unidad de Cirugía General es el servicio hospitalario encargado del diagnóstico, tratamiento quirúrgico y seguimiento de pacientes con patologías que requieren intervención en los principales órganos y sistemas del cuerpo humano, como el aparato digestivo, endocrino, mamario, abdominal y partes blandas.', 0, 1, 3, NULL),
	(188, 'Unidad de Cirugía Ortopédica', 'unidad_atenc', 1, NULL, 'UCO', 200, 'La Unidad de Cirugía Ortopédica es el servicio hospitalario especializado en la prevención, diagnóstico, tratamiento quirúrgico y rehabilitación de enfermedades, lesiones y deformidades del sistema musculoesquelético, que incluye huesos, articulaciones, músculos, tendones y ligamentos.', 0, 1, 3, NULL),
	(189, 'Unidad de Cirugía Plástica y Reparadora', 'unidad_atenc', 1, NULL, 'UCPR', 200, 'La Unidad de Cirugía Plástica y Reparadora es el servicio hospitalario especializado en la restauración, corrección y mejora funcional y estética de tejidos corporales afectados por traumatismos, quemaduras, malformaciones congénitas, enfermedades o intervenciones quirúrgicas previas. Su objetivo principal es recuperar la forma y función de las estructuras del cuerpo, promoviendo la rehabilitación integral del paciente.', 0, 1, 3, NULL),
	(190, 'Unidad de Cuidados Intensivos Adultos', 'unidad_atenc', 1, NULL, 'UCI-A', 200, '', 0, 1, 4, NULL),
	(191, 'Unidad de Cuidados Intensivos Pediátricos', 'unidad_atenc', 1, NULL, 'UCIP', 200, '', 0, 1, 4, NULL),
	(192, 'Unidad de Cuidados Intensivos Neonatales', 'unidad_atenc', 1, NULL, 'UCIN', 200, '', 0, 1, 4, NULL),
	(193, 'Unidad de Quimioterapia Ambulatoria', 'unidad_atenc', 1, NULL, 'UQA', 200, 'Administración de quimioterapia, inmunoterapia o tratamientos biológicos a pacientes ambulatorios.', 0, 1, 8, NULL),
	(194, 'Unidad de Cuidados Paliativos Oncológicos', 'unidad_atenc', 1, NULL, 'UCPO', 200, '', 0, 1, 8, NULL),
	(195, 'Unidad de Hospitalización Dermatológica', 'unidad_atenc', 1, NULL, 'UHD', 200, '', 0, 1, 11, NULL),
	(196, 'Unidad de Hospitalización Cardiológica', 'unidad_atenc', 1, NULL, 'UHC', 200, '', 0, 1, 12, NULL),
	(197, 'Unidad de Hospitalización Endocrinológica', 'unidad_atenc', 1, NULL, 'UHE', 200, '', 0, 1, 13, NULL),
	(198, 'Unidad de Bacteriología Clínica', 'unidad_atenc', 1, NULL, 'UBC', 200, '', 0, 1, 14, NULL),
	(199, 'Unidad de Hospitalización Neumológica', 'unidad_atenc', 1, NULL, 'UHN', 200, '', 0, 1, 15, NULL),
	(200, 'Habitación de Hospitalización Postoperatoria 1', 'hab', 1, 129, 'HAB-HP', 4, 'Habitación donde los pacientes reposan después de una cirugía.', 0, 1, 3, 187),
	(201, 'Habitación de Hospitalización Postoperatoria 2', 'hab', 1, 130, 'HAB-HP', 4, 'Habitación donde los pacientes reposan después de una cirugía.', 0, 1, 3, 187),
	(202, 'Habitación de Hospitalización Ortopédica 1', 'hab', 1, 131, 'HAB-HO', 5, 'Son las habitaciones donde los pacientes reposan antes o después de una cirugía ortopédica', 0, 1, 3, 188),
	(203, 'Habitación de Hospitalización Ortopédica 2', 'hab', 1, 132, 'HAB-HO', 5, 'Son las habitaciones donde los pacientes reposan antes o después de una cirugía ortopédica', 0, 1, 3, 188),
	(204, 'Habitación de Hospitalización Postoperatoria 3', 'hab', 1, 133, 'HAB-HP', 5, 'Son las habitaciones donde los pacientes reposan tras una cirugía', 0, 1, 3, 189),
	(205, 'Habitación de Hospitalización Postoperatoria 4', 'hab', 1, 134, 'HAB-HP', 5, 'Son las habitaciones donde los pacientes reposan tras una cirugía', 0, 1, 3, 189),
	(206, 'Habitación de Hospitalización Paliativa 2', 'hab', 2, 246, 'HAB-PAL', 5, 'Área para internación de pacientes en cuidados paliativos.', 0, 1, 8, 194),
	(207, 'Habitación de Hospitalización 1', 'hab', 1, 141, 'HAB-HOS', 5, 'Principal espacio de reposo para los pacientes.', 0, 1, 11, 195),
	(208, 'Habitación de Hospitalización 2', 'hab', 1, 142, 'HAB-HOS', 5, 'Principal espacio de reposo para los pacientes.', 0, 1, 11, 195),
	(209, 'Habitación de Hospitalización 3', 'hab', 1, 143, 'HAB-HOS', 5, 'Principal espacio de reposo para los pacientes.', 0, 1, 12, 196),
	(210, 'Habitación de Hospitalización 4', 'hab', 1, 144, 'HAB-HOS', 5, 'Principal espacio de reposo para los pacientes.', 0, 1, 12, 196),
	(211, 'Habitación de Hospitalización 5', 'hab', 1, 145, 'HAB-HOS', 5, 'Principal espacio de reposo para los pacientes.', 0, 1, 13, 197),
	(212, 'Habitación de Hospitalización 6', 'hab', 1, 146, 'HAB-HOS', 5, 'Principal espacio de reposo para los pacientes.', 0, 1, 13, 197),
	(213, 'Habitación de Hospitalización 7', 'hab', 1, 147, 'HAB-HOS', 5, 'Principal espacio de reposo para los pacientes.', 0, 1, 15, 199),
	(214, 'Habitación de Hospitalización 8', 'hab', 1, 148, 'HAB-HOS', 5, 'Principal espacio de reposo para los pacientes.', 0, 1, 15, 199),
	(215, 'Oficina de Tecnologías de la Información (TI)', 'area_apoyo', 4, 432, 'OFI-TI', 10, 'La Oficina de Tecnologías de la Información (TI) del hospital es el área encargada de planificar, implementar, mantener y asegurar los recursos tecnológicos que soportan la atención médica y la gestión hospitalaria. Su misión es garantizar que los sistemas y herramientas digitales contribuyan a la eficiencia, seguridad y calidad en la prestación de servicios de salud.', 0, 1, 29, NULL);

-- Volcando estructura para tabla hospitalbd.hospital_personal_medicaciones
CREATE TABLE IF NOT EXISTS `hospital_personal_medicaciones` (
  `id` bigint NOT NULL AUTO_INCREMENT,
  `medicamento` varchar(100) COLLATE utf8mb4_general_ci DEFAULT NULL,
  `dosis` varchar(100) COLLATE utf8mb4_general_ci DEFAULT NULL,
  `frecuencia` varchar(100) COLLATE utf8mb4_general_ci DEFAULT NULL,
  `tiempo_uso` varchar(255) COLLATE utf8mb4_general_ci DEFAULT NULL,
  `consulta_id` bigint NOT NULL,
  `recetada_por_id` bigint NOT NULL,
  PRIMARY KEY (`id`),
  KEY `hospital_personal_me_consulta_id_be122a02_fk_hospital_` (`consulta_id`),
  KEY `hospital_personal_me_recetada_por_id_4712be69_fk_controlUs` (`recetada_por_id`),
  CONSTRAINT `hospital_personal_me_consulta_id_be122a02_fk_hospital_` FOREIGN KEY (`consulta_id`) REFERENCES `hospital_personal_consultas` (`id`),
  CONSTRAINT `hospital_personal_me_recetada_por_id_4712be69_fk_controlUs` FOREIGN KEY (`recetada_por_id`) REFERENCES `controlusuario_usuario` (`id`)
) ENGINE=InnoDB AUTO_INCREMENT=2 DEFAULT CHARSET=utf8mb4 COLLATE=utf8mb4_general_ci;

-- Volcando datos para la tabla hospitalbd.hospital_personal_medicaciones: ~1 rows (aproximadamente)
INSERT INTO `hospital_personal_medicaciones` (`id`, `medicamento`, `dosis`, `frecuencia`, `tiempo_uso`, `consulta_id`, `recetada_por_id`) VALUES
	(1, 'Levotiroxina sódica', '25 mcg', '2 veces al día', 'Una semana', 1, 2);

-- Volcando estructura para tabla hospitalbd.hospital_personal_observacionesenfermero
CREATE TABLE IF NOT EXISTS `hospital_personal_observacionesenfermero` (
  `id` bigint NOT NULL AUTO_INCREMENT,
  `signos_vitales` longtext COLLATE utf8mb4_general_ci NOT NULL,
  `observaciones` longtext COLLATE utf8mb4_general_ci NOT NULL,
  `procedimientos_realizados` longtext COLLATE utf8mb4_general_ci,
  `medicacion_administrada` longtext COLLATE utf8mb4_general_ci,
  `fecha_y_horario` datetime(6) NOT NULL,
  `asignacion_enfermero_id` bigint NOT NULL,
  PRIMARY KEY (`id`),
  KEY `hospital_personal_ob_asignacion_enfermero_4f91f5e7_fk_hospital_` (`asignacion_enfermero_id`),
  CONSTRAINT `hospital_personal_ob_asignacion_enfermero_4f91f5e7_fk_hospital_` FOREIGN KEY (`asignacion_enfermero_id`) REFERENCES `hospital_personal_asignacionenfermero` (`id`)
) ENGINE=InnoDB AUTO_INCREMENT=3 DEFAULT CHARSET=utf8mb4 COLLATE=utf8mb4_general_ci;

-- Volcando datos para la tabla hospitalbd.hospital_personal_observacionesenfermero: ~0 rows (aproximadamente)
INSERT INTO `hospital_personal_observacionesenfermero` (`id`, `signos_vitales`, `observaciones`, `procedimientos_realizados`, `medicacion_administrada`, `fecha_y_horario`, `asignacion_enfermero_id`) VALUES
	(1, 'TA: 118/72 mmHg\r\nFC: 84 lpm\r\nFR: 18 rpm\r\nTemp: 37.4 °C\r\nSatO₂: 98% aire ambiente\r\nGlasgow: 15/15', 'Paciente despierto, alerta y orientado en tiempo, espacio y persona. Refiere dolor abdominal leve (3/10), localizado en fosa ilíaca derecha, sin aumento respecto al turno previo. Abdomen ligeramente sensible a la palpación, sin signos de rebote. Se observa adecuado estado de hidratación y mucosas húmedas.\r\nEl paciente permanece en ayuno según indicación médica, tolerando sin dificultad. No presenta náuseas ni vómitos desde la guardia anterior. Diuresis espontánea conservada.\r\nHerida quirúrgica aún no realizada; paciente en preparación preoperatoria a la espera de disponibilidad quirúrgica. Apoya adecuadamente el tratamiento y comprende las indicaciones brindadas. Sin signos de deterioro clínico.', 'Verificación y mantenimiento de acceso venoso periférico en miembro superior izquierdo; sin signos de infiltración o flebitis.\r\nControl de signos vitales y valoración del dolor.\r\nSe realiza higiene y confort.', 'Paracetamol 1 g IV a las 09:00 hs. Paciente refiere disminución del dolor posterior a la administración.\r\nCeftriaxona 1 g IV en perfusión lenta a las 10:00 hs, sin reacciones adversas.\r\nSueroterapia: Solución fisiológica al 0.9% a 80 ml/h según indicación médica, acceso permeable.', '2025-11-19 22:39:37.264942', 1),
	(2, '- TA: 116/70 mmHg\r\n- FC: 76 lpm\r\n- FR: 16 rpm\r\n- Temp: 36.8 °C\r\n- SatO₂: 98% aire ambiente\r\n- Glasgow: 15/15', 'Paciente despierto, alerta y orientado en las tres esferas. Refiere dolor abdominal leve ocasional (1/10), sin signos de irritación peritoneal. Abdomen normotenso y no doloroso a palpación. Tolera dieta blanda sin náuseas ni vómitos. Marcha estable.\r\n\r\nMucosas húmedas, hidratación conservada. Micción y eliminación dentro de parámetros normales. El paciente se encuentra tranquilo, comprende las instrucciones para el alta y no manifiesta inquietudes.\r\n\r\nSignos vitales se mantienen estables y sin cambios respecto al turno previo.', '- Control y mantenimiento final de acceso venoso periférico.\r\n- Registro de signos vitales y valoración del dolor.\r\n- Retiro de sueroterapia y acceso venoso sin complicaciones.\r\n- Educación al paciente sobre cuidados post-alta y signos de alarma.', '- Paracetamol 1 g VO a las 08:00 hs, con buena respuesta.\r\n- No se administran más antibióticos debido a evolución favorable.\r\n- Hidratación IV suspendida tras confirmar tolerancia oral adecuada.', '2025-11-22 19:36:48.117533', 1);

-- Volcando estructura para tabla hospitalbd.hospital_personal_observacionesmedico
CREATE TABLE IF NOT EXISTS `hospital_personal_observacionesmedico` (
  `id` bigint NOT NULL AUTO_INCREMENT,
  `evolucion_clinica` longtext COLLATE utf8mb4_general_ci NOT NULL,
  `indicaciones` longtext COLLATE utf8mb4_general_ci NOT NULL,
  `fecha_y_horario` datetime(6) NOT NULL,
  `asignacion_medico_id` bigint NOT NULL,
  `diagnostico` longtext COLLATE utf8mb4_general_ci NOT NULL DEFAULT (_utf8mb4'1'),
  `motivo` longtext COLLATE utf8mb4_general_ci NOT NULL DEFAULT (_utf8mb4'1'),
  PRIMARY KEY (`id`),
  KEY `hospital_personal_ob_asignacion_medico_id_f4d0a3dd_fk_hospital_` (`asignacion_medico_id`),
  CONSTRAINT `hospital_personal_ob_asignacion_medico_id_f4d0a3dd_fk_hospital_` FOREIGN KEY (`asignacion_medico_id`) REFERENCES `hospital_personal_asignacionmedico` (`id`)
) ENGINE=InnoDB AUTO_INCREMENT=3 DEFAULT CHARSET=utf8mb4 COLLATE=utf8mb4_general_ci;

-- Volcando datos para la tabla hospitalbd.hospital_personal_observacionesmedico: ~0 rows (aproximadamente)
INSERT INTO `hospital_personal_observacionesmedico` (`id`, `evolucion_clinica`, `indicaciones`, `fecha_y_horario`, `asignacion_medico_id`, `diagnostico`, `motivo`) VALUES
	(1, 'Durante las primeras horas de observación, el paciente refiere disminución parcial del dolor posterior a la administración de analgesia intravenosa, aunque persiste dolor moderado a la palpación en fosa ilíaca derecha y defensa muscular leve. Signos vitales estables, sin deterioro hemodinámico.\r\nLaboratorios muestran leucocitosis de 14,500/mm³ con desviación izquierda.\r\nSe decidió manejo inicial con hidratación IV, analgésicos y antibióticos profilácticos mientras se prepara para intervención quirúrgica programada.\r\nEl paciente permanece alerta, orientado y colaborador.', 'Mantener acceso venoso periférico funcional.\r\nAdministrar hidratación IV según indicación médica.\r\nAdministrar analgesia y antibióticos prescritos, registrando respuesta o efectos adversos.\r\nVigilar dolor abdominal, características y cambios en intensidad.\r\nMantener al paciente en ayuno absoluto (NPO) previo a cirugía.\r\nReportar de inmediato cualquier signo de deterioro: fiebre persistente, aumento del dolor, vómitos, taquicardia o hipotensión.', '2025-11-18 22:50:50.346956', 1, 'Diagnóstico presuntivo: Apendicitis aguda no complicada.', 'Paciente masculino de 21 años que acude a emergencias por presentar dolor abdominal intenso de inicio súbito, localizado en fosa ilíaca derecha, acompañado de náuseas, un episodio de vómito y febrícula desde hace 12 horas.'),
	(2, 'Durante las últimas 24 horas el paciente presentó mejoría progresiva del dolor abdominal. Actualmente refiere dolor mínimo (1/10), no localizado y sin irradiación. Abdomen blando, depresible, sin defensa ni rebote. Tolera vía oral sin náuseas ni vómitos.\r\n\r\nSe repitieron laboratorios de control mostrando leucocitos: 8,200/mm³, PCR en rango normal y sin datos de infección activa. Signos vitales mantenidos dentro de parámetros fisiológicos. El paciente se encuentra hemodinámicamente estable, hidratado y con buen estado general.\r\n\r\nNo se realizó intervención quirúrgica debido a evolución favorable del cuadro. El paciente ha podido movilizarse, ingerir alimentos blandos y no refiere molestias significativas.\r\n\r\nEl paciente permanece alerta, orientado, colaborador y expresa comprensión de indicaciones de seguimiento.\r\n\r\nCondición actual: estable, asintomático y apto para alta hospitalaria.', '- Retirar acceso venoso periférico tras finalizar hidratación.\r\n- Verificar tolerancia a la dieta oral.\r\n- Educar al paciente sobre signos de alarma y cuidados en domicilio.\r\n- Registrar signos vitales previos al alta.\r\n- Entregar prescripción médica y recomendaciones.', '2025-11-22 19:32:58.316726', 1, 'Dolor abdominal resuelto; apendicitis descartada clínicamente tras evolución favorable y estudios complementarios dentro de límites normales. Cuadro compatible con adenitis mesentérica leve autolimitada.', 'Paciente masculino de 21 años que acude a emergencias por presentar dolor abdominal intenso de inicio súbito, localizado en fosa ilíaca derecha, acompañado de náuseas, un episodio de vómito y febrícula desde hace 12 horas.');

-- Volcando estructura para tabla hospitalbd.hospital_personal_ordenestudio
CREATE TABLE IF NOT EXISTS `hospital_personal_ordenestudio` (
  `id` bigint NOT NULL AUTO_INCREMENT,
  `motivo_estudio` longtext COLLATE utf8mb4_general_ci,
  `indicaciones` longtext COLLATE utf8mb4_general_ci,
  `fecha_solicitud` datetime(6) DEFAULT NULL,
  `estado` varchar(20) COLLATE utf8mb4_general_ci NOT NULL,
  `consulta_id` bigint NOT NULL,
  `solicitado_por_id` bigint NOT NULL,
  `tipo_estudio_id` bigint NOT NULL,
  `paciente_id` bigint NOT NULL,
  PRIMARY KEY (`id`),
  KEY `hospital_personal_or_consulta_id_475aec1c_fk_hospital_` (`consulta_id`),
  KEY `hospital_personal_or_solicitado_por_id_af68595d_fk_controlUs` (`solicitado_por_id`),
  KEY `hospital_personal_or_tipo_estudio_id_cdd31875_fk_hospital_` (`tipo_estudio_id`),
  KEY `hospital_personal_or_paciente_id_f612a12c_fk_hospital_` (`paciente_id`),
  CONSTRAINT `hospital_personal_or_consulta_id_475aec1c_fk_hospital_` FOREIGN KEY (`consulta_id`) REFERENCES `hospital_personal_consultas` (`id`),
  CONSTRAINT `hospital_personal_or_paciente_id_f612a12c_fk_hospital_` FOREIGN KEY (`paciente_id`) REFERENCES `hospital_pacientes_paciente` (`id`),
  CONSTRAINT `hospital_personal_or_solicitado_por_id_af68595d_fk_controlUs` FOREIGN KEY (`solicitado_por_id`) REFERENCES `controlusuario_usuario` (`id`),
  CONSTRAINT `hospital_personal_or_tipo_estudio_id_cdd31875_fk_hospital_` FOREIGN KEY (`tipo_estudio_id`) REFERENCES `hospital_personal_estudiosdiagnosticos` (`id`)
) ENGINE=InnoDB AUTO_INCREMENT=3 DEFAULT CHARSET=utf8mb4 COLLATE=utf8mb4_general_ci;

-- Volcando datos para la tabla hospitalbd.hospital_personal_ordenestudio: ~2 rows (aproximadamente)
INSERT INTO `hospital_personal_ordenestudio` (`id`, `motivo_estudio`, `indicaciones`, `fecha_solicitud`, `estado`, `consulta_id`, `solicitado_por_id`, `tipo_estudio_id`, `paciente_id`) VALUES
	(1, 'juuu', 'ja', '2025-10-25 20:38:25.307893', 'programado', 1, 2, 33, 1),
	(2, 'KAKAKA', 'KKAK', '2025-10-26 23:16:12.641671', 'pendiente', 1, 2, 36, 1);

-- Volcando estructura para tabla hospitalbd.hospital_personal_plantillaestudio
CREATE TABLE IF NOT EXISTS `hospital_personal_plantillaestudio` (
  `id` bigint NOT NULL AUTO_INCREMENT,
  `estructura` json NOT NULL,
  `estudio_id` bigint NOT NULL,
  PRIMARY KEY (`id`),
  UNIQUE KEY `estudio_id` (`estudio_id`),
  CONSTRAINT `hospital_personal_pl_estudio_id_f14531a1_fk_hospital_` FOREIGN KEY (`estudio_id`) REFERENCES `hospital_personal_estudiosdiagnosticos` (`id`)
) ENGINE=InnoDB AUTO_INCREMENT=328 DEFAULT CHARSET=utf8mb4 COLLATE=utf8mb4_general_ci;

-- Volcando datos para la tabla hospitalbd.hospital_personal_plantillaestudio: ~326 rows (aproximadamente)
INSERT INTO `hospital_personal_plantillaestudio` (`id`, `estructura`, `estudio_id`) VALUES
	(1, '{"Hemograma completo": {"HCM": {"valor": "", "unidad": "pg", "referencia": "27–33"}, "PCT": {"valor": "", "unidad": "%", "referencia": "0.19–0.39"}, "PDW": {"valor": "", "unidad": "%", "referencia": "10–17"}, "RDW": {"valor": "", "unidad": "%", "referencia": "11.5–14.5"}, "VCM": {"valor": "", "unidad": "fL", "referencia": "80–100"}, "VPM": {"valor": "", "unidad": "fL", "referencia": "7.5–11.5"}, "CHCM": {"valor": "", "unidad": "g/dL", "referencia": "32–36"}, "Monocitos": {"valor": "", "unidad": "%", "referencia": "2–8"}, "Plaquetas": {"valor": "", "unidad": "x10³/µL", "referencia": "150–450"}, "Basófilos": {"valor": "", "unidad": "%", "referencia": "0–1"}, "Linfocitos": {"valor": "", "unidad": "%", "referencia": "20–40"}, "Eritrocitos": {"valor": "", "unidad": "x10⁶/µL", "referencia": "♂ 4.5–5.9 / ♀ 4.0–5.2"}, "Hematocrito": {"valor": "", "unidad": "%", "referencia": "♂ 41–53 / ♀ 36–46"}, "Hemoglobina": {"valor": "", "unidad": "g/dL", "referencia": "♂ 13.5–17.5 / ♀ 12.0–16.0"}, "Eosinófilos": {"valor": "", "unidad": "%", "referencia": "1–4"}, "Neutrófilos": {"valor": "", "unidad": "%", "referencia": "50–70"}, "Leucocitos totales": {"valor": "", "unidad": "x10³/µL", "referencia": "4.0–10.0"}, "Monocitos absolutos": {"valor": "", "unidad": "x10³/µL", "referencia": "0.2–1.0"}, "Basófilos absolutos": {"valor": "", "unidad": "x10³/µL", "referencia": "0.00–0.1"}, "Linfocitos absolutos": {"valor": "", "unidad": "x10³/µL", "referencia": "1.0–3.5"}, "Eosinófilos absolutos": {"valor": "", "unidad": "x10³/µL", "referencia": "0.05–0.5"}, "Neutrófilos absolutos": {"valor": "", "unidad": "x10³/µL", "referencia": "2.0–7.0"}}}', 33),
	(2, '{"Examen de orina completo": {"pH": {"valor": "", "unidad": "N/A", "referencia": "4.5 – 8.0"}, "Color": {"valor": "", "unidad": "Descripción", "referencia": "Amarillo claro a ámbar"}, "Aspecto": {"valor": "", "unidad": "Descripción", "referencia": "Límpido"}, "Cetonas": {"valor": "", "unidad": "mg/dL", "referencia": "Negativo"}, "Glucosa": {"valor": "", "unidad": "mg/dL", "referencia": "Negativo"}, "Densidad": {"valor": "", "unidad": "N/A", "referencia": "1.005 – 1.030"}, "Nitritos": {"valor": "", "unidad": "N/A", "referencia": "Negativo"}, "Bacterias": {"valor": "", "unidad": "/campo", "referencia": "Ausentes"}, "Cilindros": {"valor": "", "unidad": "/campo", "referencia": "Ausentes"}, "Cristales": {"valor": "", "unidad": "Tipo", "referencia": "Ausentes"}, "Leucocitos": {"valor": "", "unidad": "/campo", "referencia": "0 – 5"}, "Proteínas": {"valor": "", "unidad": "mg/dL", "referencia": "Negativo"}, "Bilirrubina": {"valor": "", "unidad": "N/A", "referencia": "Negativo"}, "Eritrocitos": {"valor": "", "unidad": "/campo", "referencia": "0 – 3"}, "Urobilinógeno": {"valor": "", "unidad": "mg/dL", "referencia": "0.1 – 1.0"}, "Hemoglobina/Sangre": {"valor": "", "unidad": "N/A", "referencia": "Negativo"}, "Células epiteliales": {"valor": "", "unidad": "/campo", "referencia": "Escasas"}}}', 34),
	(3, '{"Perfil lipídico": {"Colesterol HDL": {"valor": "", "unidad": "mg/dL", "referencia": "> 40"}, "Colesterol LDL": {"valor": "", "unidad": "mg/dL", "referencia": "< 130"}, "Triglicéridos": {"valor": "", "unidad": "mg/dL", "referencia": "< 150"}, "Colesterol VLDL": {"valor": "", "unidad": "mg/dL", "referencia": "5 – 40"}, "Colesterol total": {"valor": "", "unidad": "mg/dL", "referencia": "< 200"}, "Relación Colesterol total/HDL": {"valor": "", "unidad": "N/A", "referencia": "< 5"}}}', 35),
	(4, '{"Glucemia": {"Glucosa casual": {"valor": "", "unidad": "mg/dL", "referencia": "< 200"}, "Glucosa en ayunas": {"valor": "", "unidad": "mg/dL", "referencia": "70 – 100"}, "Glucosa posprandial (2 h)": {"valor": "", "unidad": "mg/dL", "referencia": "< 140"}, "HbA1c (Hemoglobina glucosilada)": {"valor": "", "unidad": "%", "referencia": "4 – 5.6"}}}', 36),
	(5, '{"Pruebas de función hepática": {"INR": {"valor": "", "unidad": "N/A", "referencia": "0.8 – 1.2"}, "ALT (TGP)": {"valor": "", "unidad": "U/L", "referencia": "7 – 56"}, "AST (TGO)": {"valor": "", "unidad": "U/L", "referencia": "10 – 40"}, "Albúmina": {"valor": "", "unidad": "g/dL", "referencia": "3.5 – 5.0"}, "GGT (Gamma GT)": {"valor": "", "unidad": "U/L", "referencia": "9 – 48"}, "Bilirrubina total": {"valor": "", "unidad": "mg/dL", "referencia": "0.3 – 1.2"}, "Fosfatasa alcalina": {"valor": "", "unidad": "U/L", "referencia": "44 – 147"}, "Bilirrubina directa": {"valor": "", "unidad": "mg/dL", "referencia": "0 – 0.3"}, "Bilirrubina indirecta": {"valor": "", "unidad": "mg/dL", "referencia": "0.2 – 0.9"}, "Tiempo de protrombina (TP)": {"valor": "", "unidad": "segundos", "referencia": "11 – 13.5"}}}', 37),
	(6, '{"Pruebas de función renal": {"Urea (BUN)": {"valor": "", "unidad": "mg/dL", "referencia": "7 – 20"}, "Cloro sérico": {"valor": "", "unidad": "mEq/L", "referencia": "98 – 107"}, "Sodio sérico": {"valor": "", "unidad": "mEq/L", "referencia": "135 – 145"}, "Potasio sérico": {"valor": "", "unidad": "mEq/L", "referencia": "3.5 – 5.0"}, "Creatinina sérica": {"valor": "", "unidad": "mg/dL", "referencia": "0.6 – 1.3"}, "Bicarbonato (HCO3-)": {"valor": "", "unidad": "mEq/L", "referencia": "22 – 28"}, "Tasa de filtración glomerular estimada (TFGe/eGFR)": {"valor": "", "unidad": "mL/min/1.73 m²", "referencia": "> 90"}}}', 38),
	(7, '{"Electrocardiograma en reposo": {"Onda P": {"valor": "", "unidad": "descriptivo", "referencia": "Presente y normal", "interpretacion": ""}, "Onda Q": {"valor": "", "unidad": "descriptivo", "referencia": "Pequeña o ausente", "interpretacion": ""}, "Onda T": {"valor": "", "unidad": "descriptivo", "referencia": "Positiva en derivaciones normales", "interpretacion": ""}, "Bloqueos": {"valor": "", "unidad": "descriptivo", "referencia": "No presentes", "interpretacion": ""}, "Segmento ST": {"valor": "", "unidad": "descriptivo", "referencia": "Isoeléctrico", "interpretacion": ""}, "Intervalo PR": {"valor": "", "unidad": "segundos", "referencia": "0.12 - 0.20", "interpretacion": ""}, "Extrasístoles": {"valor": "", "unidad": "descriptivo", "referencia": "Ausentes", "interpretacion": ""}, "Ritmo cardíaco": {"valor": "", "unidad": "descriptivo", "referencia": "Ritmo sinusal regular", "interpretacion": ""}, "Diagnóstico ECG": {"valor": "", "unidad": "descriptivo", "referencia": "Normal o con hallazgos", "interpretacion": ""}, "Frecuencia cardíaca": {"valor": "", "unidad": "latidos/minuto", "referencia": "60 - 100", "interpretacion": ""}, "Duración del complejo QRS": {"valor": "", "unidad": "segundos", "referencia": "< 0.12", "interpretacion": ""}, "Eje eléctrico del corazón": {"valor": "", "unidad": "grados", "referencia": "-30° a +90°", "interpretacion": ""}, "Intervalo QT corregido (QTc)": {"valor": "", "unidad": "segundos", "referencia": "< 0.44", "interpretacion": ""}}}', 39),
	(8, '{"Prueba de alergia general": {"IgE total": {"valor": "", "unidad": "kU/L", "referencia": "0 – 100"}, "Alergia a mohos": {"valor": "", "unidad": "N/A", "referencia": "Negativo"}, "Alergia a polen": {"valor": "", "unidad": "N/A", "referencia": "Negativo"}, "Alergia a ácaros": {"valor": "", "unidad": "N/A", "referencia": "Negativo"}, "Diagnóstico de alergia": {"valor": "", "unidad": "N/A", "referencia": "Sin alergias o con hallazgos"}, "Alergia a alimentos comunes": {"valor": "", "unidad": "N/A", "referencia": "Negativo"}, "Alergia a epitelio de mascotas": {"valor": "", "unidad": "N/A", "referencia": "Negativo"}}}', 42),
	(9, '{"Perfil metabólico pediátrico": {"Urea": {"valor": "", "unidad": "mg/dL", "referencia": "7 – 20"}, "Cloro": {"valor": "", "unidad": "mEq/L", "referencia": "98 – 107"}, "Sodio": {"valor": "", "unidad": "mEq/L", "referencia": "135 – 145"}, "Calcio": {"valor": "", "unidad": "mg/dL", "referencia": "8.8 – 10.8"}, "Glucosa": {"valor": "", "unidad": "mg/dL", "referencia": "70 – 100"}, "Potasio": {"valor": "", "unidad": "mEq/L", "referencia": "3.5 – 5.0"}, "Fósforo": {"valor": "", "unidad": "mg/dL", "referencia": "4.5 – 6.5"}, "ALT (TGP)": {"valor": "", "unidad": "U/L", "referencia": "7 – 56"}, "AST (TGO)": {"valor": "", "unidad": "U/L", "referencia": "10 – 40"}, "Albúmina": {"valor": "", "unidad": "g/dL", "referencia": "3.5 – 5.0"}, "Creatinina": {"valor": "", "unidad": "mg/dL", "referencia": "0.3 – 1.0"}, "Bicarbonato": {"valor": "", "unidad": "mEq/L", "referencia": "22 – 28"}, "Bilirrubina total": {"valor": "", "unidad": "mg/dL", "referencia": "0.3 – 1.2"}, "Proteínas totales": {"valor": "", "unidad": "g/dL", "referencia": "6.0 – 8.0"}, "Bilirrubina directa": {"valor": "", "unidad": "mg/dL", "referencia": "0 – 0.3"}}}', 43),
	(10, '{"Prueba neonatal de hipotiroidismo": {"TSH": {"valor": "", "unidad": "µIU/mL", "referencia": "0.4 – 4.0"}, "T4 libre": {"valor": "", "unidad": "ng/dL", "referencia": "0.8 – 1.8"}, "Diagnóstico": {"valor": "", "unidad": "N/A", "referencia": "Normal o alterado"}}}', 44),
	(11, '{"Pruebas de alergia pediátricas": {"IgE total": {"valor": "", "unidad": "kU/L", "referencia": "0 – 100"}, "Alergia a mohos": {"valor": "", "unidad": "N/A", "referencia": "Negativo"}, "Alergia a polen": {"valor": "", "unidad": "N/A", "referencia": "Negativo"}, "Alergia a ácaros": {"valor": "", "unidad": "N/A", "referencia": "Negativo"}, "Diagnóstico de alergia": {"valor": "", "unidad": "N/A", "referencia": "Sin alergias o con hallazgos"}, "Alergia a alimentos comunes": {"valor": "", "unidad": "N/A", "referencia": "Negativo"}, "Alergia a epitelio de mascotas": {"valor": "", "unidad": "N/A", "referencia": "Negativo"}}}', 48),
	(12, '{"Cultivo de orina pediátrico": {"Leucocitos": {"valor": "", "unidad": "/campo", "referencia": "0 – 5"}, "Proteínas": {"valor": "", "unidad": "mg/dL", "referencia": "Negativo"}, "Eritrocitos": {"valor": "", "unidad": "/campo", "referencia": "0 – 3"}, "Diagnóstico": {"valor": "", "unidad": "N/A", "referencia": "Negativo o positivo"}, "Recuento bacteriano": {"valor": "", "unidad": "UFC/mL", "referencia": "< 10^5"}}}', 49),
	(13, '{"Perfil hormonal femenino": {"LH": {"valor": "", "unidad": "mIU/mL", "referencia": "5 – 20 (fase folicular)"}, "FSH": {"valor": "", "unidad": "mIU/mL", "referencia": "4.7 – 21.5 (fase folicular)"}, "Prolactina": {"valor": "", "unidad": "ng/mL", "referencia": "4.8 – 23.3"}, "Progesterona": {"valor": "", "unidad": "ng/mL", "referencia": "0.1 – 0.8 (fase folicular)"}, "Testosterona": {"valor": "", "unidad": "ng/dL", "referencia": "20 – 80"}, "Estradiol (E2)": {"valor": "", "unidad": "pg/mL", "referencia": "19 – 144 (fase folicular)"}, "Diagnóstico hormonal": {"valor": "", "unidad": "N/A", "referencia": "Normal o alterado"}}}', 53),
	(14, '{"Prueba de fertilidad básica": {"Estradiol": {"valor": "", "unidad": "pg/mL", "referencia": "19 – 144"}, "Hormona LH": {"valor": "", "unidad": "mIU/mL", "referencia": "5 – 20"}, "Prolactina": {"valor": "", "unidad": "ng/mL", "referencia": "4.8 – 23.3"}, "Hormona FSH": {"valor": "", "unidad": "mIU/mL", "referencia": "4.7 – 21.5"}, "Progesterona": {"valor": "", "unidad": "ng/mL", "referencia": "0.1 – 0.8"}, "Diagnóstico de fertilidad básica": {"valor": "", "unidad": "N/A", "referencia": "Normal o alterado"}}}', 54),
	(15, '{"Prueba de fertilidad avanzada": {"Inhibina B": {"valor": "", "unidad": "pg/mL", "referencia": "45 – 300"}, "Estradiol basal": {"valor": "", "unidad": "pg/mL", "referencia": "19 – 144"}, "Antral follicle count (AFC)": {"valor": "", "unidad": "N/A", "referencia": "5 – 15 folículos"}, "AMH (Hormona antimülleriana)": {"valor": "", "unidad": "ng/mL", "referencia": "1.0 – 4.0"}, "Diagnóstico de fertilidad avanzada": {"valor": "", "unidad": "N/A", "referencia": "Normal o alterado"}}}', 55),
	(16, '{"Examen Papanicolaou": {"Diagnóstico": {"valor": "", "unidad": "descriptivo", "referencia": "Normal o anormal"}, "Tipo de muestra": {"valor": "", "unidad": "descriptivo", "referencia": "Células cervicales obtenidas"}, "Resultado citológico": {"valor": "", "unidad": "descriptivo", "referencia": "Negativo, ASC-US, LSIL, HSIL, etc."}, "Presencia de infección": {"valor": "", "unidad": "descriptivo", "referencia": "Ausente o presente"}, "Presencia de inflamación": {"valor": "", "unidad": "descriptivo", "referencia": "Ausente o presente"}}}', 56),
	(17, '{"Biopsia endometrial": {"Histología": {"valor": "", "unidad": "descriptivo", "referencia": "Normal, hiperplasia, atipia, etc."}, "Diagnóstico": {"valor": "", "unidad": "descriptivo", "referencia": "Normal o alterado"}, "Inflamación": {"valor": "", "unidad": "descriptivo", "referencia": "Ausente o presente"}, "Tipo de muestra": {"valor": "", "unidad": "descriptivo", "referencia": "Tejido endometrial obtenido"}}}', 58),
	(18, '{"Examen de orina en embarazo": {"Color": {"valor": "", "unidad": "descriptivo", "referencia": "Amarillo claro a ámbar"}, "Aspecto": {"valor": "", "unidad": "descriptivo", "referencia": "Límpido"}, "Glucosa": {"valor": "", "unidad": "mg/dL", "referencia": "Negativo"}, "Densidad": {"valor": "", "unidad": "N/A", "referencia": "1.005 – 1.030"}, "Bacterias": {"valor": "", "unidad": "/campo", "referencia": "Ausentes"}, "Leucocitos": {"valor": "", "unidad": "/campo", "referencia": "0 – 5"}, "Proteínas": {"valor": "", "unidad": "mg/dL", "referencia": "Negativo"}, "Eritrocitos": {"valor": "", "unidad": "/campo", "referencia": "0 – 3"}, "Diagnóstico": {"valor": "", "unidad": "descriptivo", "referencia": "Normal o con hallazgos"}}}', 59),
	(19, '{"Pruebas de alergia dermatológica": {"IgE total": {"valor": "", "unidad": "kU/L", "referencia": "0 – 100"}, "Alergia a látex": {"valor": "", "unidad": "N/A", "referencia": "Negativo"}, "Alergia a metales": {"valor": "", "unidad": "N/A", "referencia": "Negativo"}, "Alergia a fragancias": {"valor": "", "unidad": "N/A", "referencia": "Negativo"}, "Alergia a productos cosméticos": {"valor": "", "unidad": "N/A", "referencia": "Negativo"}, "Diagnóstico de alergia dermatológica": {"valor": "", "unidad": "N/A", "referencia": "Sin alergias o con hallazgos"}}}', 62),
	(20, '{"Prueba del parche (epicutánea)": {"Zona A": {"valor": "", "unidad": "descriptivo", "referencia": "Negativo o reacción leve/moderada/severa"}, "Zona B": {"valor": "", "unidad": "descriptivo", "referencia": "Negativo o reacción leve/moderada/severa"}, "Zona C": {"valor": "", "unidad": "descriptivo", "referencia": "Negativo o reacción leve/moderada/severa"}, "Zona D": {"valor": "", "unidad": "descriptivo", "referencia": "Negativo o reacción leve/moderada/severa"}, "Diagnóstico": {"valor": "", "unidad": "descriptivo", "referencia": "Normal o alterado"}}}', 63),
	(21, '{"Biopsia de piel": {"Histología": {"valor": "", "unidad": "descriptivo", "referencia": "Normal, inflamatoria, tumoral, etc."}, "Diagnóstico": {"valor": "", "unidad": "descriptivo", "referencia": "Normal o alterado"}, "Inflamación": {"valor": "", "unidad": "descriptivo", "referencia": "Ausente o presente"}, "Tipo de muestra": {"valor": "", "unidad": "descriptivo", "referencia": "Tejido dérmico/epidérmico obtenido"}}}', 64),
	(22, '{"Cultivo micológico": {"Resultado": {"valor": "", "unidad": "descriptivo", "referencia": "Negativo o crecimiento fúngico identificado"}, "Observación": {"valor": "", "unidad": "N/A", "referencia": "Sin desarrollo de hongos patógenos"}, "Tipo de muestra": {"valor": "", "unidad": "N/A", "referencia": "Piel, uña, cabello u otra"}}}', 65),
	(23, '{"Examen bacteriológico de piel": {"Gram": {"valor": "", "unidad": "descriptivo", "referencia": "Gram positivo o negativo"}, "Cultivo": {"valor": "", "unidad": "descriptivo", "referencia": "Sin crecimiento / crecimiento bacteriano"}, "Tipo de muestra": {"valor": "", "unidad": "N/A", "referencia": "Hisopo de piel o lesión"}, "Sensibilidad antibiótica": {"valor": "", "unidad": "N/A", "referencia": "Antibióticos efectivos listados"}}}', 66),
	(24, '{"Electrocardiograma de esfuerzo": {"Onda P": {"valor": "", "unidad": "descriptivo", "referencia": "Presente y normal", "interpretacion": ""}, "Onda Q": {"valor": "", "unidad": "descriptivo", "referencia": "Pequeña o ausente", "interpretacion": ""}, "Onda T": {"valor": "", "unidad": "descriptivo", "referencia": "Positiva en derivaciones normales", "interpretacion": ""}, "Segmento ST": {"valor": "", "unidad": "descriptivo", "referencia": "Isoeléctrico", "interpretacion": ""}, "Intervalo PR": {"valor": "", "unidad": "segundos", "referencia": "0.12 - 0.20", "interpretacion": ""}, "Frecuencia cardíaca": {"valor": "", "unidad": "latidos/minuto", "referencia": "60 - 100", "interpretacion": ""}}}', 70),
	(25, '{"Holter de 24 horas": {"Intervalo QTc": {"valor": "", "unidad": "segundos", "referencia": "< 0.44", "interpretacion": ""}, "Eje eléctrico": {"valor": "", "unidad": "grados", "referencia": "-30° a +90°", "interpretacion": ""}, "Extrasístoles": {"valor": "", "unidad": "descriptivo", "referencia": "Ausentes", "interpretacion": ""}, "Ritmo cardíaco": {"valor": "", "unidad": "descriptivo", "referencia": "Ritmo sinusal regular", "interpretacion": ""}}}', 71),
	(26, '{"Prueba de esfuerzo ergométrica": {"Duración": {"valor": "", "unidad": "minutos", "referencia": "Según protocolo"}, "Síntomas": {"valor": "", "unidad": "descriptivo", "referencia": "Ausentes o presentes"}, "Presión arterial": {"valor": "", "unidad": "mmHg", "referencia": "Durante ejercicio"}, "Frecuencia cardíaca máxima": {"valor": "", "unidad": "latidos/minuto", "referencia": "Calculada"}}}', 72),
	(27, '{"Prueba de función cardíaca basal": {"Presión arterial": {"valor": "", "unidad": "mmHg", "referencia": "120/80"}, "Frecuencia cardíaca": {"valor": "", "unidad": "latidos/minuto", "referencia": "60-100"}, "Saturación de oxígeno": {"valor": "", "unidad": "%", "referencia": "95–100"}}}', 76),
	(28, '{"Prueba de esfuerzo farmacológica": {"Síntomas": {"valor": "", "unidad": "descriptivo", "referencia": "Ausentes o presentes"}, "Medicación": {"valor": "", "unidad": "mg", "referencia": "Segun protocolo"}, "Presión arterial": {"valor": "", "unidad": "mmHg", "referencia": "Durante prueba"}, "Frecuencia cardíaca": {"valor": "", "unidad": "latidos/minuto", "referencia": "Calculada"}}}', 77),
	(29, '{"Prueba de variabilidad cardíaca": {"HRV": {"valor": "", "unidad": "ms", "referencia": "Valores normales según edad"}, "Intervalos RR": {"valor": "", "unidad": "ms", "referencia": "Normal"}}}', 78),
	(30, '{"Espirometría simple": {"FVC": {"valor": "", "unidad": "L", "referencia": "≥ 80% del predicho"}, "FEV1": {"valor": "", "unidad": "L", "referencia": "≥ 80% del predicho"}, "FEV1/FVC": {"valor": "", "unidad": "%", "referencia": "≥ 70%"}}}', 79),
	(31, '{"Espirometría forzada": {"FVC": {"valor": "", "unidad": "L", "referencia": "≥ 80%"}, "PEF": {"valor": "", "unidad": "L/min", "referencia": "Segun tabla de referencia"}, "FEV1": {"valor": "", "unidad": "L", "referencia": "≥ 80%"}, "FEV1/FVC": {"valor": "", "unidad": "%", "referencia": "≥ 70%"}}}', 80),
	(32, '{"Prueba broncodilatadora": {"FEV1 basal": {"valor": "", "unidad": "L", "referencia": "Medición inicial"}, "FEV1 post-broncodilatador": {"valor": "", "unidad": "L", "referencia": "Evaluar mejora ≥ 12%"}}}', 81),
	(33, '{"Prueba de difusión pulmonar": {"DLCO": {"valor": "", "unidad": "mL/min/mmHg", "referencia": "≥ 80%"}, "Capacidad pulmonar total": {"valor": "", "unidad": "L", "referencia": "≥ 80%"}}}', 82),
	(34, '{"Prueba de función pulmonar completa": {"FVC": {"valor": "", "unidad": "L", "referencia": "≥ 80%"}, "DLCO": {"valor": "", "unidad": "mL/min/mmHg", "referencia": "≥ 80%"}, "FEV1": {"valor": "", "unidad": "L", "referencia": "≥ 80%"}, "FEV1/FVC": {"valor": "", "unidad": "%", "referencia": "≥ 70%"}}}', 83),
	(35, '{"Prueba de resistencia de vías aéreas": {"Valor": {"valor": "", "unidad": "cmH2O/L/s", "referencia": "Según referencia"}, "Interpretación": {"valor": "", "unidad": "descriptivo", "referencia": "Normal / Aumentada / Disminuida"}}}', 84),
	(36, '{"Test de marcha de 6 minutos": {"Distancia recorrida": {"valor": "", "unidad": "m", "referencia": "≥ 400 m en adultos"}, "Frecuencia cardíaca": {"valor": "", "unidad": "latidos/minuto", "referencia": "Según edad y condición física"}, "Saturación de oxígeno": {"valor": "", "unidad": "%", "referencia": "≥ 95%"}}}', 85),
	(37, '{"Perfil tiroideo completo": {"T3": {"valor": "", "unidad": "ng/dL", "referencia": "0.6 – 1.8"}, "TSH": {"valor": "", "unidad": "µIU/mL", "referencia": "0.4 – 4.0"}, "T4 libre": {"valor": "", "unidad": "ng/dL", "referencia": "0.8 – 1.8"}, "Anticuerpos antitiroideos": {"valor": "", "unidad": "N/A", "referencia": "Negativo"}}}', 89),
	(38, '{"Prueba de TSH": {"TSH": {"valor": "", "unidad": "µIU/mL", "referencia": "0.4 – 4.0"}}}', 90),
	(39, '{"Prueba de T4 libre": {"T4 libre": {"valor": "", "unidad": "ng/dL", "referencia": "0.8 – 1.8"}}}', 91),
	(40, '{"Prueba de T3": {"T3": {"valor": "", "unidad": "ng/dL", "referencia": "0.6 – 1.8"}}}', 92),
	(41, '{"Prueba de anticuerpos antitiroideos": {"Anti-Tg": {"valor": "", "unidad": "UI/mL", "referencia": "< 20"}, "Anti-TPO": {"valor": "", "unidad": "UI/mL", "referencia": "< 35"}}}', 93),
	(42, '{"Perfil glucémico": {"Glucemia basal": {"valor": "", "unidad": "mg/dL", "referencia": "70–99"}, "Glucemia posprandial": {"valor": "", "unidad": "mg/dL", "referencia": "< 140"}}}', 94),
	(43, '{"Prueba de tolerancia a la glucosa": {"Glucosa 0 min": {"valor": "", "unidad": "mg/dL", "referencia": "70–99"}, "Glucosa 120 min": {"valor": "", "unidad": "mg/dL", "referencia": "< 140"}}}', 95),
	(44, '{"Prueba de insulina basal": {"Insulina": {"valor": "", "unidad": "µIU/mL", "referencia": "2–25"}}}', 96),
	(45, '{"Prueba de hemoglobina glicosilada": {"HbA1c": {"valor": "", "unidad": "%", "referencia": "4–5.6"}}}', 97),
	(46, '{"Uroanálisis completo": {"pH": {"valor": "", "unidad": "", "referencia": "4.5–8.0"}, "Color": {"valor": "", "unidad": "descriptivo", "referencia": "Amarillo claro"}, "Aspecto": {"valor": "", "unidad": "descriptivo", "referencia": "Transparente"}, "Glucosa": {"valor": "", "unidad": "mg/dL", "referencia": "Negativo"}, "Densidad": {"valor": "", "unidad": "g/mL", "referencia": "1.005–1.030"}, "Leucocitos": {"valor": "", "unidad": "x10³/µL", "referencia": "0–5"}, "Proteínas": {"valor": "", "unidad": "mg/dL", "referencia": "Negativo"}, "Bilirrubina": {"valor": "", "unidad": "mg/dL", "referencia": "Negativo"}, "Eritrocitos": {"valor": "", "unidad": "x10³/µL", "referencia": "0–3"}, "Hemoglobina": {"valor": "", "unidad": "mg/dL", "referencia": "Negativo"}, "Cuerpos cetónicos": {"valor": "", "unidad": "mg/dL", "referencia": "Negativo"}}}', 118),
	(47, '{"Flujometría urinaria": {"Flujo máximo": {"valor": "", "unidad": "mL/s", "referencia": "≥ 15"}, "Volumen expulsado": {"valor": "", "unidad": "mL", "referencia": "≥ 150"}}}', 122),
	(48, '{"Estudio de próstata (PSA)": {"PSA libre": {"valor": "", "unidad": "ng/mL", "referencia": "≥ 0.1"}, "PSA total": {"valor": "", "unidad": "ng/mL", "referencia": "< 4"}}}', 123),
	(49, '{"Cultivo de orina": {"Tipo de muestra": {"valor": "", "unidad": "N/A", "referencia": "Orina midstream"}, "Crecimiento bacteriano": {"valor": "", "unidad": "descriptivo", "referencia": "Negativo / Positivo"}, "Sensibilidad antibiótica": {"valor": "", "unidad": "N/A", "referencia": "Segun antibiograma"}}}', 124),
	(50, '{"Perfil inflamatorio": {"PCR": {"valor": "", "unidad": "mg/L", "referencia": "< 5"}, "VSG": {"valor": "", "unidad": "mm/h", "referencia": "Hombres: 0–15 / Mujeres: 0–20"}, "Fibrinógeno": {"valor": "", "unidad": "mg/dL", "referencia": "200–400"}}}', 126),
	(51, '{"Factor reumatoide": {"FR": {"valor": "", "unidad": "UI/mL", "referencia": "< 14"}}}', 127),
	(52, '{"Anticuerpos anti-CCP": {"Anti-CCP": {"valor": "", "unidad": "U/mL", "referencia": "< 20"}}}', 128),
	(53, '{"Análisis de líquido sinovial": {"Aspecto": {"valor": "", "unidad": "descriptivo", "referencia": "Transparente / Amarillento"}, "Células": {"valor": "", "unidad": "x10³/µL", "referencia": "0–200"}, "Viscosidad": {"valor": "", "unidad": "descriptivo", "referencia": "Normal"}}}', 129),
	(54, '{"Pruebas HLA-B27": {"HLA-B27": {"valor": "", "unidad": "descriptivo", "referencia": "Negativo / Positivo"}}}', 134),
	(55, '{"Test de Helicobacter pylori": {"Antígeno H. pylori": {"valor": "", "unidad": "descriptivo", "referencia": "Negativo / Positivo"}}}', 140),
	(56, '{"Biopsia gastrointestinal": {"Tipo de tejido": {"valor": "", "unidad": "N/A", "referencia": "Mucosa gástrica / Intestinal"}, "Hallazgos histológicos": {"valor": "", "unidad": "descriptivo", "referencia": "Normal / Patológico"}}}', 141),
	(57, '{"pHmetría esofágica": {"pH promedio": {"valor": "", "unidad": "pH", "referencia": "4–7"}, "Reflujo ácido": {"valor": "", "unidad": "episodios", "referencia": "< 5%"}}}', 144),
	(58, '{"Electroencefalograma (EEG)": {"Ritmo alfa": {"valor": "", "unidad": "Hz", "referencia": "8–13"}, "Actividad delta": {"valor": "", "unidad": "Hz", "referencia": "0–4"}, "Actividad theta": {"valor": "", "unidad": "Hz", "referencia": "4–7"}}}', 145),
	(59, '{"Potenciales evocados visuales": {"Amplitud P100": {"valor": "", "unidad": "µV", "referencia": "5–15"}, "Latencia P100": {"valor": "", "unidad": "ms", "referencia": "≈100"}}}', 146),
	(60, '{"Estudio de conducción nerviosa": {"Velocidad de conducción motora": {"valor": "", "unidad": "m/s", "referencia": "50–60"}, "Velocidad de conducción sensitiva": {"valor": "", "unidad": "m/s", "referencia": "50–60"}}}', 149),
	(61, '{"Electromiografía (EMG)": {"Actividad en reposo": {"valor": "", "unidad": "descriptivo", "referencia": "Ausente"}, "Potenciales de unidad motora": {"valor": "", "unidad": "descriptivo", "referencia": "Normal"}}}', 150),
	(62, '{"Monitorización ambulatoria de EEG": {"Actividad general": {"valor": "", "unidad": "descriptivo", "referencia": "Normal"}, "Eventos paroxísticos": {"valor": "", "unidad": "descriptivo", "referencia": "Ausentes"}}}', 151),
	(63, '{"Marcadores tumorales": {"AFP": {"valor": "", "unidad": "ng/mL", "referencia": "< 10"}, "CEA": {"valor": "", "unidad": "ng/mL", "referencia": "< 5"}, "CA 19-9": {"valor": "", "unidad": "U/mL", "referencia": "< 37"}}}', 157),
	(64, '{"Examen de laboratorio prequirúrgico": {"Hemograma": {"valor": "", "unidad": "x10³/µL", "referencia": "4.0–10.0"}, "Coagulación": {"valor": "", "unidad": "segundos", "referencia": "Normal"}, "Bioquímica básica": {"valor": "", "unidad": "mg/dL", "referencia": "Normal"}}}', 158),
	(65, '{"Electrocardiograma prequirúrgico": {"Onda P": {"valor": "", "unidad": "descriptivo", "referencia": "Presente y normal"}, "Onda Q": {"valor": "", "unidad": "descriptivo", "referencia": "Pequeña o ausente"}, "Onda T": {"valor": "", "unidad": "descriptivo", "referencia": "Positiva en derivaciones normales"}}}', 159),
	(66, '{"Prueba de función pulmonar": {"Relación VEF1/CVF": {"valor": "", "unidad": "%", "referencia": "≥70"}, "Capacidad vital forzada (CVF)": {"valor": "", "unidad": "L", "referencia": "≈4"}, "Volumen espiratorio forzado (VEF1)": {"valor": "", "unidad": "L", "referencia": "≈3"}}}', 160),
	(67, '{"Biopsia de tejidos": {"Observaciones": {"valor": "", "unidad": "descriptivo", "referencia": ""}, "Tipo de tejido": {"valor": "", "unidad": "descriptivo", "referencia": "Normal / Patológico"}}}', 161),
	(68, '{"Biopsia tumoral": {"Tipo de tumor": {"valor": "", "unidad": "descriptivo", "referencia": ""}, "Hallazgos histológicos": {"valor": "", "unidad": "descriptivo", "referencia": ""}}}', 163),
	(69, '{"Pruebas hematológicas": {"Hemograma completo": {"Plaquetas": {"valor": "", "unidad": "x10³/µL", "referencia": "150–450"}, "Hematocrito": {"valor": "", "unidad": "%", "referencia": "♂41–53 / ♀36–46"}, "Hemoglobina": {"valor": "", "unidad": "g/dL", "referencia": "♂13.5–17.5 / ♀12–16"}}}}', 168),
	(70, '{"Estudios de función hepática y renal": {"Urea": {"valor": "", "unidad": "mg/dL", "referencia": "15–45"}, "Creatinina": {"valor": "", "unidad": "mg/dL", "referencia": "0.6–1.3"}, "Bilirrubina": {"valor": "", "unidad": "mg/dL", "referencia": "0.1–1.2"}}}', 170),
	(71, '{"Estudio de perfusión tisular": {"Saturación tisular": {"valor": "", "unidad": "%", "referencia": "Normal"}, "Flujo sanguíneo regional": {"valor": "", "unidad": "mL/min/100g", "referencia": "Normal"}}}', 180),
	(72, '{"Pruebas de función pulmonar": {"CVF": {"valor": "", "unidad": "L", "referencia": "≈4"}, "VEF1": {"valor": "", "unidad": "L", "referencia": "≈3"}, "Relación VEF1/CVF": {"valor": "", "unidad": "%", "referencia": "≥70"}}}', 184),
	(73, '{"Marcadores tumorales pulmonares": {"CEA": {"valor": "", "unidad": "ng/mL", "referencia": "< 5"}, "NSE": {"valor": "", "unidad": "ng/mL", "referencia": "< 16"}, "CYFRA 21-1": {"valor": "", "unidad": "ng/mL", "referencia": "< 3.3"}}}', 186),
	(74, '{"Examen preoperatorio general": {"Hemograma": {"valor": "", "unidad": "x10³/µL", "referencia": "4.0–10.0"}, "Bioquímica": {"valor": "", "unidad": "mg/dL", "referencia": "Normal"}, "Coagulación": {"valor": "", "unidad": "segundos", "referencia": "Normal"}}}', 188),
	(75, '{"Biopsia pulmonar": {"Observaciones": {"valor": "", "unidad": "descriptivo", "referencia": ""}, "Tipo de tejido": {"valor": "", "unidad": "descriptivo", "referencia": "Normal / Patológico"}}}', 189),
	(76, '{"Biopsia cutánea": {"Observaciones": {"valor": "", "unidad": "descriptivo", "referencia": ""}, "Tipo de tejido": {"valor": "", "unidad": "descriptivo", "referencia": "Normal / Patológico"}}}', 193),
	(77, '{"Laboratorio preoperatorio": {"Hemograma": {"valor": "", "unidad": "x10³/µL", "referencia": "4.0–10.0"}, "Bioquímica": {"valor": "", "unidad": "mg/dL", "referencia": "Normal"}, "Coagulación": {"valor": "", "unidad": "segundos", "referencia": "Normal"}}}', 194),
	(78, '{"Evaluación de coagulación": {"TP": {"valor": "", "unidad": "segundos", "referencia": "11–15"}, "INR": {"valor": "", "unidad": "", "referencia": "0.8–1.2"}, "TTPA": {"valor": "", "unidad": "segundos", "referencia": "25–35"}, "Fibrinógeno": {"valor": "", "unidad": "mg/dL", "referencia": "200–400"}}}', 195),
	(79, '{"Estudio de función respiratoria": {"CVF": {"valor": "", "unidad": "L", "referencia": "≈4"}, "VEF1": {"valor": "", "unidad": "L", "referencia": "≈3"}, "Relación VEF1/CVF": {"valor": "", "unidad": "%", "referencia": "≥70"}}}', 199),
	(80, '{"Electrocardiograma preoperatorio": {"Onda P": {"valor": "", "unidad": "descriptivo", "referencia": "Presente y normal"}, "Onda Q": {"valor": "", "unidad": "descriptivo", "referencia": "Pequeña o ausente"}, "Onda T": {"valor": "", "unidad": "descriptivo", "referencia": "Positiva en derivaciones normales"}}}', 203),
	(81, '{"Pruebas de función pulmonar": {"CVF": {"valor": "", "unidad": "L", "referencia": "≈4"}, "VEF1": {"valor": "", "unidad": "L", "referencia": "≈3"}, "Relación VEF1/CVF": {"valor": "", "unidad": "%", "referencia": "≥70"}}}', 204),
	(82, '{"Biopsia ósea": {"Observaciones": {"valor": "", "unidad": "descriptivo", "referencia": ""}, "Tipo de tejido": {"valor": "", "unidad": "descriptivo", "referencia": "Normal / Patológico"}}}', 205),
	(83, '{"Monitoreo hemodinámico": {"Presión arterial": {"valor": "", "unidad": "mmHg", "referencia": "120/80"}, "Frecuencia cardíaca": {"valor": "", "unidad": "latidos/minuto", "referencia": "60–100"}}}', 207),
	(84, '{"Gasometría arterial": {"pH": {"valor": "", "unidad": "", "referencia": "7.35–7.45"}, "HCO3": {"valor": "", "unidad": "mEq/L", "referencia": "22–26"}, "PaO2": {"valor": "", "unidad": "mmHg", "referencia": "75–100"}, "PaCO2": {"valor": "", "unidad": "mmHg", "referencia": "35–45"}}}', 208),
	(85, '{"Electrocardiograma continuo": {"Onda P": {"valor": "", "unidad": "descriptivo", "referencia": "Presente y normal"}, "Onda Q": {"valor": "", "unidad": "descriptivo", "referencia": "Pequeña o ausente"}, "Onda T": {"valor": "", "unidad": "descriptivo", "referencia": "Positiva en derivaciones normales"}}}', 209),
	(86, '{"Laboratorio clínico completo": {"Hemograma": {"valor": "", "unidad": "x10³/µL", "referencia": "4.0–10.0"}, "Bioquímica": {"valor": "", "unidad": "mg/dL", "referencia": "Normal"}, "Coagulación": {"valor": "", "unidad": "segundos", "referencia": "Normal"}}}', 212),
	(87, '{"Monitoreo de presión intracraneal": {"Presión media": {"valor": "", "unidad": "mmHg", "referencia": "7–15"}, "Picos de presión": {"valor": "", "unidad": "mmHg", "referencia": "<20"}}}', 213),
	(88, '{"Monitoreo intraoperatorio": {"Presión arterial": {"valor": "", "unidad": "mmHg", "referencia": "120/80"}, "Frecuencia cardíaca": {"valor": "", "unidad": "latidos/minuto", "referencia": "60–100"}}}', 215),
	(90, '{"Monitoreo de oxigenación y ventilación": {"Saturación O2": {"valor": "", "unidad": "%", "referencia": "95–100"}, "Frecuencia respiratoria": {"valor": "", "unidad": "rpm", "referencia": "12–20"}}}', 217),
	(91, '{"Evaluación respiratoria preoperatoria": {"CVF": {"valor": "", "unidad": "L", "referencia": "≈4"}, "VEF1": {"valor": "", "unidad": "L", "referencia": "≈3"}, "Relación VEF1/CVF": {"valor": "", "unidad": "%", "referencia": "≥70"}}}', 218),
	(92, '{"Laboratorio preoperatorio": {"Hemograma": {"valor": "", "unidad": "x10³/µL", "referencia": "4.0–10.0"}, "Bioquímica": {"valor": "", "unidad": "mg/dL", "referencia": "Normal"}, "Coagulación": {"valor": "", "unidad": "segundos", "referencia": "Normal"}}}', 219),
	(93, '{"Monitorización neurológica": {"Ritmo EEG": {"valor": "", "unidad": "Hz", "referencia": "Normal"}, "Eventos paroxísticos": {"valor": "", "unidad": "descriptivo", "referencia": "Ausentes"}}}', 220),
	(94, '{"Electroencefalograma en pacientes críticos": {"Ritmo EEG": {"valor": "", "unidad": "Hz", "referencia": "Normal"}, "Eventos paroxísticos": {"valor": "", "unidad": "descriptivo", "referencia": "Ausentes"}}}', 221),
	(95, '{"Evaluación laboratorio neurocrítico": {"Hemograma": {"valor": "", "unidad": "x10³/µL", "referencia": "4.0–10.0"}, "Bioquímica": {"valor": "", "unidad": "mg/dL", "referencia": "Normal"}, "Coagulación": {"valor": "", "unidad": "segundos", "referencia": "Normal"}}}', 223),
	(96, '{"Monitoreo de presión intracraneal": {"Presión media": {"valor": "", "unidad": "mmHg", "referencia": "7–15"}, "Picos de presión": {"valor": "", "unidad": "mmHg", "referencia": "<20"}}}', 224),
	(97, '{"Gasometría arterial pre y post ejercicio": {"pH": {"valor": "", "unidad": "", "referencia": "7.35–7.45"}, "HCO3": {"valor": "", "unidad": "mEq/L", "referencia": "22–26"}, "PaO2": {"valor": "", "unidad": "mmHg", "referencia": "75–100"}, "PaCO2": {"valor": "", "unidad": "mmHg", "referencia": "35–45"}}}', 225),
	(98, '{"Monitoreo de signos vitales": {"Saturación O2": {"valor": "", "unidad": "%", "referencia": "95–100"}, "Presión arterial": {"valor": "", "unidad": "mmHg", "referencia": "120/80"}, "Frecuencia cardíaca": {"valor": "", "unidad": "latidos/minuto", "referencia": "60–100"}, "Frecuencia respiratoria": {"valor": "", "unidad": "rpm", "referencia": "12–20"}}}', 230),
	(99, '{"Laboratorio básico": {"Hemograma": {"valor": "", "unidad": "x10³/µL", "referencia": "4.0–10.0"}, "Bioquímica": {"valor": "", "unidad": "mg/dL", "referencia": "Normal"}, "Coagulación": {"valor": "", "unidad": "segundos", "referencia": "Normal"}}}', 231),
	(100, '{"Electrocardiograma": {"Onda P": {"valor": "", "unidad": "descriptivo", "referencia": "Presente y normal"}, "Onda Q": {"valor": "", "unidad": "descriptivo", "referencia": "Pequeña o ausente"}, "Onda T": {"valor": "", "unidad": "descriptivo", "referencia": "Positiva en derivaciones normales"}}}', 232),
	(101, '{"Evaluación nutricional": {"IMC": {"valor": "", "unidad": "kg/m²", "referencia": "Normal"}, "Peso": {"valor": "", "unidad": "kg", "referencia": "Segun percentil"}, "Talla": {"valor": "", "unidad": "cm", "referencia": "Segun percentil"}, "Perímetro cefálico": {"valor": "", "unidad": "cm", "referencia": "Segun percentil"}}}', 235),
	(102, '{"Coagulación (TP, TTPA, INR, Fibrinógeno)": {"TP": {"valor": "", "unidad": "segundos", "referencia": "11–15"}, "INR": {"valor": "", "unidad": "", "referencia": "0.8–1.2"}, "TTPA": {"valor": "", "unidad": "segundos", "referencia": "25–35"}, "Fibrinógeno": {"valor": "", "unidad": "mg/dL", "referencia": "200–400"}}}', 236),
	(103, '{"Perfil tiroideo neonatal": {"TSH": {"valor": "", "unidad": "µIU/mL", "referencia": "0.7–15"}, "T4 libre": {"valor": "", "unidad": "µg/dL", "referencia": "0.8–2.0"}}}', 241),
	(104, '{"Pruebas hematológicas": {"VSG": {"valor": "", "unidad": "mm/h", "referencia": "0–20"}, "Hemograma": {"valor": "", "unidad": "x10³/µL", "referencia": "4.0–10.0"}, "Plaquetas": {"valor": "", "unidad": "x10³/µL", "referencia": "150–450"}}}', 245),
	(105, '{"Pruebas de coagulación": {"TP": {"valor": "", "unidad": "segundos", "referencia": "11–15"}, "INR": {"valor": "", "unidad": "", "referencia": "0.8–1.2"}, "TTPA": {"valor": "", "unidad": "segundos", "referencia": "25–35"}}}', 251),
	(106, '{"Estudio de perfusión tisular": {"Saturación O2": {"valor": "", "unidad": "%", "referencia": "95–100"}, "Presión arterial": {"valor": "", "unidad": "mmHg", "referencia": "120/80"}}}', 255),
	(107, '{"Estudio de función respiratoria": {"CVF": {"valor": "", "unidad": "L", "referencia": "≈4"}, "VEF1": {"valor": "", "unidad": "L", "referencia": "≈3"}, "Relación VEF1/CVF": {"valor": "", "unidad": "%", "referencia": "≥70"}}}', 259),
	(108, '{"Electrocardiograma preoperatorio": {"Onda P": {"valor": "", "unidad": "descriptivo", "referencia": "Presente y normal"}, "Onda Q": {"valor": "", "unidad": "descriptivo", "referencia": "Pequeña o ausente"}, "Onda T": {"valor": "", "unidad": "descriptivo", "referencia": "Positiva en derivaciones normales"}}}', 263),
	(109, '{"Pruebas de función pulmonar": {"CVF": {"valor": "", "unidad": "L", "referencia": "≈4"}, "VEF1": {"valor": "", "unidad": "L", "referencia": "≈3"}, "Relación VEF1/CVF": {"valor": "", "unidad": "%", "referencia": "≥70"}}}', 264),
	(110, '{"Biopsia ósea": {"Observaciones": {"valor": "", "unidad": "descriptivo", "referencia": ""}, "Tipo de tejido": {"valor": "", "unidad": "descriptivo", "referencia": "Normal / Patológico"}}}', 265),
	(111, '{"Monitoreo hemodinámico": {"Presión arterial": {"valor": "", "unidad": "mmHg", "referencia": "120/80"}, "Frecuencia cardíaca": {"valor": "", "unidad": "latidos/minuto", "referencia": "60–100"}}}', 267),
	(112, '{"Gasometría capilar": {"pH": {"valor": "", "unidad": "", "referencia": "7.35–7.45"}, "HCO3": {"valor": "", "unidad": "mEq/L", "referencia": "22–26"}, "PaO2": {"valor": "", "unidad": "mmHg", "referencia": "75–100"}, "PaCO2": {"valor": "", "unidad": "mmHg", "referencia": "35–45"}}}', 268),
	(113, '{"Electrocardiograma continuo": {"Onda P": {"valor": "", "unidad": "descriptivo", "referencia": "Presente y normal"}, "Onda Q": {"valor": "", "unidad": "descriptivo", "referencia": "Pequeña o ausente"}, "Onda T": {"valor": "", "unidad": "descriptivo", "referencia": "Positiva en derivaciones normales"}}}', 269),
	(114, '{"Colesterol total": {"Valor": {"valor": "", "unidad": "mg/dL", "referencia": "<200"}}}', 272),
	(115, '{"Urea": {"Valor": {"valor": "", "unidad": "mg/dL", "referencia": "10–50"}}}', 273),
	(116, '{"Creatinina": {"Valor": {"valor": "", "unidad": "mg/dL", "referencia": "0.6–1.2"}}}', 274),
	(117, '{"Ionograma": {"Cloro": {"valor": "", "unidad": "mEq/L", "referencia": "98–107"}, "Sodio": {"valor": "", "unidad": "mEq/L", "referencia": "135–145"}, "Potasio": {"valor": "", "unidad": "mEq/L", "referencia": "3.5–5.0"}}}', 275),
	(118, '{"Ácido úrico": {"Valor": {"valor": "", "unidad": "mg/dL", "referencia": "3.5–7.2"}}}', 276),
	(119, '{"Hepatograma": {"FA": {"valor": "", "unidad": "U/L", "referencia": "50–150"}, "TGO": {"valor": "", "unidad": "U/L", "referencia": "5–40"}, "TGP": {"valor": "", "unidad": "U/L", "referencia": "5–40"}, "Bilirrubina total": {"valor": "", "unidad": "mg/dL", "referencia": "0.3–1.2"}}}', 277),
	(120, '{"Eritrosedimentación (VSG)": {"Valor": {"valor": "", "unidad": "mm/h", "referencia": "0–20"}}}', 278),
	(121, '{"Proteína C Reactiva (PCR)": {"Valor": {"valor": "", "unidad": "mg/L", "referencia": "<5"}}}', 279),
	(122, '{"Insulinemia": {"Valor": {"valor": "", "unidad": "µU/mL", "referencia": "2–25"}}}', 280),
	(123, '{"Cortisol plasmático": {"Valor": {"valor": "", "unidad": "µg/dL", "referencia": "6–23"}}}', 281),
	(124, '{"Calcemia": {"Valor": {"valor": "", "unidad": "mg/dL", "referencia": "8.6–10.2"}}}', 282),
	(125, '{"Fosfatemia": {"Valor": {"valor": "", "unidad": "mg/dL", "referencia": "2.5–4.5"}}}', 283),
	(126, '{"Vitamina D": {"25(OH)D": {"valor": "", "unidad": "ng/mL", "referencia": "30–100"}}}', 284),
	(127, '{"Perfil hormonal masculino": {"LH": {"valor": "", "unidad": "mIU/mL", "referencia": "1.7–8.6"}, "FSH": {"valor": "", "unidad": "mIU/mL", "referencia": "1.5–12.4"}, "Testosterona total": {"valor": "", "unidad": "ng/dL", "referencia": "300–1000"}}}', 285),
	(128, '{"Hemocultivo": {"Resultado": {"valor": "", "unidad": "descriptivo", "referencia": "Negativo"}}}', 286),
	(129, '{"Urocultivo": {"Resultado": {"valor": "", "unidad": "descriptivo", "referencia": "Negativo"}}}', 287),
	(130, '{"Coprocultivo": {"Resultado": {"valor": "", "unidad": "descriptivo", "referencia": "Negativo"}}}', 288),
	(131, '{"Prueba ergométrica": {"Presión arterial": {"valor": "", "unidad": "mmHg", "referencia": "Segun protocolo"}, "Frecuencia cardíaca máxima": {"valor": "", "unidad": "latidos/minuto", "referencia": "Segun protocolo"}}}', 289),
	(132, '{"Ferritina sérica": {"Valor": {"valor": "", "unidad": "ng/mL", "referencia": "20–250"}}}', 290),
	(133, '{"Hierro sérico": {"Valor": {"valor": "", "unidad": "µg/dL", "referencia": "50–170"}}}', 291),
	(134, '{"Capacidad de fijación (CTFH)": {"Valor": {"valor": "", "unidad": "µg/dL", "referencia": "250–450"}}}', 292),
	(135, '{"Saturación de transferrina": {"Valor": {"valor": "", "unidad": "%", "referencia": "20–50"}}}', 293),
	(136, '{"Perfil férrico": {"Hierro": {"valor": "", "unidad": "µg/dL", "referencia": "50–170"}, "Ferritina": {"valor": "", "unidad": "ng/mL", "referencia": "20–250"}}}', 294),
	(137, '{"Coproparasitológico": {"Resultado": {"valor": "", "unidad": "descriptivo", "referencia": "Negativo"}}}', 295),
	(138, '{"Test de sangre oculta en materia fecal": {"Resultado": {"valor": "", "unidad": "descriptivo", "referencia": "Negativo"}}}', 296),
	(139, '{"Serología para celiaquía": {"Transglutaminasa IgA": {"valor": "", "unidad": "U/mL", "referencia": "<20"}}}', 297),
	(140, '{"Grupo sanguíneo": {"Resultado": {"valor": "", "unidad": "descriptivo", "referencia": "A/B/AB/O"}}}', 298),
	(141, '{"Factor Rh": {"Resultado": {"valor": "", "unidad": "descriptivo", "referencia": "Positivo/Negativo"}}}', 299),
	(142, '{"Bilirrubina neonatal": {"Total": {"valor": "", "unidad": "mg/dL", "referencia": "0.3–1.2"}}}', 300),
	(143, '{"Exudado nasal": {"Resultado": {"valor": "", "unidad": "descriptivo", "referencia": "Negativo"}}}', 301),
	(144, '{"Test rápido de estreptococo": {"Resultado": {"valor": "", "unidad": "descriptivo", "referencia": "Negativo"}}}', 302),
	(145, '{"Serología para hepatitis A (HAV)": {"IgG": {"valor": "", "unidad": "descriptivo", "referencia": "Negativo"}, "IgM": {"valor": "", "unidad": "descriptivo", "referencia": "Negativo"}}}', 303),
	(146, '{"Serología para hepatitis B (HBV)": {"HBsAg": {"valor": "", "unidad": "descriptivo", "referencia": "Negativo"}, "Anti-HBs": {"valor": "", "unidad": "descriptivo", "referencia": "Negativo"}}}', 304),
	(147, '{"Test rápido de VIH": {"Resultado": {"valor": "", "unidad": "descriptivo", "referencia": "Negativo"}}}', 305),
	(148, '{"Oximetría de pulso": {"Saturación O2": {"valor": "", "unidad": "%", "referencia": "95–100"}}}', 313),
	(149, '{"Audiometría": {"Umbral auditivo": {"valor": "", "unidad": "dB", "referencia": "0–20"}}}', 314),
	(150, '{"Evaluación del crecimiento y percentilos": {"Peso": {"valor": "", "unidad": "kg", "referencia": "Segun percentil"}, "Talla": {"valor": "", "unidad": "cm", "referencia": "Segun percentil"}, "Perímetro cefálico": {"valor": "", "unidad": "cm", "referencia": "Segun percentil"}}}', 315),
	(151, '{"Evaluación nutricional (IMC y curvas de crecimiento)": {"IMC": {"valor": "", "unidad": "kg/m²", "referencia": "Segun percentil"}, "Peso": {"valor": "", "unidad": "kg", "referencia": "Segun percentil"}, "Talla": {"valor": "", "unidad": "cm", "referencia": "Segun percentil"}}}', 316),
	(152, '{"Prueba del talón": {"Fenilalanina": {"valor": "", "unidad": "mg/dL", "referencia": "<4"}}}', 317),
	(153, '{"Coproantígeno para Giardia o rotavirus": {"Resultado": {"valor": "", "unidad": "descriptivo", "referencia": "Negativo"}}}', 318),
	(154, '{"Test de Mantoux (tuberculina)": {"Resultado": {"valor": "", "unidad": "mm", "referencia": "0–5: Negativo, 5–10: Posible, >10: Positivo"}}}', 319),
	(155, '{"Estudio de alergias (IgE total y específicas)": {"IgE total": {"valor": "", "unidad": "kU/L", "referencia": "0–100"}, "IgE específica": {"valor": "", "unidad": "kU/L", "referencia": "Depende del alérgeno"}}}', 321),
	(156, '{"Prolactina": {"Valor": {"valor": "", "unidad": "ng/mL", "referencia": "4–23"}}}', 322),
	(157, '{"FSH, LH, Estradiol (control ovárico y fertilidad)": {"LH": {"valor": "", "unidad": "mIU/mL", "referencia": "1.7–8.6"}, "FSH": {"valor": "", "unidad": "mIU/mL", "referencia": "1.5–12.4"}, "Estradiol": {"valor": "", "unidad": "pg/mL", "referencia": "20–400"}}}', 323),
	(158, '{"Progesterona": {"Valor": {"valor": "", "unidad": "ng/mL", "referencia": "0.2–25"}}}', 324),
	(159, '{"Testosterona total y libre": {"Libre": {"valor": "", "unidad": "ng/dL", "referencia": "5–25"}, "Total": {"valor": "", "unidad": "ng/dL", "referencia": "300–1000"}}}', 325),
	(160, '{"Test de VPH (Virus del Papiloma Humano)": {"Resultado": {"valor": "", "unidad": "descriptivo", "referencia": "Negativo / Positivo"}}}', 326),
	(161, '{"Exudado vaginal": {"Resultado": {"valor": "", "unidad": "descriptivo", "referencia": "Negativo"}}}', 327),
	(162, '{"Exudado endocervical": {"Resultado": {"valor": "", "unidad": "descriptivo", "referencia": "Negativo"}}}', 328),
	(163, '{"Serología para sífilis (VDRL, RPR)": {"RPR": {"valor": "", "unidad": "títulos", "referencia": "Negativo"}, "VDRL": {"valor": "", "unidad": "títulos", "referencia": "Negativo"}}}', 329),
	(164, '{"Serología para VIH": {"Resultado": {"valor": "", "unidad": "descriptivo", "referencia": "Negativo"}}}', 330),
	(165, '{"Toxoplasmosis (IgG, IgM)": {"IgG": {"valor": "", "unidad": "IU/mL", "referencia": "0–10"}, "IgM": {"valor": "", "unidad": "IU/mL", "referencia": "0–0.8"}}}', 331),
	(166, '{"Rubéola (IgG, IgM)": {"IgG": {"valor": "", "unidad": "IU/mL", "referencia": "10–35"}, "IgM": {"valor": "", "unidad": "IU/mL", "referencia": "<0.8"}}}', 332),
	(167, '{"Citomegalovirus": {"IgG": {"valor": "", "unidad": "IU/mL", "referencia": "0–6"}, "IgM": {"valor": "", "unidad": "IU/mL", "referencia": "<0.8"}}}', 333),
	(168, '{"Hepatitis A, B, C": {"HCV": {"valor": "", "unidad": "descriptivo", "referencia": "Negativo"}, "HBsAg": {"valor": "", "unidad": "descriptivo", "referencia": "Negativo"}, "HAV IgM": {"valor": "", "unidad": "descriptivo", "referencia": "Negativo"}}}', 334),
	(169, '{"Zinc sérico": {"Valor": {"valor": "", "unidad": "µg/dL", "referencia": "70–120"}}}', 347),
	(170, '{"ANA (anticuerpos antinucleares)": {"Resultado": {"valor": "", "unidad": "descriptivo", "referencia": "Negativo"}}}', 348),
	(171, '{"Complemento C3 y C4": {"C3": {"valor": "", "unidad": "mg/dL", "referencia": "90–180"}, "C4": {"valor": "", "unidad": "mg/dL", "referencia": "10–40"}}}', 349),
	(172, '{"Tinción de KOH": {"Resultado": {"valor": "", "unidad": "descriptivo", "referencia": "Negativo"}}}', 350),
	(173, '{"Tinción de Gram": {"Resultado": {"valor": "", "unidad": "descriptivo", "referencia": "Negativo"}}}', 351),
	(174, '{"Tinción de Ziehl-Neelsen": {"Resultado": {"valor": "", "unidad": "descriptivo", "referencia": "Negativo"}}}', 352),
	(175, '{"Test de Tzanck": {"Resultado": {"valor": "", "unidad": "descriptivo", "referencia": "Negativo"}}}', 353),
	(176, '{"PCR para HSV-1, HSV-2 y VZV": {"Resultado": {"valor": "", "unidad": "descriptivo", "referencia": "Negativo"}}}', 354),
	(177, '{"Serología para sífilis (VDRL, FTA-ABS)": {"Resultado": {"valor": "", "unidad": "descriptivo", "referencia": "Negativo"}}}', 355),
	(178, '{"Pruebas cutáneas": {"Resultado": {"valor": "", "unidad": "descriptivo", "referencia": "Negativo"}}}', 356),
	(179, '{"Anticuerpos anti-DNA": {"Resultado": {"valor": "", "unidad": "descriptivo", "referencia": "Negativo"}}}', 357),
	(180, '{"Anticuerpos anti-ENA": {"Resultado": {"valor": "", "unidad": "descriptivo", "referencia": "Negativo"}}}', 358),
	(181, '{"Anticuerpos anti-membrana basal (penfigoide)": {"Resultado": {"valor": "", "unidad": "descriptivo", "referencia": "Negativo"}}}', 359),
	(182, '{"Anticuerpos anti-desmogleína (pénfigo)": {"Resultado": {"valor": "", "unidad": "descriptivo", "referencia": "Negativo"}}}', 360),
	(183, '{"Biopsia de uña": {"Resultado": {"valor": "", "unidad": "descriptivo", "referencia": "Normal"}}}', 361),
	(184, '{"Biopsia de tejidos o masas": {"Resultado": {"valor": "", "unidad": "descriptivo", "referencia": "Normal"}}}', 362),
	(185, '{"Tiempo de sangría y coagulación": {"Sangría": {"valor": "", "unidad": "min", "referencia": "2–7"}, "Coagulación": {"valor": "", "unidad": "min", "referencia": "8–15"}}}', 363),
	(186, '{"Serología para hepatitis C (HCV)": {"Resultado": {"valor": "", "unidad": "descriptivo", "referencia": "Negativo"}}}', 364),
	(187, '{"Proteínas totales": {"Valor": {"valor": "", "unidad": "g/dL", "referencia": "6.0–8.0"}}}', 379),
	(188, '{"LDH (lactato deshidrogenasa)": {"Valor": {"valor": "", "unidad": "U/L", "referencia": "140–280"}}}', 380),
	(189, '{"CPK (creatinfosfoquinasa)": {"Valor": {"valor": "", "unidad": "U/L", "referencia": "20–200"}}}', 386),
	(190, '{"Plaquetas": {"Valor": {"valor": "", "unidad": "x10³/µL", "referencia": "150–450"}}}', 407),
	(191, '{"Recuento diferencial de glóbulos blancos": {"Monocitos": {"valor": "", "unidad": "%", "referencia": "2–8"}, "Basófilos": {"valor": "", "unidad": "%", "referencia": "0–1"}, "Linfocitos": {"valor": "", "unidad": "%", "referencia": "20–40"}, "Eosinófilos": {"valor": "", "unidad": "%", "referencia": "1–4"}, "Neutrófilos": {"valor": "", "unidad": "%", "referencia": "50–70"}}}', 408),
	(192, '{"Tiempo de protrombina (TP)": {"Valor": {"valor": "", "unidad": "segundos", "referencia": "11–13.5"}}}', 409),
	(193, '{"Coagulograma": {"TP": {"valor": "", "unidad": "segundos", "referencia": "11–13.5"}, "INR": {"valor": "", "unidad": "ratio", "referencia": "0.8–1.2"}, "TTPA": {"valor": "", "unidad": "segundos", "referencia": "25–35"}, "Fibrinógeno": {"valor": "", "unidad": "mg/dL", "referencia": "200–400"}}}', 410),
	(194, '{"Glucemia capilar": {"Valor": {"valor": "", "unidad": "mg/dL", "referencia": "70–110"}}}', 412),
	(195, '{"Glucemia plasmática": {"Valor": {"valor": "", "unidad": "mg/dL", "referencia": "70–110"}}}', 413),
	(196, '{"Magnesemia": {"Valor": {"valor": "", "unidad": "mg/dL", "referencia": "1.7–2.2"}}}', 414),
	(197, '{"Bilirrubinas total, directa e indirecta": {"Total": {"valor": "", "unidad": "mg/dL", "referencia": "0.3–1.2"}, "Directa": {"valor": "", "unidad": "mg/dL", "referencia": "0–0.3"}, "Indirecta": {"valor": "", "unidad": "mg/dL", "referencia": "0.2–0.9"}}}', 415),
	(198, '{"Transaminasa Glutámico Oxalacética (TGO)": {"Valor": {"valor": "", "unidad": "U/L", "referencia": "10–40"}}}', 416),
	(199, '{"Transaminasa Glutámico Pirúvica (TGP)": {"Valor": {"valor": "", "unidad": "U/L", "referencia": "7–56"}}}', 417),
	(200, '{"Tiempo de Tromboplastina Parcial Activado (TTPA)": {"Valor": {"valor": "", "unidad": "segundos", "referencia": "25–35"}}}', 418),
	(201, '{"Dosaje de lactato": {"Valor": {"valor": "", "unidad": "mmol/L", "referencia": "0.5–2.2"}}}', 419),
	(202, '{"Dosaje de amonio": {"Valor": {"valor": "", "unidad": "µmol/L", "referencia": "11–32"}}}', 420),
	(203, '{"Dosaje de calcio y fósforo sérico": {"Calcio": {"valor": "", "unidad": "mg/dL", "referencia": "8.5–10.5"}, "Fósforo": {"valor": "", "unidad": "mg/dL", "referencia": "2.5–4.5"}}}', 421),
	(204, '{"Coombs directo e indirecto": {"Directo": {"valor": "", "unidad": "descriptivo", "referencia": "Negativo"}, "Indirecto": {"valor": "", "unidad": "descriptivo", "referencia": "Negativo"}}}', 422),
	(205, '{"Dosaje de bilirrubina sérica": {"Valor": {"valor": "", "unidad": "mg/dL", "referencia": "0.3–1.2"}}}', 423),
	(206, '{"Poligrafía cardiorrespiratoria": {"Resultado": {"valor": "", "unidad": "descriptivo", "referencia": "Normal o con hallazgos"}}}', 426),
	(207, '{"Glucemia en ayunas": {"Valor": {"valor": "", "unidad": "mg/dL", "referencia": "70–110"}}}', 427),
	(208, '{"Bilirrubina": {"Valor": {"valor": "", "unidad": "mg/dL", "referencia": "0.3–1.2"}}}', 428),
	(209, '{"Albumina sérica": {"Valor": {"valor": "", "unidad": "g/dL", "referencia": "3.5–5.0"}}}', 429),
	(210, '{"Chagas (Trypanosoma cruzi)": {"Resultado": {"valor": "", "unidad": "descriptivo", "referencia": "Negativo"}}}', 430),
	(211, '{"Elisa para HTLV I/II": {"Resultado": {"valor": "", "unidad": "descriptivo", "referencia": "Negativo"}}}', 431),
	(212, '{"Prueba de Papanicolaou con VPH reflex": {"Resultado": {"valor": "", "unidad": "descriptivo", "referencia": "Negativo"}}}', 432),
	(213, '{"Test de Torch (toxoplasmosis, rubéola, CMV, herpes)": {"CMV": {"valor": "", "unidad": "IU/mL", "referencia": "Negativo"}, "Herpes": {"valor": "", "unidad": "IU/mL", "referencia": "Negativo"}, "Rubéola": {"valor": "", "unidad": "IU/mL", "referencia": "Negativo"}, "Toxoplasmosis": {"valor": "", "unidad": "IU/mL", "referencia": "Negativo"}}}', 433),
	(214, '{"HDL (colesterol de alta densidad)": {"Valor": {"valor": "", "unidad": "mg/dL", "referencia": "40–60"}}}', 436),
	(215, '{"LDL (colesterol de baja densidad)": {"Valor": {"valor": "", "unidad": "mg/dL", "referencia": "<100"}}}', 437),
	(216, '{"Triglicéridos": {"Valor": {"valor": "", "unidad": "mg/dL", "referencia": "<150"}}}', 438),
	(217, '{"Curva de insulina": {"Valor": {"valor": "", "unidad": "µU/mL", "referencia": "Depende del tiempo"}}}', 439),
	(218, '{"Examen en fresco": {"Resultado": {"valor": "", "unidad": "descriptivo", "referencia": "Normal"}}}', 440),
	(219, '{"Cultivo para Chlamydia trachomatis y Neisseria gonorrhoeae": {"Resultado": {"valor": "", "unidad": "descriptivo", "referencia": "Negativo"}}}', 441),
	(220, '{"Serologías para ITS": {"Resultado": {"valor": "", "unidad": "descriptivo", "referencia": "Negativo"}}}', 442),
	(221, '{"Medición de pH vaginal": {"Valor": {"valor": "", "unidad": "pH", "referencia": "3.8–4.5"}}}', 445),
	(222, '{"Inmunohistoquímica (IHQ)": {"Resultado": {"valor": "", "unidad": "descriptivo", "referencia": "Normal"}}}', 446),
	(223, '{"DHEA-S (dehidroepiandrosterona sulfato)": {"Valor": {"valor": "", "unidad": "µg/dL", "referencia": "35–430"}}}', 447),
	(224, '{"17-OH progesterona (17-hidroxiprogesterona)": {"Valor": {"valor": "", "unidad": "ng/mL", "referencia": "0.2–2.0"}}}', 448),
	(225, '{"Glucosa basal": {"Valor": {"valor": "", "unidad": "mg/dL", "referencia": "70–110"}}}', 449),
	(226, '{"Biotina sérica": {"Valor": {"valor": "", "unidad": "ng/mL", "referencia": "0.3–0.8"}}}', 450),
	(227, '{"Cultivo de lesiones cutáneas o abscesos": {"Resultado": {"valor": "", "unidad": "descriptivo", "referencia": "Negativo"}}}', 451),
	(228, '{"Cultivo micológico": {"Resultado": {"valor": "", "unidad": "descriptivo", "referencia": "Negativo"}}}', 452),
	(229, '{"Examen directo con KOH": {"Resultado": {"valor": "", "unidad": "descriptivo", "referencia": "Negativo"}}}', 453),
	(230, '{"Bacteriología de acné (Cutibacterium acnes)": {"Resultado": {"valor": "", "unidad": "descriptivo", "referencia": "Negativo"}}}', 454),
	(231, '{"Tricoscopía": {"Resultado": {"valor": "", "unidad": "descriptivo", "referencia": "Normal"}}}', 458),
	(232, '{"Sebometría": {"Valor": {"valor": "", "unidad": "µg/cm²", "referencia": "Normal"}}}', 459),
	(233, '{"Corneometría": {"Valor": {"valor": "", "unidad": "AU", "referencia": "Normal"}}}', 460),
	(234, '{"Elastometría cutánea": {"Resultado": {"valor": "", "unidad": "descriptivo", "referencia": "Normal"}}}', 461),
	(235, '{"Medición de pH cutáneo": {"Valor": {"valor": "", "unidad": "pH", "referencia": "4.5–5.5"}}}', 462),
	(236, '{"Antibiograma": {"Resultado": {"valor": "", "unidad": "descriptivo", "referencia": "Normal"}}}', 463),
	(237, '{"Troponina I y T": {"Troponina I": {"valor": "", "unidad": "ng/mL", "referencia": "<0.04"}, "Troponina T": {"valor": "", "unidad": "ng/mL", "referencia": "<0.01"}}}', 466),
	(238, '{"CK total y CK-MB": {"CK-MB": {"valor": "", "unidad": "ng/mL", "referencia": "<5"}, "CK total": {"valor": "", "unidad": "U/L", "referencia": "20–200"}}}', 467),
	(239, '{"Péptido natriurético tipo B": {"Valor": {"valor": "", "unidad": "pg/mL", "referencia": "<125"}}}', 468),
	(240, '{"Monitoreo ambulatorio de presión arterial (MAPA)": {"Resultado": {"valor": "", "unidad": "mmHg", "referencia": "Normal"}}}', 476),
	(241, '{"Prueba de la caminata de 6 minutos": {"Distancia": {"valor": "", "unidad": "m", "referencia": "Segun edad y sexo"}}}', 477),
	(242, '{"Electrofisiológico invasivo (EEF)": {"Resultado": {"valor": "", "unidad": "descriptivo", "referencia": "Normal o con hallazgos"}}}', 478),
	(243, '{"Evaluación de riesgo cardiovascular global": {"Resultado": {"valor": "", "unidad": "descriptivo", "referencia": "Bajo / Moderado / Alto"}}}', 479),
	(244, '{"Cateterismo cardíaco diagnóstico": {"Resultado": {"valor": "", "unidad": "descriptivo", "referencia": "Normal o con hallazgos"}}}', 480),
	(245, '{"Dosaje de inmunoglobulinas": {"IgA": {"valor": "", "unidad": "g/L", "referencia": "0.7–4"}, "IgG": {"valor": "", "unidad": "g/L", "referencia": "7–16"}, "IgM": {"valor": "", "unidad": "g/L", "referencia": "0.4–2.3"}}}', 481),
	(246, '{"Eosinófilos séricos": {"Valor": {"valor": "", "unidad": "%", "referencia": "1–4"}}}', 482),
	(247, '{"D-dímero": {"Valor": {"valor": "", "unidad": "µg/mL", "referencia": "<0.5"}}}', 483),
	(248, '{"Test de alfa-1 antitripsina (EPOC precoz)": {"Valor": {"valor": "", "unidad": "mg/dL", "referencia": "90–200"}}}', 484),
	(249, '{"Serología para Mycoplasma pneumoniae, Legionella, Chlamydia": {"Resultado": {"valor": "", "unidad": "descriptivo", "referencia": "Negativo"}}}', 485),
	(250, '{"Examen bacteriológico de esputo": {"Resultado": {"valor": "", "unidad": "descriptivo", "referencia": "Negativo"}}}', 486),
	(251, '{"Espirometría con prueba broncodilatadora": {"Resultado": {"valor": "", "unidad": "L", "referencia": "Depende de edad y sexo"}}}', 488),
	(252, '{"Pletismografía corporal": {"Resultado": {"valor": "", "unidad": "L", "referencia": "Depende de edad y sexo"}}}', 489),
	(253, '{"Difusión de monóxido de carbono (DLCO)": {"Resultado": {"valor": "", "unidad": "mL/min/mmHg", "referencia": "Depende de edad y sexo"}}}', 490),
	(254, '{"Prueba de esfuerzo cardiopulmonar (ergometría respiratoria)": {"Resultado": {"valor": "", "unidad": "descriptivo", "referencia": "Normal o con hallazgos"}}}', 491),
	(255, '{"Medición de picos de flujo espiratorio (peak flow)": {"Resultado": {"valor": "", "unidad": "L/min", "referencia": "Depende de edad y sexo"}}}', 492),
	(256, '{"Test de provocación bronquial (metacolina o ejercicio)": {"Resultado": {"valor": "", "unidad": "descriptivo", "referencia": "Negativo o Positivo"}}}', 493),
	(257, '{"Baciloscopía para Mycobacterium tuberculosis": {"Resultado": {"valor": "", "unidad": "descriptivo", "referencia": "Negativo"}}}', 494),
	(258, '{"Lavado broncoalveolar (LBA)": {"Resultado": {"valor": "", "unidad": "descriptivo", "referencia": "Normal"}}}', 495),
	(259, '{"Estudio citológico de líquido pleural": {"Resultado": {"valor": "", "unidad": "descriptivo", "referencia": "Normal"}}}', 496),
	(260, '{"Biopsia pulmonar": {"Resultado": {"valor": "", "unidad": "descriptivo", "referencia": "Normal"}}}', 497),
	(261, '{"Broncoscopía con biopsia transbronquial": {"Resultado": {"valor": "", "unidad": "descriptivo", "referencia": "Normal"}}}', 498),
	(262, '{"Toracocentesis diagnóstica": {"Resultado": {"valor": "", "unidad": "descriptivo", "referencia": "Normal"}}}', 499),
	(263, '{"Toracoscopía médica": {"Resultado": {"valor": "", "unidad": "descriptivo", "referencia": "Normal"}}}', 500),
	(264, '{"Tiroglobulina sérica": {"Valor": {"valor": "", "unidad": "ng/mL", "referencia": "0–55"}}}', 501),
	(265, '{"ACTH (hormona adrenocorticotrópica)": {"Valor": {"valor": "", "unidad": "pg/mL", "referencia": "10–60"}}}', 502),
	(266, '{"Aldosterona plasmática": {"Valor": {"valor": "", "unidad": "ng/dL", "referencia": "4–31"}}}', 503),
	(267, '{"Renina plasmática": {"Valor": {"valor": "", "unidad": "ng/mL/h", "referencia": "0.65–5.0"}}}', 504),
	(268, '{"Test de supresión con dexametasona": {"Resultado": {"valor": "", "unidad": "descriptivo", "referencia": "Normal"}}}', 505),
	(269, '{"GH (hormona del crecimiento)": {"Valor": {"valor": "", "unidad": "ng/mL", "referencia": "<10"}}}', 506),
	(270, '{"IGF-1 (factor de crecimiento tipo insulina 1)": {"Valor": {"valor": "", "unidad": "ng/mL", "referencia": "Depende de edad y sexo"}}}', 507),
	(271, '{"C-peptido": {"Valor": {"valor": "", "unidad": "ng/mL", "referencia": "0.5–2.0"}}}', 508),
	(272, '{"AMH (hormona antimülleriana)": {"Valor": {"valor": "", "unidad": "ng/mL", "referencia": "1–7"}}}', 509),
	(273, '{"SHBG (globulina fijadora de hormonas sexuales)": {"Valor": {"valor": "", "unidad": "nmol/L", "referencia": "18–144"}}}', 510),
	(274, '{"PTH (parathormona)": {"Valor": {"valor": "", "unidad": "pg/mL", "referencia": "10–65"}}}', 511),
	(275, '{"Test de tolerancia a la insulina": {"Resultado": {"valor": "", "unidad": "descriptivo", "referencia": "Normal"}}}', 516),
	(276, '{"Cultivo de oído (otorrea)": {"Resultado": {"valor": "", "unidad": "descriptivo", "referencia": "Negativo"}}}', 517),
	(277, '{"Estudio de Sensibilidad Antibiótica (Antibiograma)": {"Resultado": {"valor": "", "unidad": "descriptivo", "referencia": "Normal"}}}', 518),
	(278, '{"Inmunoglobulinas (IgE total y específicas)": {"IgE total": {"valor": "", "unidad": "IU/mL", "referencia": "0–100"}}}', 519),
	(279, '{"Pruebas alérgicas séricas": {"Resultado": {"valor": "", "unidad": "descriptivo", "referencia": "Negativo"}}}', 520),
	(280, '{"Serología para Epstein-Barr, citomegalovirus": {"CMV": {"valor": "", "unidad": "descriptivo", "referencia": "Negativo"}, "EBV": {"valor": "", "unidad": "descriptivo", "referencia": "Negativo"}}}', 521),
	(281, '{"Creatinina sérica": {"Valor": {"valor": "", "unidad": "mg/dL", "referencia": "0.7–1.3"}}}', 529),
	(282, '{"PSA Total y Libre (Antígeno Prostático Específico)": {"Libre": {"valor": "", "unidad": "ng/mL", "referencia": "0–1"}, "Total": {"valor": "", "unidad": "ng/mL", "referencia": "0–4"}}}', 530),
	(283, '{"Fosfatasa Ácida Prostática (PAP)": {"Valor": {"valor": "", "unidad": "U/L", "referencia": "0–6"}}}', 531),
	(284, '{"Cortisol urinario en 24 horas": {"Valor": {"valor": "", "unidad": "µg/dL", "referencia": "10–100"}}}', 532),
	(285, '{"Proteinuria en orina de 24 horas": {"Valor": {"valor": "", "unidad": "mg/24h", "referencia": "<150"}}}', 533),
	(286, '{"Microalbuminuria": {"Valor": {"valor": "", "unidad": "mg/24h", "referencia": "<30"}}}', 534),
	(287, '{"Calcio y fósforo en orina de 24 horas (litiasis renal)": {"Calcio": {"valor": "", "unidad": "mg/24h", "referencia": "100–300"}, "Fósforo": {"valor": "", "unidad": "mg/24h", "referencia": "400–1300"}}}', 535),
	(288, '{"Anti-Sm (Smith)": {"Resultado": {"valor": "", "unidad": "descriptivo", "referencia": "Negativo"}}}', 541),
	(289, '{"Anti-Ro (SSA) y Anti-La (SSB)": {"Anti-La": {"valor": "", "unidad": "descriptivo", "referencia": "Negativo"}, "Anti-Ro": {"valor": "", "unidad": "descriptivo", "referencia": "Negativo"}}}', 542),
	(290, '{"Anti-RNP": {"Resultado": {"valor": "", "unidad": "descriptivo", "referencia": "Negativo"}}}', 543),
	(291, '{"Anti-Scl-70 (Topoisomerasa I)": {"Resultado": {"valor": "", "unidad": "descriptivo", "referencia": "Negativo"}}}', 544),
	(292, '{"Anti-centromero": {"Resultado": {"valor": "", "unidad": "descriptivo", "referencia": "Negativo"}}}', 545),
	(293, '{"Anti-Jo1 (miopatías inflamatorias)": {"Resultado": {"valor": "", "unidad": "descriptivo", "referencia": "Negativo"}}}', 546),
	(294, '{"ANCA (anticuerpos anticitoplasma de neutrófilo)": {"Resultado": {"valor": "", "unidad": "descriptivo", "referencia": "Negativo"}}}', 547),
	(295, '{"FR (factor reumatoideo)": {"Valor": {"valor": "", "unidad": "IU/mL", "referencia": "<20"}}}', 548),
	(296, '{"Anti-CCP (anticuerpos antipéptido citrulinado cíclico)": {"Valor": {"valor": "", "unidad": "U/mL", "referencia": "<20"}}}', 549),
	(297, '{"Crioglobulinas séricas": {"Resultado": {"valor": "", "unidad": "descriptivo", "referencia": "Negativo"}}}', 550),
	(298, '{"Anticuerpos antifosfolípidos (aPL)": {"Resultado": {"valor": "", "unidad": "descriptivo", "referencia": "Negativo"}}}', 551),
	(299, '{"Fosfatasa Alcalina (FA)": {"Valor": {"valor": "", "unidad": "U/L", "referencia": "40–129"}}}', 556),
	(300, '{"Gamma-glutamiltransferasa (GGT)": {"Valor": {"valor": "", "unidad": "U/L", "referencia": "9–48"}}}', 557),
	(301, '{"Amilasa y lipasa sérica": {"Lipasa": {"valor": "", "unidad": "U/L", "referencia": "0–160"}, "Amilasa": {"valor": "", "unidad": "U/L", "referencia": "23–85"}}}', 558),
	(302, '{"Vitamina B12 y ácido fólico": {"Vitamina B12": {"valor": "", "unidad": "pg/mL", "referencia": "200–900"}, "Ácido fólico": {"valor": "", "unidad": "ng/mL", "referencia": "2–20"}}}', 559),
	(303, '{"Ecografía hepática y biliar": {"Resultado": {"valor": "", "unidad": "descriptivo", "referencia": "Normal"}}}', 560),
	(304, '{"Ácido láctico y pirúvico": {"Láctico": {"valor": "", "unidad": "mg/dL", "referencia": "4.5–19.8"}, "Pirúvico": {"valor": "", "unidad": "mg/dL", "referencia": "0.3–1.0"}}}', 561),
	(305, '{"Anticuerpos anti-acetilcolina (Miastenia Gravis)": {"Resultado": {"valor": "", "unidad": "descriptivo", "referencia": "Negativo"}}}', 562),
	(306, '{"Anticuerpos anti-MuSK": {"Resultado": {"valor": "", "unidad": "descriptivo", "referencia": "Negativo"}}}', 563),
	(307, '{"Anticuerpos anti-NMDA": {"Resultado": {"valor": "", "unidad": "descriptivo", "referencia": "Negativo"}}}', 564),
	(308, '{"Anticuerpos anti-AMPA": {"Resultado": {"valor": "", "unidad": "descriptivo", "referencia": "Negativo"}}}', 565),
	(309, '{"Anticuerpos anti-GABA": {"Resultado": {"valor": "", "unidad": "descriptivo", "referencia": "Negativo"}}}', 566),
	(310, '{"Anticuerpos anti-MOG": {"Resultado": {"valor": "", "unidad": "descriptivo", "referencia": "Negativo"}}}', 567),
	(311, '{"Anticuerpos anti-AQP4": {"Resultado": {"valor": "", "unidad": "descriptivo", "referencia": "Negativo"}}}', 568),
	(312, '{"Anticuerpos anti-GQ1b": {"Resultado": {"valor": "", "unidad": "descriptivo", "referencia": "Negativo"}}}', 569),
	(313, '{"Anticuerpos anti-GM1": {"Resultado": {"valor": "", "unidad": "descriptivo", "referencia": "Negativo"}}}', 570),
	(314, '{"EEG con privación de sueño": {"Resultado": {"valor": "", "unidad": "descriptivo", "referencia": "Normal"}}}', 573),
	(315, '{"Potenciales evocados auditivos (PEA)": {"Resultado": {"valor": "", "unidad": "descriptivo", "referencia": "Normal"}}}', 574),
	(316, '{"Potenciales evocados somatosensoriales (PESS)": {"Resultado": {"valor": "", "unidad": "descriptivo", "referencia": "Normal"}}}', 575),
	(317, '{"Potenciales evocados motores (PEM)": {"Resultado": {"valor": "", "unidad": "descriptivo", "referencia": "Normal"}}}', 576),
	(318, '{"Escala UPDRS (Parkinson)": {"Resultado": {"valor": "", "unidad": "puntos", "referencia": "0–199"}}}', 579),
	(319, '{"Biopsia cerebral": {"Resultado": {"valor": "", "unidad": "descriptivo", "referencia": "Normal"}}}', 584),
	(320, '{"Estudio genético (epilepsias, distrofias, ataxias hereditarias)": {"Resultado": {"valor": "", "unidad": "descriptivo", "referencia": "Normal"}}}', 585),
	(321, '{"Perfil hepático": {"FA": {"valor": "", "unidad": "U/L", "referencia": "40–129"}, "GGT": {"valor": "", "unidad": "U/L", "referencia": "9–48"}, "TGO": {"valor": "", "unidad": "U/L", "referencia": "10–40"}, "TGP": {"valor": "", "unidad": "U/L", "referencia": "7–56"}, "Albumina": {"valor": "", "unidad": "g/dL", "referencia": "3.5–5.0"}, "Bilirrubina": {"valor": "", "unidad": "mg/dL", "referencia": "0.3–1.2"}}}', 588),
	(322, '{"Capacidad vital forzada (CVF)": {"Resultado": {"valor": "", "unidad": "L", "referencia": "Depende de edad y sexo"}}}', 591),
	(323, '{"Volumen espiratorio forzado en el primer segundo (VEF1)": {"Resultado": {"valor": "", "unidad": "L", "referencia": "Depende de edad y sexo"}}}', 592),
	(324, '{"Oximetría basal y post-esfuerzo": {"Resultado": {"valor": "", "unidad": "%", "referencia": "95–100"}}}', 593),
	(325, '{"Test cardiopulmonar de ejercicio": {"Resultado": {"valor": "", "unidad": "descriptivo", "referencia": "Normal"}}}', 594),
	(326, '{"Mediastinoscopía diagnóstica": {"Resultado": {"valor": "", "unidad": "descriptivo", "referencia": "Normal"}}}', 597),
	(327, '{"Estudio micológico de oído": {"Resultado": {"valor": "", "unidad": "descriptivo", "referencia": "Negativo"}}}', 528);

-- Volcando estructura para tabla hospitalbd.hospital_personal_resultadoestudio
CREATE TABLE IF NOT EXISTS `hospital_personal_resultadoestudio` (
  `id` bigint NOT NULL AUTO_INCREMENT,
  `informe` longtext COLLATE utf8mb4_general_ci NOT NULL,
  `datos_especificos` json DEFAULT NULL,
  `archivo_pdf` varchar(100) COLLATE utf8mb4_general_ci DEFAULT NULL,
  `cargado_por_id` bigint NOT NULL,
  `turno_estudio_id` bigint NOT NULL,
  PRIMARY KEY (`id`),
  UNIQUE KEY `turno_estudio_id` (`turno_estudio_id`),
  KEY `hospital_personal_re_cargado_por_id_0942bff7_fk_controlUs` (`cargado_por_id`),
  CONSTRAINT `hospital_personal_re_cargado_por_id_0942bff7_fk_controlUs` FOREIGN KEY (`cargado_por_id`) REFERENCES `controlusuario_usuario` (`id`),
  CONSTRAINT `hospital_personal_re_turno_estudio_id_7530c068_fk_hospital_` FOREIGN KEY (`turno_estudio_id`) REFERENCES `hospital_personal_turnoestudio` (`id`)
) ENGINE=InnoDB AUTO_INCREMENT=2 DEFAULT CHARSET=utf8mb4 COLLATE=utf8mb4_general_ci;

-- Volcando datos para la tabla hospitalbd.hospital_personal_resultadoestudio: ~0 rows (aproximadamente)
INSERT INTO `hospital_personal_resultadoestudio` (`id`, `informe`, `datos_especificos`, `archivo_pdf`, `cargado_por_id`, `turno_estudio_id`) VALUES
	(1, 'El paciente esta en la ruina . se muere mañana perrro', '{"HCM": {"valor": "27", "unidad": "pg", "referencia": "27–33"}, "PCT": {"valor": "0.19", "unidad": "%", "referencia": "0.19–0.39"}, "PDW": {"valor": "10", "unidad": "%", "referencia": "10–17"}, "RDW": {"valor": "12", "unidad": "%", "referencia": "11.5–14.5"}, "VCM": {"valor": "80", "unidad": "fL", "referencia": "80–100"}, "VPM": {"valor": "8", "unidad": "fL", "referencia": "7.5–11.5"}, "CHCM": {"valor": "32", "unidad": "g/dL", "referencia": "32–36"}, "Monocitos": {"valor": "2", "unidad": "%", "referencia": "2–8"}, "Plaquetas": {"valor": "150", "unidad": "x10³/µL", "referencia": "150–450"}, "Basófilos": {"valor": "1", "unidad": "%", "referencia": "0–1"}, "Linfocitos": {"valor": "21", "unidad": "%", "referencia": "20–40"}, "Eritrocitos": {"valor": "5", "unidad": "x10⁶/µL", "referencia": "♂ 4.5–5.9 / ♀ 4.0–5.2"}, "Hematocrito": {"valor": "42", "unidad": "%", "referencia": "♂ 41–53 / ♀ 36–46"}, "Hemoglobina": {"valor": "14", "unidad": "g/dL", "referencia": "♂ 13.5–17.5 / ♀ 12.0–16.0"}, "Eosinófilos": {"valor": "2", "unidad": "%", "referencia": "1–4"}, "Neutrófilos": {"valor": "52", "unidad": "%", "referencia": "50–70"}, "Leucocitos totales": {"valor": "5", "unidad": "x10³/µL", "referencia": "4.0–10.0"}, "Monocitos absolutos": {"valor": "1", "unidad": "x10³/µL", "referencia": "0.2–1.0"}, "Basófilos absolutos": {"valor": "0.1", "unidad": "x10³/µL", "referencia": "0.00–0.1"}, "Linfocitos absolutos": {"valor": "2", "unidad": "x10³/µL", "referencia": "1.0–3.5"}, "Eosinófilos absolutos": {"valor": "0.5", "unidad": "x10³/µL", "referencia": "0.05–0.5"}, "Neutrófilos absolutos": {"valor": "3", "unidad": "x10³/µL", "referencia": "2.0–7.0"}}', 'resultados/resultado_estudio_1.pdf', 10, 1);

-- Volcando estructura para tabla hospitalbd.hospital_personal_resultadoestudio_imagenes
CREATE TABLE IF NOT EXISTS `hospital_personal_resultadoestudio_imagenes` (
  `id` bigint NOT NULL AUTO_INCREMENT,
  `resultadoestudio_id` bigint NOT NULL,
  `resultadoimagen_id` bigint NOT NULL,
  PRIMARY KEY (`id`),
  UNIQUE KEY `hospital_personal_result_resultadoestudio_id_resu_9e18dfbe_uniq` (`resultadoestudio_id`,`resultadoimagen_id`),
  KEY `hospital_personal_re_resultadoimagen_id_d4ac8bb0_fk_hospital_` (`resultadoimagen_id`),
  CONSTRAINT `hospital_personal_re_resultadoestudio_id_374b3dab_fk_hospital_` FOREIGN KEY (`resultadoestudio_id`) REFERENCES `hospital_personal_resultadoestudio` (`id`),
  CONSTRAINT `hospital_personal_re_resultadoimagen_id_d4ac8bb0_fk_hospital_` FOREIGN KEY (`resultadoimagen_id`) REFERENCES `hospital_personal_resultadoimagen` (`id`)
) ENGINE=InnoDB DEFAULT CHARSET=utf8mb4 COLLATE=utf8mb4_general_ci;

-- Volcando datos para la tabla hospitalbd.hospital_personal_resultadoestudio_imagenes: ~0 rows (aproximadamente)

-- Volcando estructura para tabla hospitalbd.hospital_personal_resultadoimagen
CREATE TABLE IF NOT EXISTS `hospital_personal_resultadoimagen` (
  `id` bigint NOT NULL AUTO_INCREMENT,
  `imagen` varchar(100) COLLATE utf8mb4_general_ci NOT NULL,
  `fecha_carga` datetime(6) NOT NULL,
  PRIMARY KEY (`id`)
) ENGINE=InnoDB DEFAULT CHARSET=utf8mb4 COLLATE=utf8mb4_general_ci;

-- Volcando datos para la tabla hospitalbd.hospital_personal_resultadoimagen: ~0 rows (aproximadamente)

-- Volcando estructura para tabla hospitalbd.hospital_personal_serviciodiagnostico
CREATE TABLE IF NOT EXISTS `hospital_personal_serviciodiagnostico` (
  `id` bigint NOT NULL AUTO_INCREMENT,
  `nombre_servicio` varchar(255) COLLATE utf8mb4_general_ci NOT NULL,
  `descripcion` longtext COLLATE utf8mb4_general_ci NOT NULL,
  `departamento_id` bigint NOT NULL,
  `capacidad_diaria` int unsigned DEFAULT NULL,
  PRIMARY KEY (`id`),
  KEY `hospital_personal_se_departamento_id_aee03b02_fk_hospital_` (`departamento_id`),
  CONSTRAINT `hospital_personal_se_departamento_id_aee03b02_fk_hospital_` FOREIGN KEY (`departamento_id`) REFERENCES `hospital_personal_departamento` (`id`),
  CONSTRAINT `hospital_personal_serviciodiagnostico_chk_1` CHECK ((`capacidad_diaria` >= 0))
) ENGINE=InnoDB AUTO_INCREMENT=49 DEFAULT CHARSET=utf8mb4 COLLATE=utf8mb4_general_ci;

-- Volcando datos para la tabla hospitalbd.hospital_personal_serviciodiagnostico: ~43 rows (aproximadamente)
INSERT INTO `hospital_personal_serviciodiagnostico` (`id`, `nombre_servicio`, `descripcion`, `departamento_id`, `capacidad_diaria`) VALUES
	(1, 'Rayos X', 'Servicio encargado de realizar radiografías para diagnóstico de fracturas, hemorragias internas y otras condiciones.', 5, 50),
	(2, 'Ecografía de Emergencia', 'Servicio que realiza ecografías para detectar patologías abdominales, hemorrágicas y otras urgencias médicas.', 1, 30),
	(4, 'Pruebas de Laboratorio Clínico', 'Servicio que realiza análisis de muestras biológicas (sangre, orina, etc.) para diagnóstico de diversas condiciones médicas.', 6, 100),
	(5, 'Electrocardiograma (ECG)', 'Servicio de diagnóstico que utiliza un electrocardiograma para estudiar la actividad eléctrica del corazón y detectar arritmias u otras enfermedades.', 12, 60),
	(6, 'Ecografía General', 'Servicio encargado de realizar ecografías abdominales, ginecológicas, musculoesqueléticas, entre otras, para diagnóstico no invasivo.', 5, 40),
	(7, 'Pruebas de Función Pulmonar', 'Servicio que evalúa la función de los pulmones y el sistema respiratorio, usado en neumología y enfermedades respiratorias.', 15, 25),
	(8, 'Endoscopia Digestiva', 'Servicio para examinar el tracto gastrointestinal mediante un endoscopio, útil en la diagnóstico de problemas gástricos y colonoscopia.', 22, 15),
	(9, 'Audiometría', 'Prueba de diagnóstico utilizada para evaluar la capacidad auditiva del paciente.', 26, 20),
	(10, 'Examen Visual', 'Exámenes oftalmológicos para evaluar la salud ocular, visión, y detectar enfermedades como cataratas o glaucoma.', 27, 30),
	(11, 'Pruebas de Alergia', 'Servicios de diagnóstico para identificar alergias a alimentos, medicamentos, sustancias ambientales, entre otros.', 28, 20),
	(12, 'Radiología Quirúrgica', 'Servicio de diagnóstico por imagen especializado para guiar intervenciones quirúrgicas y verificar lesiones antes y después de la cirugía.', 5, 10),
	(13, 'Tomografía Computarizada (TAC)', 'Servicio avanzado de diagnóstico por imagen que proporciona cortes transversales detallados de los órganos internos para planificar cirugías.', 5, 15),
	(14, 'Resonancia Magnética (RM)', 'Servicio de diagnóstico por imagen que utiliza campos magnéticos para crear imágenes detalladas de los órganos y tejidos internos.', 5, 10),
	(15, 'Monitoreo Cardíaco', 'Servicio de monitoreo continuo de la actividad cardíaca de los pacientes en estado crítico, como post-quirúrgicos o con afecciones graves.', 12, 20),
	(16, 'Oxigenoterapia', 'Servicio que proporciona oxígeno de manera terapéutica a pacientes que lo requieren debido a problemas respiratorios graves.', 15, 15),
	(17, 'Electroencefalograma (EEG)', 'Servicio para monitorear la actividad eléctrica del cerebro, utilizado en pacientes con trastornos neurológicos críticos.', 17, 10),
	(18, 'Radiología General', 'Servicio encargado de realizar radiografías para el diagnóstico de fracturas, enfermedades pulmonares, y otros trastornos.', 5, 50),
	(22, 'Mamografía', 'Servicio especializado en el diagnóstico temprano del cáncer de mama mediante imágenes radiográficas.', 5, 20),
	(23, 'Análisis de Sangre', 'Servicio que realiza análisis de sangre para diagnosticar una amplia variedad de condiciones médicas, desde infecciones hasta enfermedades crónicas.', 6, 120),
	(24, 'Análisis de Orina', 'Servicio para analizar muestras de orina y diagnosticar enfermedades del tracto urinario, riñones, entre otros.', 6, 100),
	(25, 'Pruebas de Biología Molecular', 'Servicio que realiza pruebas avanzadas para diagnosticar enfermedades infecciosas, genéticas y otras condiciones médicas mediante el análisis molecular.', 6, 15),
	(27, 'Biopsias Oncológicas', 'Servicio para realizar biopsias de tejidos sospechosos para el diagnóstico de cáncer.', 8, 10),
	(28, 'Radioterapia', 'Servicio especializado en la administración de radiación para el tratamiento de ciertos tipos de cáncer.', 8, 10),
	(29, 'Exámenes Neonatales', 'Servicio para realizar pruebas a los recién nacidos con el fin de detectar posibles problemas de salud, como cardiopatías, enfermedades metabólicas, entre otros.', 9, 25),
	(30, 'Ecografía Pediátrica', 'Servicio de diagnóstico por ultrasonido adaptado a niños, para el estudio de diversas condiciones pediátricas.', 9, 25),
	(31, 'Ecografía Ginecológica', 'Servicio de diagnóstico por imagen utilizado para el estudio de la salud reproductiva femenina, incluido el seguimiento del embarazo.', 10, 20),
	(32, 'Pruebas de Fertilidad', 'Servicio para realizar análisis y estudios relacionados con la fertilidad, tanto masculina como femenina.', 10, 15),
	(33, 'Dermatoscopia', 'Servicio que permite examinar la piel de manera más detallada, para detectar signos de cáncer o afecciones dérmicas.', 11, 20),
	(34, 'Pruebas de Alergia Dermatológica', 'Servicio que realiza pruebas para identificar reacciones alérgicas de la piel, como dermatitis alérgica, eccemas, entre otros.', 28, 15),
	(35, 'Laboratorio de Endocrinología', 'El Laboratorio de Endocrinología es un servicio especializado encargado del análisis de parámetros hormonales y metabólicos para el diagnóstico, seguimiento y control de enfermedades endocrinas.', 13, 30),
	(36, 'Laboratorio de Bacteriología', 'Es un examen microbiológico que busca detectar bacterias, hongos u otros microorganismos en la sangre. Se realiza cuando se sospecha de infecciones en la sangre (bacteriemia, septicemia).', 14, 25),
	(37, 'Área de Diagnóstico Funcional Cardiológico', 'Área destinada a la evaluación no invasiva del funcionamiento del sistema cardiovascular mediante estudios especializados. Estas evaluaciones permiten el diagnóstico, seguimiento y control de enfermedades cardíacas como arritmias, insuficiencia cardíaca, cardiopatías isquémicas e hipertensión arterial. El área cuenta con equipamiento especializado y personal capacitado para garantizar resultados confiables y atención segura al paciente.', 12, 20),
	(38, 'Laboratorio de Bioquímica Clínica', 'El Laboratorio de Bioquímica Clínica es un servicio especializado en el análisis de muestras biológicas (principalmente sangre, orina, líquido cefalorraquídeo, entre otros) con el objetivo de evaluar el funcionamiento de diferentes órganos y sistemas del cuerpo humano. Su función principal es apoyar el diagnóstico, seguimiento y prevención de enfermedades mediante pruebas químicas precisas y controladas.', 6, 50),
	(39, 'Laboratorio de Inmunología', 'El Laboratorio de Inmunología es un servicio especializado que se encarga del análisis y evaluación del sistema inmunológico mediante pruebas específicas que detectan y cuantifican componentes inmunitarios en muestras biológicas, principalmente sangre.', 6, 25),
	(40, 'Laboratorio de Banco de Sangre', 'El Laboratorio de Banco de Sangre es un servicio especializado que se encarga de la obtención, procesamiento, almacenamiento y distribución segura de sangre y sus componentes (glóbulos rojos, plasma, plaquetas) para transfusiones. Su objetivo principal es garantizar que la sangre transfundida sea compatible y segura para los pacientes que la requieren.', 30, 40),
	(41, 'Servicio de Ecocardiografía', 'El Servicio de Ecocardiografía es una unidad especializada dentro del Departamento de Cardiología que se dedica a la realización de estudios ecográficos del corazón mediante el uso de ultrasonido. Este servicio permite obtener imágenes en tiempo real de la estructura y función cardíaca sin necesidad de procedimientos invasivos ni radiación.', 12, 15),
	(42, 'Neumología', 'El servicio de diagnóstico en Neumología se centra en la identificación de enfermedades respiratorias a través de consultas clínicas, pruebas de función pulmonar, y estudios por imagen. Este servicio está diseñado para evaluar desde enfermedades agudas, como infecciones respiratorias, hasta trastornos respiratorios crónicos, como el asma y la EPOC.', 15, 20),
	(43, 'Laboratorio de Hormonas', 'El Laboratorio de Hormonas es una unidad especializada dentro del Departamento de Laboratorio Clínico de hospitales, clínicas o centros médicos, que se dedica a la realización de pruebas diagnósticas para medir los niveles de diversas hormonas en muestras biológicas, generalmente sangre. Las hormonas son mensajeros químicos que regulan una amplia variedad de funciones biológicas en el cuerpo, incluyendo el metabolismo, la reproducción, el crecimiento, y el bienestar general.', 6, 25),
	(44, 'Sala de Mamografía', 'Servicio especializado en el diagnóstico temprano del cáncer de mama mediante imágenes radiográficas.', 5, 20),
	(45, 'Anatomía Patológica', 'El Servicio de Anatomía Patológica es una unidad especializada dentro del sistema de salud que se dedica al estudio, diagnóstico y análisis de enfermedades a través del examen macroscópico y microscópico de tejidos, células y órganos. Este servicio es fundamental para el diagnóstico definitivo de diversas patologías, especialmente en el campo de la oncología, infecciones, enfermedades inflamatorias y degenerativas.', 20, 15),
	(46, 'Ginecología', 'El Servicio de Ginecología es una unidad clínica especializada en la atención integral de la salud del aparato reproductor femenino, desde la adolescencia hasta la edad avanzada. Su objetivo principal es prevenir, diagnosticar y tratar enfermedades ginecológicas, así como brindar atención quirúrgica y médica en los distintos trastornos que afectan a la mujer.', 10, 30),
	(47, 'Dermatología', 'El Servicio de Dermatología es la unidad especializada en el diagnóstico, tratamiento y prevención de las enfermedades que afectan la piel, el cabello, las uñas y las mucosas. Su objetivo es ofrecer una atención integral a pacientes de todas las edades, abordando tanto problemas médicos como estéticos relacionados con la salud cutánea.', 11, 20),
	(48, 'Neurología', 'El Servicio de Diagnóstico en Neurología es la unidad encargada de realizar, interpretar y apoyar con pruebas específicas el diagnóstico funcional y estructural de enfermedades del sistema nervioso central y periférico.\r\n\r\nSe apoya en técnicas neurofisiológicas, neuroimagenológicas y laboratoriales que permiten estudiar la actividad eléctrica, la conducción nerviosa, la estructura cerebral y otras funciones neurológicas.', 17, 15);

-- Volcando estructura para tabla hospitalbd.hospital_personal_serviciodiagnostico_lugar
CREATE TABLE IF NOT EXISTS `hospital_personal_serviciodiagnostico_lugar` (
  `id` bigint NOT NULL AUTO_INCREMENT,
  `serviciodiagnostico_id` bigint NOT NULL,
  `lugar_id` bigint NOT NULL,
  PRIMARY KEY (`id`),
  UNIQUE KEY `hospital_personal_servic_serviciodiagnostico_id_l_62eca530_uniq` (`serviciodiagnostico_id`,`lugar_id`),
  KEY `hospital_personal_se_lugar_id_69389de5_fk_hospital_` (`lugar_id`),
  CONSTRAINT `hospital_personal_se_lugar_id_69389de5_fk_hospital_` FOREIGN KEY (`lugar_id`) REFERENCES `hospital_personal_lugar` (`id`),
  CONSTRAINT `hospital_personal_se_serviciodiagnostico__0f875d40_fk_hospital_` FOREIGN KEY (`serviciodiagnostico_id`) REFERENCES `hospital_personal_serviciodiagnostico` (`id`)
) ENGINE=InnoDB AUTO_INCREMENT=75 DEFAULT CHARSET=utf8mb4 COLLATE=utf8mb4_general_ci;

-- Volcando datos para la tabla hospitalbd.hospital_personal_serviciodiagnostico_lugar: ~57 rows (aproximadamente)
INSERT INTO `hospital_personal_serviciodiagnostico_lugar` (`id`, `serviciodiagnostico_id`, `lugar_id`) VALUES
	(68, 1, 34),
	(69, 1, 35),
	(67, 1, 121),
	(2, 1, 122),
	(3, 2, 123),
	(5, 4, 125),
	(6, 4, 126),
	(70, 5, 63),
	(7, 5, 127),
	(71, 6, 169),
	(72, 6, 170),
	(10, 7, 66),
	(9, 7, 128),
	(12, 8, 72),
	(11, 8, 129),
	(13, 9, 130),
	(14, 10, 131),
	(15, 11, 132),
	(16, 12, 133),
	(17, 13, 134),
	(18, 14, 135),
	(19, 14, 136),
	(20, 15, 137),
	(21, 16, 138),
	(23, 17, 84),
	(22, 17, 139),
	(27, 18, 115),
	(28, 18, 116),
	(36, 22, 140),
	(73, 22, 166),
	(37, 23, 141),
	(38, 24, 142),
	(39, 25, 143),
	(41, 27, 145),
	(42, 28, 146),
	(43, 28, 147),
	(74, 29, 55),
	(45, 30, 149),
	(46, 31, 150),
	(47, 32, 151),
	(48, 33, 152),
	(52, 34, 153),
	(53, 35, 155),
	(54, 36, 156),
	(55, 37, 157),
	(56, 38, 158),
	(57, 39, 159),
	(58, 40, 160),
	(59, 41, 161),
	(60, 42, 162),
	(61, 43, 165),
	(62, 44, 166),
	(63, 45, 167),
	(64, 46, 54),
	(65, 47, 168),
	(66, 48, 114);

-- Volcando estructura para tabla hospitalbd.hospital_personal_turno
CREATE TABLE IF NOT EXISTS `hospital_personal_turno` (
  `id` bigint NOT NULL AUTO_INCREMENT,
  `fecha_creacion` datetime(6) NOT NULL,
  `fecha_turno` date NOT NULL,
  `horario_turno` varchar(10) COLLATE utf8mb4_general_ci NOT NULL,
  `estado` varchar(20) COLLATE utf8mb4_general_ci NOT NULL,
  `motivo` longtext COLLATE utf8mb4_general_ci NOT NULL,
  `asistio` tinyint(1) NOT NULL,
  `especialidad_id` bigint NOT NULL,
  `paciente_id` bigint NOT NULL,
  `profesional_id` bigint NOT NULL,
  `lugar_id` bigint DEFAULT NULL,
  PRIMARY KEY (`id`),
  KEY `hospital_personal_tu_especialidad_id_8f04877d_fk_hospital_` (`especialidad_id`),
  KEY `hospital_personal_tu_paciente_id_2db2a483_fk_hospital_` (`paciente_id`),
  KEY `hospital_personal_tu_profesional_id_d103668c_fk_controlUs` (`profesional_id`),
  KEY `hospital_personal_tu_lugar_id_0f1c23d7_fk_hospital_` (`lugar_id`),
  CONSTRAINT `hospital_personal_tu_especialidad_id_8f04877d_fk_hospital_` FOREIGN KEY (`especialidad_id`) REFERENCES `hospital_personal_especialidades` (`id`),
  CONSTRAINT `hospital_personal_tu_lugar_id_0f1c23d7_fk_hospital_` FOREIGN KEY (`lugar_id`) REFERENCES `hospital_personal_lugar` (`id`),
  CONSTRAINT `hospital_personal_tu_paciente_id_2db2a483_fk_hospital_` FOREIGN KEY (`paciente_id`) REFERENCES `hospital_pacientes_paciente` (`id`),
  CONSTRAINT `hospital_personal_tu_profesional_id_d103668c_fk_controlUs` FOREIGN KEY (`profesional_id`) REFERENCES `controlusuario_usuario` (`id`)
) ENGINE=InnoDB AUTO_INCREMENT=5 DEFAULT CHARSET=utf8mb4 COLLATE=utf8mb4_general_ci;

-- Volcando datos para la tabla hospitalbd.hospital_personal_turno: ~3 rows (aproximadamente)
INSERT INTO `hospital_personal_turno` (`id`, `fecha_creacion`, `fecha_turno`, `horario_turno`, `estado`, `motivo`, `asistio`, `especialidad_id`, `paciente_id`, `profesional_id`, `lugar_id`) VALUES
	(1, '2025-10-24 01:30:06.418645', '2025-12-22', 'tarde', 'pendiente', 'mE MUERO PERRO', 0, 3, 1, 7, 8),
	(2, '2025-11-28 04:27:05.479073', '2026-01-27', 'dia', 'pendiente', 'Je', 0, 3, 1, 4, 8),
	(3, '2025-10-25 20:30:19.139766', '2025-10-25', 'dia', 'atendido', 'AYUDa', 1, 3, 1, 2, 7),
	(4, '2025-11-28 03:53:25.753376', '2026-01-27', 'dia', 'pendiente', 'JAJAJAJ', 0, 3, 2, 2, 7);

-- Volcando estructura para tabla hospitalbd.hospital_personal_turnoestudio
CREATE TABLE IF NOT EXISTS `hospital_personal_turnoestudio` (
  `id` bigint NOT NULL AUTO_INCREMENT,
  `fecha_creacion` datetime(6) NOT NULL,
  `fecha_turno` date NOT NULL,
  `horario_turno` varchar(10) COLLATE utf8mb4_general_ci NOT NULL,
  `estado` varchar(20) COLLATE utf8mb4_general_ci NOT NULL,
  `asistio` tinyint(1) NOT NULL,
  `lugar_id` bigint NOT NULL,
  `orden_id` bigint NOT NULL,
  `servicio_diagnostico_id` bigint NOT NULL,
  PRIMARY KEY (`id`),
  UNIQUE KEY `orden_id` (`orden_id`),
  KEY `hospital_personal_tu_lugar_id_971898ab_fk_hospital_` (`lugar_id`),
  KEY `hospital_personal_tu_servicio_diagnostico_a0645368_fk_hospital_` (`servicio_diagnostico_id`),
  CONSTRAINT `hospital_personal_tu_lugar_id_971898ab_fk_hospital_` FOREIGN KEY (`lugar_id`) REFERENCES `hospital_personal_lugar` (`id`),
  CONSTRAINT `hospital_personal_tu_orden_id_dca8a0c5_fk_hospital_` FOREIGN KEY (`orden_id`) REFERENCES `hospital_personal_ordenestudio` (`id`),
  CONSTRAINT `hospital_personal_tu_servicio_diagnostico_a0645368_fk_hospital_` FOREIGN KEY (`servicio_diagnostico_id`) REFERENCES `hospital_personal_serviciodiagnostico` (`id`)
) ENGINE=InnoDB AUTO_INCREMENT=2 DEFAULT CHARSET=utf8mb4 COLLATE=utf8mb4_general_ci;

-- Volcando datos para la tabla hospitalbd.hospital_personal_turnoestudio: ~1 rows (aproximadamente)
INSERT INTO `hospital_personal_turnoestudio` (`id`, `fecha_creacion`, `fecha_turno`, `horario_turno`, `estado`, `asistio`, `lugar_id`, `orden_id`, `servicio_diagnostico_id`) VALUES
	(1, '2025-10-27 23:02:20.231418', '2025-11-26', 'dia', 'realizado', 1, 126, 1, 4);

-- Volcando estructura para tabla hospitalbd.hospital_personal_usuariolugartrabajoasignado
CREATE TABLE IF NOT EXISTS `hospital_personal_usuariolugartrabajoasignado` (
  `id` bigint NOT NULL AUTO_INCREMENT,
  `jornada_id` bigint NOT NULL,
  `lugar_id` bigint NOT NULL,
  `usuario_id` bigint NOT NULL,
  `rolProfesionalAsignado_id` bigint DEFAULT NULL,
  `estado` varchar(50) COLLATE utf8mb4_general_ci NOT NULL,
  PRIMARY KEY (`id`),
  UNIQUE KEY `unique_usuario_jornada` (`usuario_id`,`jornada_id`),
  KEY `hospital_personal_us_jornada_id_8bd044cf_fk_hospital_` (`jornada_id`),
  KEY `hospital_personal_us_lugar_id_f34e409c_fk_hospital_` (`lugar_id`),
  KEY `hospital_personal_us_rolProfesionalAsigna_8f572f0d_fk_hospital_` (`rolProfesionalAsignado_id`),
  CONSTRAINT `hospital_personal_us_jornada_id_8bd044cf_fk_hospital_` FOREIGN KEY (`jornada_id`) REFERENCES `hospital_personal_jorna_laboral` (`id`),
  CONSTRAINT `hospital_personal_us_lugar_id_f34e409c_fk_hospital_` FOREIGN KEY (`lugar_id`) REFERENCES `hospital_personal_lugar` (`id`),
  CONSTRAINT `hospital_personal_us_rolProfesionalAsigna_8f572f0d_fk_hospital_` FOREIGN KEY (`rolProfesionalAsignado_id`) REFERENCES `hospital_personal_usuariorolprofesionalasignado` (`id`),
  CONSTRAINT `hospital_personal_us_usuario_id_4619344a_fk_controlUs` FOREIGN KEY (`usuario_id`) REFERENCES `controlusuario_usuario` (`id`)
) ENGINE=InnoDB AUTO_INCREMENT=539 DEFAULT CHARSET=utf8mb4 COLLATE=utf8mb4_general_ci;

-- Volcando datos para la tabla hospitalbd.hospital_personal_usuariolugartrabajoasignado: ~531 rows (aproximadamente)
INSERT INTO `hospital_personal_usuariolugartrabajoasignado` (`id`, `jornada_id`, `lugar_id`, `usuario_id`, `rolProfesionalAsignado_id`, `estado`) VALUES
	(1, 1, 7, 2, 11, 'asignado'),
	(2, 2, 7, 2, 11, 'asignado'),
	(3, 3, 7, 2, 11, 'asignado'),
	(4, 4, 7, 2, 11, 'asignado'),
	(5, 5, 7, 2, 11, 'asignado'),
	(6, 1, 115, 3, 2, 'asignado'),
	(7, 2, 115, 3, 2, 'asignado'),
	(8, 3, 115, 3, 2, 'asignado'),
	(9, 6, 7, 2, 11, 'asignado'),
	(10, 1, 8, 4, 3, 'asignado'),
	(11, 2, 8, 4, 3, 'asignado'),
	(12, 3, 8, 4, 3, 'asignado'),
	(13, 4, 8, 4, 3, 'asignado'),
	(14, 5, 8, 4, 3, 'asignado'),
	(15, 6, 8, 4, 3, 'asignado'),
	(16, 1, 9, 5, 4, 'asignado'),
	(17, 2, 9, 5, 4, 'asignado'),
	(18, 3, 9, 5, 4, 'asignado'),
	(19, 4, 9, 5, 4, 'asignado'),
	(20, 5, 9, 5, 4, 'asignado'),
	(21, 6, 9, 5, 4, 'asignado'),
	(22, 8, 7, 6, 5, 'asignado'),
	(23, 9, 7, 6, 5, 'asignado'),
	(24, 10, 7, 6, 5, 'asignado'),
	(25, 11, 7, 6, 5, 'asignado'),
	(26, 12, 7, 6, 5, 'asignado'),
	(27, 13, 7, 6, 5, 'asignado'),
	(28, 8, 8, 7, 6, 'asignado'),
	(29, 9, 8, 7, 6, 'asignado'),
	(30, 10, 8, 7, 6, 'asignado'),
	(31, 11, 8, 7, 6, 'asignado'),
	(32, 12, 8, 7, 6, 'asignado'),
	(33, 13, 8, 7, 6, 'asignado'),
	(34, 8, 9, 8, 7, 'asignado'),
	(35, 9, 9, 8, 7, 'asignado'),
	(36, 10, 9, 8, 7, 'asignado'),
	(37, 11, 9, 8, 7, 'asignado'),
	(38, 12, 9, 8, 7, 'asignado'),
	(39, 13, 9, 8, 7, 'asignado'),
	(40, 1, 10, 9, 8, 'asignado'),
	(41, 2, 10, 9, 8, 'asignado'),
	(42, 3, 10, 9, 8, 'asignado'),
	(43, 4, 10, 9, 8, 'asignado'),
	(44, 5, 10, 9, 8, 'asignado'),
	(46, 1, 154, 10, 10, 'asignado'),
	(47, 2, 154, 10, 10, 'asignado'),
	(48, 3, 154, 10, 10, 'asignado'),
	(49, 4, 154, 10, 10, 'asignado'),
	(50, 5, 154, 10, 10, 'asignado'),
	(51, 1, 11, 11, 12, 'asignado'),
	(52, 2, 11, 11, 12, 'asignado'),
	(53, 3, 11, 11, 12, 'asignado'),
	(54, 4, 11, 11, 12, 'asignado'),
	(55, 5, 11, 11, 12, 'asignado'),
	(56, 1, 58, 12, 13, 'asignado'),
	(57, 2, 58, 12, 13, 'asignado'),
	(58, 3, 58, 12, 13, 'asignado'),
	(59, 4, 58, 12, 13, 'asignado'),
	(60, 5, 58, 12, 13, 'asignado'),
	(61, 1, 59, 13, 14, 'asignado'),
	(62, 2, 59, 13, 14, 'asignado'),
	(63, 3, 59, 13, 14, 'asignado'),
	(64, 4, 59, 13, 14, 'asignado'),
	(65, 5, 59, 13, 14, 'asignado'),
	(66, 8, 10, 14, 15, 'asignado'),
	(67, 9, 10, 14, 15, 'asignado'),
	(68, 10, 10, 14, 15, 'asignado'),
	(69, 11, 10, 14, 15, 'asignado'),
	(70, 12, 10, 14, 15, 'asignado'),
	(71, 8, 11, 15, 16, 'asignado'),
	(72, 9, 11, 15, 16, 'asignado'),
	(73, 10, 11, 15, 16, 'asignado'),
	(74, 11, 11, 15, 16, 'asignado'),
	(75, 12, 11, 15, 16, 'asignado'),
	(76, 8, 58, 16, 17, 'asignado'),
	(77, 9, 58, 16, 17, 'asignado'),
	(78, 10, 58, 16, 17, 'asignado'),
	(79, 11, 58, 16, 17, 'asignado'),
	(80, 12, 58, 16, 17, 'asignado'),
	(81, 8, 59, 17, 18, 'asignado'),
	(82, 9, 59, 17, 18, 'asignado'),
	(83, 10, 59, 17, 18, 'asignado'),
	(84, 11, 59, 17, 18, 'asignado'),
	(85, 12, 59, 17, 18, 'asignado'),
	(86, 1, 16, 18, 19, 'asignado'),
	(87, 2, 16, 18, 19, 'asignado'),
	(88, 3, 16, 18, 19, 'asignado'),
	(89, 4, 16, 18, 19, 'asignado'),
	(90, 5, 16, 18, 19, 'asignado'),
	(91, 1, 17, 19, 20, 'asignado'),
	(92, 2, 17, 19, 20, 'asignado'),
	(93, 3, 17, 19, 20, 'asignado'),
	(94, 4, 17, 19, 20, 'asignado'),
	(95, 5, 17, 19, 20, 'asignado'),
	(96, 1, 73, 20, 21, 'asignado'),
	(97, 2, 73, 20, 21, 'asignado'),
	(98, 3, 73, 20, 21, 'asignado'),
	(99, 4, 73, 20, 21, 'asignado'),
	(100, 5, 73, 20, 21, 'asignado'),
	(101, 1, 74, 21, 22, 'asignado'),
	(102, 2, 74, 21, 22, 'asignado'),
	(103, 3, 74, 21, 22, 'asignado'),
	(104, 4, 74, 21, 22, 'asignado'),
	(105, 5, 74, 21, 22, 'asignado'),
	(106, 8, 16, 22, 23, 'asignado'),
	(107, 9, 16, 22, 23, 'asignado'),
	(108, 10, 16, 22, 23, 'asignado'),
	(109, 11, 16, 22, 23, 'asignado'),
	(110, 12, 16, 22, 23, 'asignado'),
	(111, 8, 17, 23, 24, 'asignado'),
	(112, 9, 17, 23, 24, 'asignado'),
	(113, 10, 17, 23, 24, 'asignado'),
	(114, 11, 17, 23, 24, 'asignado'),
	(115, 12, 17, 23, 24, 'asignado'),
	(116, 8, 73, 24, 25, 'asignado'),
	(117, 9, 73, 24, 25, 'asignado'),
	(118, 10, 73, 24, 25, 'asignado'),
	(119, 11, 73, 24, 25, 'asignado'),
	(120, 12, 73, 24, 25, 'asignado'),
	(121, 8, 74, 25, 26, 'asignado'),
	(122, 9, 74, 25, 26, 'asignado'),
	(123, 10, 74, 25, 26, 'asignado'),
	(124, 11, 74, 25, 26, 'asignado'),
	(125, 12, 74, 25, 26, 'asignado'),
	(126, 1, 171, 26, 27, 'asignado'),
	(127, 2, 171, 26, 27, 'asignado'),
	(128, 3, 171, 26, 27, 'asignado'),
	(129, 4, 171, 26, 27, 'asignado'),
	(130, 5, 171, 26, 27, 'asignado'),
	(131, 1, 172, 27, 28, 'asignado'),
	(132, 2, 172, 27, 28, 'asignado'),
	(133, 3, 172, 27, 28, 'asignado'),
	(134, 4, 172, 27, 28, 'asignado'),
	(135, 5, 172, 27, 28, 'asignado'),
	(136, 8, 171, 28, 29, 'asignado'),
	(137, 9, 171, 28, 29, 'asignado'),
	(138, 10, 171, 28, 29, 'asignado'),
	(139, 11, 171, 28, 29, 'asignado'),
	(140, 12, 171, 28, 29, 'asignado'),
	(141, 8, 172, 29, 30, 'asignado'),
	(142, 9, 172, 29, 30, 'asignado'),
	(143, 10, 172, 29, 30, 'asignado'),
	(144, 11, 172, 29, 30, 'asignado'),
	(145, 12, 172, 29, 30, 'asignado'),
	(146, 1, 49, 30, 31, 'asignado'),
	(147, 2, 49, 30, 31, 'asignado'),
	(148, 3, 49, 30, 31, 'asignado'),
	(149, 4, 49, 30, 31, 'asignado'),
	(150, 5, 49, 30, 31, 'asignado'),
	(151, 1, 50, 31, 32, 'asignado'),
	(152, 2, 50, 31, 32, 'asignado'),
	(153, 3, 50, 31, 32, 'asignado'),
	(154, 4, 50, 31, 32, 'asignado'),
	(155, 5, 50, 31, 32, 'asignado'),
	(156, 8, 49, 32, 33, 'asignado'),
	(157, 9, 49, 32, 33, 'asignado'),
	(158, 10, 49, 32, 33, 'asignado'),
	(159, 11, 49, 32, 33, 'asignado'),
	(160, 12, 49, 32, 33, 'asignado'),
	(161, 8, 50, 33, 34, 'asignado'),
	(162, 9, 50, 33, 34, 'asignado'),
	(163, 10, 50, 33, 34, 'asignado'),
	(164, 11, 50, 33, 34, 'asignado'),
	(165, 12, 50, 33, 34, 'asignado'),
	(166, 1, 52, 34, 35, 'asignado'),
	(167, 2, 52, 34, 35, 'asignado'),
	(168, 3, 52, 34, 35, 'asignado'),
	(169, 4, 52, 34, 35, 'asignado'),
	(170, 5, 52, 34, 35, 'asignado'),
	(171, 1, 53, 35, 36, 'asignado'),
	(172, 2, 53, 35, 36, 'asignado'),
	(173, 3, 53, 35, 36, 'asignado'),
	(174, 4, 53, 35, 36, 'asignado'),
	(175, 5, 53, 35, 36, 'asignado'),
	(176, 8, 52, 36, 37, 'asignado'),
	(177, 9, 52, 36, 37, 'asignado'),
	(178, 10, 52, 36, 37, 'asignado'),
	(179, 11, 52, 36, 37, 'asignado'),
	(180, 12, 52, 36, 37, 'asignado'),
	(181, 8, 53, 37, 38, 'asignado'),
	(182, 9, 53, 37, 38, 'asignado'),
	(183, 10, 53, 37, 38, 'asignado'),
	(184, 11, 53, 37, 38, 'asignado'),
	(185, 12, 53, 37, 38, 'asignado'),
	(186, 1, 14, 38, 39, 'asignado'),
	(187, 2, 14, 38, 39, 'asignado'),
	(188, 3, 14, 38, 39, 'asignado'),
	(189, 4, 14, 38, 39, 'asignado'),
	(190, 5, 14, 38, 39, 'asignado'),
	(191, 8, 14, 39, 40, 'asignado'),
	(192, 9, 14, 39, 40, 'asignado'),
	(193, 10, 14, 39, 40, 'asignado'),
	(194, 11, 14, 39, 40, 'asignado'),
	(195, 12, 14, 39, 40, 'asignado'),
	(196, 1, 13, 40, 41, 'asignado'),
	(197, 2, 13, 40, 41, 'asignado'),
	(198, 3, 13, 40, 41, 'asignado'),
	(199, 4, 13, 40, 41, 'asignado'),
	(200, 5, 13, 40, 41, 'asignado'),
	(201, 8, 13, 41, 42, 'asignado'),
	(202, 9, 13, 41, 42, 'asignado'),
	(203, 10, 13, 41, 42, 'asignado'),
	(204, 11, 13, 41, 42, 'asignado'),
	(205, 12, 13, 41, 42, 'asignado'),
	(206, 1, 18, 42, 43, 'asignado'),
	(207, 2, 18, 42, 43, 'asignado'),
	(208, 3, 18, 42, 43, 'asignado'),
	(209, 4, 18, 42, 43, 'asignado'),
	(210, 5, 18, 42, 43, 'asignado'),
	(211, 8, 18, 43, 44, 'asignado'),
	(212, 9, 18, 43, 44, 'asignado'),
	(213, 10, 18, 43, 44, 'asignado'),
	(214, 11, 18, 43, 44, 'asignado'),
	(215, 12, 18, 43, 44, 'asignado'),
	(216, 1, 61, 44, 45, 'asignado'),
	(217, 2, 61, 44, 45, 'asignado'),
	(218, 3, 61, 44, 45, 'asignado'),
	(219, 4, 61, 44, 45, 'asignado'),
	(220, 5, 61, 44, 45, 'asignado'),
	(221, 1, 62, 45, 46, 'asignado'),
	(222, 2, 62, 45, 46, 'asignado'),
	(223, 3, 62, 45, 46, 'asignado'),
	(224, 4, 62, 45, 46, 'asignado'),
	(225, 5, 62, 45, 46, 'asignado'),
	(226, 8, 61, 46, 47, 'asignado'),
	(227, 9, 61, 46, 47, 'asignado'),
	(228, 10, 61, 46, 47, 'asignado'),
	(229, 11, 61, 46, 47, 'asignado'),
	(230, 12, 61, 46, 47, 'asignado'),
	(231, 8, 62, 47, 48, 'asignado'),
	(232, 9, 62, 47, 48, 'asignado'),
	(233, 10, 62, 47, 48, 'asignado'),
	(234, 11, 62, 47, 48, 'asignado'),
	(235, 12, 62, 47, 48, 'asignado'),
	(236, 1, 64, 48, 49, 'asignado'),
	(237, 2, 64, 48, 49, 'asignado'),
	(238, 3, 64, 48, 49, 'asignado'),
	(239, 4, 64, 48, 49, 'asignado'),
	(240, 5, 64, 48, 49, 'asignado'),
	(241, 1, 65, 49, 50, 'asignado'),
	(242, 2, 65, 49, 50, 'asignado'),
	(243, 3, 65, 49, 50, 'asignado'),
	(244, 4, 65, 49, 50, 'asignado'),
	(245, 5, 65, 49, 50, 'asignado'),
	(246, 8, 64, 50, 51, 'asignado'),
	(247, 9, 64, 50, 51, 'asignado'),
	(248, 10, 64, 50, 51, 'asignado'),
	(249, 11, 64, 50, 51, 'asignado'),
	(250, 12, 64, 50, 51, 'asignado'),
	(251, 8, 65, 51, 52, 'asignado'),
	(252, 9, 65, 51, 52, 'asignado'),
	(253, 10, 65, 51, 52, 'asignado'),
	(254, 11, 65, 51, 52, 'asignado'),
	(255, 12, 65, 51, 52, 'asignado'),
	(256, 1, 79, 52, 53, 'asignado'),
	(257, 2, 79, 52, 53, 'asignado'),
	(258, 3, 79, 52, 53, 'asignado'),
	(259, 4, 79, 52, 53, 'asignado'),
	(260, 5, 79, 52, 53, 'asignado'),
	(261, 1, 80, 53, 54, 'asignado'),
	(262, 2, 80, 53, 54, 'asignado'),
	(263, 3, 80, 53, 54, 'asignado'),
	(264, 4, 80, 53, 54, 'asignado'),
	(265, 5, 80, 53, 54, 'asignado'),
	(266, 8, 79, 54, 55, 'asignado'),
	(267, 9, 79, 54, 55, 'asignado'),
	(268, 10, 79, 54, 55, 'asignado'),
	(269, 11, 79, 54, 55, 'asignado'),
	(270, 12, 79, 54, 55, 'asignado'),
	(271, 8, 80, 55, 56, 'asignado'),
	(272, 9, 80, 55, 56, 'asignado'),
	(273, 10, 80, 55, 56, 'asignado'),
	(274, 11, 80, 55, 56, 'asignado'),
	(275, 12, 80, 55, 56, 'asignado'),
	(276, 1, 131, 56, 57, 'asignado'),
	(277, 2, 131, 56, 57, 'asignado'),
	(278, 3, 131, 56, 57, 'asignado'),
	(279, 4, 131, 56, 57, 'asignado'),
	(280, 5, 131, 56, 57, 'asignado'),
	(281, 1, 173, 57, 58, 'asignado'),
	(282, 2, 173, 57, 58, 'asignado'),
	(283, 3, 173, 57, 58, 'asignado'),
	(284, 4, 173, 57, 58, 'asignado'),
	(285, 5, 173, 57, 58, 'asignado'),
	(286, 8, 131, 58, 59, 'asignado'),
	(287, 9, 131, 58, 59, 'asignado'),
	(288, 10, 131, 58, 59, 'asignado'),
	(289, 11, 131, 58, 59, 'asignado'),
	(290, 12, 131, 58, 59, 'asignado'),
	(291, 8, 173, 59, 60, 'asignado'),
	(292, 9, 173, 59, 60, 'asignado'),
	(293, 10, 173, 59, 60, 'asignado'),
	(294, 11, 173, 59, 60, 'asignado'),
	(295, 12, 173, 59, 60, 'asignado'),
	(296, 1, 130, 60, 61, 'asignado'),
	(297, 2, 130, 60, 61, 'asignado'),
	(298, 3, 130, 60, 61, 'asignado'),
	(299, 4, 130, 60, 61, 'asignado'),
	(300, 5, 130, 60, 61, 'asignado'),
	(301, 1, 174, 61, 62, 'asignado'),
	(302, 2, 174, 61, 62, 'asignado'),
	(303, 3, 174, 61, 62, 'asignado'),
	(304, 4, 174, 61, 62, 'asignado'),
	(305, 5, 174, 61, 62, 'asignado'),
	(306, 8, 130, 62, 63, 'asignado'),
	(307, 9, 130, 62, 63, 'asignado'),
	(308, 10, 130, 62, 63, 'asignado'),
	(309, 11, 130, 62, 63, 'asignado'),
	(310, 12, 130, 62, 63, 'asignado'),
	(311, 8, 174, 63, 64, 'asignado'),
	(312, 9, 174, 63, 64, 'asignado'),
	(313, 10, 174, 63, 64, 'asignado'),
	(314, 11, 174, 63, 64, 'asignado'),
	(315, 12, 174, 63, 64, 'asignado'),
	(316, 1, 76, 64, 65, 'asignado'),
	(317, 2, 76, 64, 65, 'asignado'),
	(318, 3, 76, 64, 65, 'asignado'),
	(319, 4, 76, 64, 65, 'asignado'),
	(320, 5, 76, 64, 65, 'asignado'),
	(321, 1, 175, 65, 66, 'asignado'),
	(322, 2, 175, 65, 66, 'asignado'),
	(323, 3, 175, 65, 66, 'asignado'),
	(324, 4, 175, 65, 66, 'asignado'),
	(325, 5, 175, 65, 66, 'asignado'),
	(326, 1, 77, 66, 67, 'asignado'),
	(327, 2, 77, 66, 67, 'asignado'),
	(328, 3, 77, 66, 67, 'asignado'),
	(329, 4, 77, 66, 67, 'asignado'),
	(330, 5, 77, 66, 67, 'asignado'),
	(331, 8, 76, 67, 68, 'asignado'),
	(332, 9, 76, 67, 68, 'asignado'),
	(333, 10, 76, 67, 68, 'asignado'),
	(334, 11, 76, 67, 68, 'asignado'),
	(335, 12, 76, 67, 68, 'asignado'),
	(336, 8, 77, 68, 69, 'asignado'),
	(337, 9, 77, 68, 69, 'asignado'),
	(338, 10, 77, 68, 69, 'asignado'),
	(339, 11, 77, 68, 69, 'asignado'),
	(340, 12, 77, 68, 69, 'asignado'),
	(341, 1, 176, 69, 70, 'asignado'),
	(342, 2, 176, 69, 70, 'asignado'),
	(343, 3, 176, 69, 70, 'asignado'),
	(344, 4, 176, 69, 70, 'asignado'),
	(345, 5, 176, 69, 70, 'asignado'),
	(346, 1, 70, 70, 71, 'asignado'),
	(347, 2, 70, 70, 71, 'asignado'),
	(348, 3, 70, 70, 71, 'asignado'),
	(349, 4, 70, 70, 71, 'asignado'),
	(350, 5, 70, 70, 71, 'asignado'),
	(351, 8, 175, 71, 72, 'asignado'),
	(352, 9, 175, 71, 72, 'asignado'),
	(353, 10, 175, 71, 72, 'asignado'),
	(354, 11, 175, 71, 72, 'asignado'),
	(355, 12, 175, 71, 72, 'asignado'),
	(361, 8, 70, 74, 75, 'asignado'),
	(362, 9, 70, 74, 75, 'asignado'),
	(363, 10, 70, 74, 75, 'asignado'),
	(364, 11, 70, 74, 75, 'asignado'),
	(365, 12, 70, 74, 75, 'asignado'),
	(366, 8, 176, 73, 74, 'asignado'),
	(367, 9, 176, 73, 74, 'asignado'),
	(368, 10, 176, 73, 74, 'asignado'),
	(369, 11, 176, 73, 74, 'asignado'),
	(370, 12, 176, 73, 74, 'asignado'),
	(371, 1, 71, 72, 73, 'asignado'),
	(372, 2, 71, 72, 73, 'asignado'),
	(373, 3, 71, 72, 73, 'asignado'),
	(374, 4, 71, 72, 73, 'asignado'),
	(375, 5, 71, 72, 73, 'asignado'),
	(376, 8, 71, 75, 76, 'asignado'),
	(377, 9, 71, 75, 76, 'asignado'),
	(378, 10, 71, 75, 76, 'asignado'),
	(379, 11, 71, 75, 76, 'asignado'),
	(380, 12, 71, 75, 76, 'asignado'),
	(381, 1, 82, 76, 77, 'asignado'),
	(382, 2, 82, 76, 77, 'asignado'),
	(383, 3, 82, 76, 77, 'asignado'),
	(384, 4, 82, 76, 77, 'asignado'),
	(385, 5, 82, 76, 77, 'asignado'),
	(386, 1, 83, 77, 78, 'asignado'),
	(387, 2, 83, 77, 78, 'asignado'),
	(388, 3, 83, 77, 78, 'asignado'),
	(389, 4, 83, 77, 78, 'asignado'),
	(390, 5, 83, 77, 78, 'asignado'),
	(391, 8, 82, 78, 79, 'asignado'),
	(392, 9, 82, 78, 79, 'asignado'),
	(393, 10, 82, 78, 79, 'asignado'),
	(394, 11, 82, 78, 79, 'asignado'),
	(395, 12, 82, 78, 79, 'asignado'),
	(396, 8, 83, 79, 80, 'asignado'),
	(397, 9, 83, 79, 80, 'asignado'),
	(398, 10, 83, 79, 80, 'asignado'),
	(399, 11, 83, 79, 80, 'asignado'),
	(400, 12, 83, 79, 80, 'asignado'),
	(401, 1, 177, 80, 81, 'asignado'),
	(402, 2, 177, 80, 81, 'asignado'),
	(403, 3, 177, 80, 81, 'asignado'),
	(404, 4, 177, 80, 81, 'asignado'),
	(405, 5, 177, 80, 81, 'asignado'),
	(406, 1, 178, 81, 82, 'asignado'),
	(407, 2, 178, 81, 82, 'asignado'),
	(408, 3, 178, 81, 82, 'asignado'),
	(409, 4, 178, 81, 82, 'asignado'),
	(410, 5, 178, 81, 82, 'asignado'),
	(411, 8, 177, 82, 83, 'asignado'),
	(412, 9, 177, 82, 83, 'asignado'),
	(413, 10, 177, 82, 83, 'asignado'),
	(414, 11, 177, 82, 83, 'asignado'),
	(415, 12, 177, 82, 83, 'asignado'),
	(416, 8, 178, 83, 84, 'asignado'),
	(417, 9, 178, 83, 84, 'asignado'),
	(418, 10, 178, 83, 84, 'asignado'),
	(419, 11, 178, 83, 84, 'asignado'),
	(420, 12, 178, 83, 84, 'asignado'),
	(421, 1, 179, 84, 85, 'asignado'),
	(422, 2, 179, 84, 85, 'asignado'),
	(423, 3, 179, 84, 85, 'asignado'),
	(424, 4, 179, 84, 85, 'asignado'),
	(425, 5, 179, 84, 85, 'asignado'),
	(426, 1, 180, 85, 86, 'asignado'),
	(427, 2, 180, 85, 86, 'asignado'),
	(428, 3, 180, 85, 86, 'asignado'),
	(429, 4, 180, 85, 86, 'asignado'),
	(430, 5, 180, 85, 86, 'asignado'),
	(431, 8, 179, 86, 87, 'asignado'),
	(432, 9, 179, 86, 87, 'asignado'),
	(433, 10, 179, 86, 87, 'asignado'),
	(434, 11, 179, 86, 87, 'asignado'),
	(435, 12, 179, 86, 87, 'asignado'),
	(436, 8, 180, 87, 88, 'asignado'),
	(437, 9, 180, 87, 88, 'asignado'),
	(438, 10, 180, 87, 88, 'asignado'),
	(439, 11, 180, 87, 88, 'asignado'),
	(440, 12, 180, 87, 88, 'asignado'),
	(441, 1, 181, 88, 89, 'asignado'),
	(442, 2, 181, 88, 89, 'asignado'),
	(443, 3, 181, 88, 89, 'asignado'),
	(444, 4, 181, 88, 89, 'asignado'),
	(445, 5, 181, 88, 89, 'asignado'),
	(446, 1, 182, 89, 90, 'asignado'),
	(447, 2, 182, 89, 90, 'asignado'),
	(448, 3, 182, 89, 90, 'asignado'),
	(449, 4, 182, 89, 90, 'asignado'),
	(450, 5, 182, 89, 90, 'asignado'),
	(451, 8, 181, 90, 91, 'asignado'),
	(452, 9, 181, 90, 91, 'asignado'),
	(453, 10, 181, 90, 91, 'asignado'),
	(454, 11, 181, 90, 91, 'asignado'),
	(455, 12, 181, 90, 91, 'asignado'),
	(456, 8, 182, 91, 92, 'asignado'),
	(457, 9, 182, 91, 92, 'asignado'),
	(458, 10, 182, 91, 92, 'asignado'),
	(459, 11, 182, 91, 92, 'asignado'),
	(460, 12, 182, 91, 92, 'asignado'),
	(461, 1, 118, 92, 93, 'asignado'),
	(462, 2, 118, 92, 93, 'asignado'),
	(463, 3, 118, 92, 93, 'asignado'),
	(464, 4, 118, 92, 93, 'asignado'),
	(465, 5, 118, 92, 93, 'asignado'),
	(466, 1, 119, 93, 94, 'asignado'),
	(467, 2, 119, 93, 94, 'asignado'),
	(468, 3, 119, 93, 94, 'asignado'),
	(469, 4, 119, 93, 94, 'asignado'),
	(470, 5, 119, 93, 94, 'asignado'),
	(471, 8, 118, 94, 95, 'asignado'),
	(472, 9, 118, 94, 95, 'asignado'),
	(473, 10, 118, 94, 95, 'asignado'),
	(474, 11, 118, 94, 95, 'asignado'),
	(475, 12, 118, 94, 95, 'asignado'),
	(476, 8, 119, 95, 96, 'asignado'),
	(477, 9, 119, 95, 96, 'asignado'),
	(478, 10, 119, 95, 96, 'asignado'),
	(479, 11, 119, 95, 96, 'asignado'),
	(480, 12, 119, 95, 96, 'asignado'),
	(481, 1, 183, 209, 98, 'asignado'),
	(482, 2, 183, 209, 98, 'asignado'),
	(483, 3, 183, 209, 98, 'asignado'),
	(484, 4, 183, 209, 98, 'asignado'),
	(485, 5, 183, 209, 98, 'asignado'),
	(486, 1, 184, 208, 99, 'asignado'),
	(487, 2, 184, 208, 99, 'asignado'),
	(488, 3, 184, 208, 99, 'asignado'),
	(489, 4, 184, 208, 99, 'asignado'),
	(490, 5, 184, 208, 99, 'asignado'),
	(491, 6, 184, 208, 99, 'asignado'),
	(492, 7, 184, 208, 99, 'asignado'),
	(493, 1, 184, 207, 100, 'asignado'),
	(494, 2, 184, 207, 100, 'asignado'),
	(495, 3, 184, 207, 100, 'asignado'),
	(496, 4, 184, 207, 100, 'asignado'),
	(497, 5, 184, 207, 100, 'asignado'),
	(498, 6, 184, 207, 100, 'asignado'),
	(499, 7, 184, 207, 100, 'asignado'),
	(500, 1, 184, 206, 101, 'asignado'),
	(501, 2, 184, 206, 101, 'asignado'),
	(502, 3, 184, 206, 101, 'asignado'),
	(503, 4, 184, 206, 101, 'asignado'),
	(504, 5, 184, 206, 101, 'asignado'),
	(505, 6, 184, 206, 101, 'asignado'),
	(506, 7, 184, 206, 101, 'asignado'),
	(507, 8, 184, 205, 102, 'asignado'),
	(508, 9, 184, 205, 102, 'asignado'),
	(510, 10, 184, 205, 102, 'asignado'),
	(511, 11, 184, 205, 102, 'asignado'),
	(512, 12, 184, 205, 102, 'asignado'),
	(513, 13, 184, 205, 102, 'asignado'),
	(514, 14, 184, 205, 102, 'asignado'),
	(515, 15, 184, 204, 103, 'asignado'),
	(516, 16, 184, 204, 103, 'asignado'),
	(517, 17, 184, 204, 103, 'asignado'),
	(518, 18, 184, 204, 103, 'asignado'),
	(519, 19, 184, 204, 103, 'asignado'),
	(520, 20, 184, 204, 103, 'asignado'),
	(521, 21, 184, 204, 103, 'asignado'),
	(522, 1, 184, 203, 104, 'asignado'),
	(523, 2, 184, 203, 104, 'asignado'),
	(524, 3, 184, 203, 104, 'asignado'),
	(525, 4, 184, 203, 104, 'asignado'),
	(526, 5, 184, 203, 104, 'asignado'),
	(527, 6, 184, 203, 104, 'asignado'),
	(528, 7, 184, 203, 104, 'asignado'),
	(529, 1, 215, 210, 105, 'asignado'),
	(530, 2, 215, 210, 105, 'asignado'),
	(531, 3, 215, 210, 105, 'asignado'),
	(532, 4, 215, 210, 105, 'asignado'),
	(533, 5, 215, 210, 105, 'asignado'),
	(534, 6, 215, 210, 105, 'asignado'),
	(535, 7, 215, 210, 105, 'asignado'),
	(536, 1, 215, 1, 109, 'asignado'),
	(537, 2, 215, 1, 109, 'asignado'),
	(538, 3, 215, 1, 109, 'asignado');

-- Volcando estructura para tabla hospitalbd.hospital_personal_usuariorolprofesionalasignado
CREATE TABLE IF NOT EXISTS `hospital_personal_usuariorolprofesionalasignado` (
  `id` bigint NOT NULL AUTO_INCREMENT,
  `rol_profesional_id` bigint NOT NULL,
  `usuario_id` bigint NOT NULL,
  PRIMARY KEY (`id`),
  UNIQUE KEY `unique_usuario_rol_profesional` (`usuario_id`,`rol_profesional_id`),
  KEY `hospital_personal_us_rol_profesional_id_517d9402_fk_controlUs` (`rol_profesional_id`),
  CONSTRAINT `hospital_personal_us_rol_profesional_id_517d9402_fk_controlUs` FOREIGN KEY (`rol_profesional_id`) REFERENCES `controlusuario_rolesprofesionales` (`id`),
  CONSTRAINT `hospital_personal_us_usuario_id_7f151ac8_fk_controlUs` FOREIGN KEY (`usuario_id`) REFERENCES `controlusuario_usuario` (`id`)
) ENGINE=InnoDB AUTO_INCREMENT=110 DEFAULT CHARSET=utf8mb4 COLLATE=utf8mb4_general_ci;

-- Volcando datos para la tabla hospitalbd.hospital_personal_usuariorolprofesionalasignado: ~94 rows (aproximadamente)
INSERT INTO `hospital_personal_usuariorolprofesionalasignado` (`id`, `rol_profesional_id`, `usuario_id`) VALUES
	(109, 102, 1),
	(11, 1, 2),
	(2, 54, 3),
	(3, 1, 4),
	(4, 1, 5),
	(5, 1, 6),
	(6, 1, 7),
	(7, 1, 8),
	(8, 4, 9),
	(10, 81, 10),
	(12, 4, 11),
	(13, 4, 12),
	(14, 4, 13),
	(15, 4, 14),
	(16, 4, 15),
	(17, 4, 16),
	(18, 4, 17),
	(19, 6, 18),
	(20, 6, 19),
	(21, 6, 20),
	(22, 6, 21),
	(23, 6, 22),
	(24, 6, 23),
	(25, 6, 24),
	(26, 6, 25),
	(27, 12, 26),
	(28, 12, 27),
	(29, 12, 28),
	(30, 12, 29),
	(31, 15, 30),
	(32, 15, 31),
	(33, 15, 32),
	(34, 15, 33),
	(35, 16, 34),
	(36, 16, 35),
	(37, 16, 36),
	(38, 16, 37),
	(39, 18, 38),
	(40, 18, 39),
	(41, 19, 40),
	(42, 19, 41),
	(43, 20, 42),
	(44, 20, 43),
	(45, 24, 44),
	(46, 24, 45),
	(47, 24, 46),
	(48, 24, 47),
	(49, 25, 48),
	(50, 25, 49),
	(51, 25, 50),
	(52, 25, 51),
	(53, 26, 52),
	(54, 26, 53),
	(55, 26, 54),
	(56, 26, 55),
	(57, 27, 56),
	(58, 27, 57),
	(59, 27, 58),
	(60, 27, 59),
	(61, 28, 60),
	(62, 28, 61),
	(63, 28, 62),
	(64, 28, 63),
	(65, 30, 64),
	(66, 29, 65),
	(67, 30, 66),
	(68, 30, 67),
	(69, 30, 68),
	(70, 29, 69),
	(71, 31, 70),
	(72, 29, 71),
	(73, 31, 72),
	(74, 29, 73),
	(75, 31, 74),
	(76, 31, 75),
	(77, 32, 76),
	(78, 32, 77),
	(79, 32, 78),
	(80, 32, 79),
	(81, 33, 80),
	(82, 33, 81),
	(83, 33, 82),
	(84, 33, 83),
	(85, 34, 84),
	(86, 34, 85),
	(87, 34, 86),
	(88, 34, 87),
	(89, 35, 88),
	(90, 35, 89),
	(91, 35, 90),
	(92, 35, 91),
	(93, 37, 92),
	(94, 37, 93),
	(95, 37, 94),
	(96, 37, 95),
	(104, 101, 203),
	(103, 101, 204),
	(102, 101, 205),
	(101, 101, 206),
	(100, 2, 207),
	(99, 2, 208),
	(98, 85, 209),
	(105, 103, 210);

/*!40103 SET TIME_ZONE=IFNULL(@OLD_TIME_ZONE, 'system') */;
/*!40101 SET SQL_MODE=IFNULL(@OLD_SQL_MODE, '') */;
/*!40014 SET FOREIGN_KEY_CHECKS=IFNULL(@OLD_FOREIGN_KEY_CHECKS, 1) */;
/*!40101 SET CHARACTER_SET_CLIENT=@OLD_CHARACTER_SET_CLIENT */;
/*!40111 SET SQL_NOTES=IFNULL(@OLD_SQL_NOTES, 1) */;
